technique,year_start,year_end,num_groups,groups
Malicious File,2018,2020,50,"TA505, APT-C-36, Mofang, APT19, Molerats, APT29, PROMETHIUM, Elderwood, FIN7, Gorgon Group, Inception, RTM, DarkHydrus, TA459, Machete, admin@338, Naikon, APT37, OilRig, Gallmaker, Gamaredon Group, MuddyWater, Patchwork, Silence, Wizard Spider, Darkhotel, Tropic Trooper, Kimsuky, PLATINUM, Dark Caracal, Rancor, Cobalt Group, APT39, APT12, BRONZE BUTLER, The White Company, Sandworm Team, FIN8, APT30, Lazarus Group, APT28, Windshift, menuPass, Whitefly, FIN6, APT32, FIN4, Leviathan, APT33, BlackTech"
Spearphishing Attachment,2018,2020,49,"FIN4, Silence, Darkhotel, DarkHydrus, Lazarus Group, Patchwork, RTM, Tropic Trooper, Kimsuky, Molerats, APT12, Cobalt Group, PLATINUM, APT30, Mofang, Machete, Inception, APT19, MuddyWater, FIN8, Sandworm Team, OilRig, Gallmaker, admin@338, FIN7, TA459, Gamaredon Group, The White Company, Elderwood, menuPass, Gorgon Group, APT37, APT39, APT32, Leviathan, APT1, APT41, APT33, FIN6, BlackTech, Rancor, Wizard Spider, APT-C-36, TA505, APT28, BRONZE BUTLER, APT29, Naikon, Windshift"
Malicious File,2019,2021,45,"TA505, APT-C-36, Mofang, Molerats, Magic Hound, PROMETHIUM, Sidewinder, APT38, Inception, RTM, Ferocious Kitten, Machete, admin@338, Higaisa, Naikon, Gallmaker, Mustang Panda, Dragonfly, Gamaredon Group, Threat Group-3390, Silence, IndigoZebra, Wizard Spider, Darkhotel, Tropic Trooper, Kimsuky, TA551, Nomadic Octopus, Transparent Tribe, APT39, APT12, Tonto Team, The White Company, Andariel, Sandworm Team, APT30, Windshift, Ajax Security Team, Whitefly, FIN6, Indrik Spider, FIN4, Confucius, APT33, BlackTech"
Spearphishing Attachment,2019,2021,44,"FIN4, Silence, Darkhotel, Andariel, RTM, Tropic Trooper, Kimsuky, Molerats, APT12, APT30, Dragonfly, Mofang, Sidewinder, Machete, Inception, Tonto Team, APT38, Sandworm Team, Transparent Tribe, LazyScripter, Gallmaker, admin@338, Threat Group-3390, Higaisa, Gamaredon Group, The White Company, APT39, Nomadic Octopus, TA551, APT1, APT41, APT33, FIN6, Confucius, BlackTech, Wizard Spider, Mustang Panda, Ferocious Kitten, APT-C-36, TA505, IndigoZebra, Ajax Security Team, Naikon, Windshift"
Malicious File,2020,2022,43,"APT-C-36, Mofang, Molerats, Magic Hound, PROMETHIUM, Sidewinder, EXOTIC LILY, APT38, Inception, RTM, Ferocious Kitten, LazyScripter, Higaisa, Naikon, Mustang Panda, Dragonfly, Gamaredon Group, WIRTE, Earth Lusca, BITTER, Threat Group-3390, IndigoZebra, Wizard Spider, Tropic Trooper, Aoqin Dragon, Kimsuky, TA551, Nomadic Octopus, Transparent Tribe, Tonto Team, Andariel, Sandworm Team, APT30, Windshift, Ajax Security Team, Whitefly, FIN6, Indrik Spider, SideCopy, HEXANE, Confucius, APT33, BlackTech"
Ingress Tool Transfer,2020,2022,40,"APT41, Evilnum, HEXANE, Andariel, Nomadic Octopus, Dragonfly, Fox Kitten, Windshift, Winnti Group, APT29, ZIRCONIUM, Aquatic Panda, IndigoZebra, Tonto Team, BackdoorDiplomacy, Rocke, Kimsuky, HAFNIUM, Chimera, APT39, Moses Staff, Indrik Spider, TA551, Molerats, Ke3chang, APT-C-36, Ajax Security Team, SideCopy, LazyScripter, Silence, Confucius, Tropic Trooper, Volatile Cedar, Sandworm Team, Mustang Panda, Whitefly, Sidewinder, Darkhotel, BITTER, TeamTNT"
Ingress Tool Transfer,2019,2021,39,"APT41, Evilnum, APT33, APT38, Andariel, Nomadic Octopus, GALLIUM, Dragonfly, Fox Kitten, Windshift, APT29, ZIRCONIUM, IndigoZebra, Tonto Team, BackdoorDiplomacy, Rocke, Kimsuky, HAFNIUM, Chimera, MuddyWater, APT39, Indrik Spider, TA551, Molerats, APT-C-36, Ajax Security Team, WIRTE, Silence, Confucius, Tropic Trooper, Volatile Cedar, Sandworm Team, APT18, TA505, Mustang Panda, Whitefly, Sidewinder, Darkhotel, TeamTNT"
Ingress Tool Transfer,2021,2023,35,"Evilnum, HEXANE, Metador, TA2541, Andariel, Nomadic Octopus, Cinnamon Tempest, Dragonfly, Wizard Spider, Windshift, Winnti Group, APT29, ZIRCONIUM, Aquatic Panda, IndigoZebra, Tonto Team, BackdoorDiplomacy, HAFNIUM, Moses Staff, Indrik Spider, Mustard Tempest, TA551, Ke3chang, Ajax Security Team, SideCopy, LazyScripter, Confucius, Volatile Cedar, FIN13, Mustang Panda, Sidewinder, Darkhotel, BITTER, LuminousMoth, TeamTNT"
Spearphishing Attachment,2020,2022,35,"Andariel, WIRTE, RTM, Molerats, APT30, Dragonfly, Mofang, Sidewinder, BITTER, Inception, Tonto Team, APT38, Sandworm Team, Transparent Tribe, LazyScripter, Threat Group-3390, Higaisa, Gamaredon Group, Nomadic Octopus, SideCopy, TA551, APT1, APT33, FIN6, Confucius, BlackTech, Wizard Spider, Mustang Panda, Ferocious Kitten, APT-C-36, EXOTIC LILY, IndigoZebra, Ajax Security Team, Naikon, Windshift"
PowerShell,2017,2019,34,"APT32, APT19, Leviathan, BRONZE BUTLER, FIN10, Cobalt Group, DarkHydrus, Patchwork, CopyKittens, APT33, Thrip, OilRig, Magic Hound, FIN8, TA459, Threat Group-3390, MuddyWater, APT29, menuPass, FIN7, FIN6, TA505, APT3, Kimsuky, Gallmaker, GALLIUM, Gorgon Group, WIRTE, Turla, APT28, APT41, Deep Panda, Stealth Falcon, Poseidon Group"
Ingress Tool Transfer,2018,2020,33,"APT41, OilRig, APT33, Leviathan, APT32, APT38, GALLIUM, Fox Kitten, Turla, APT3, BRONZE BUTLER, APT37, Rocke, Kimsuky, Elderwood, Chimera, MuddyWater, PLATINUM, APT39, Molerats, Cobalt Group, APT-C-36, Rancor, Gorgon Group, WIRTE, FIN8, Silence, Tropic Trooper, Sandworm Team, APT18, TA505, Whitefly, Magic Hound"
Malicious Link,2020,2022,33,"FIN7, Windshift, LazyScripter, OilRig, Kimsuky, Machete, Sidewinder, TA505, APT3, Mustang Panda, Sandworm Team, APT39, MuddyWater, Cobalt Group, Elderwood, APT32, EXOTIC LILY, APT29, FIN8, Leviathan, Molerats, Transparent Tribe, Magic Hound, Mofang, Wizard Spider, FIN4, APT28, Confucius, BlackTech, Evilnum, ZIRCONIUM, Earth Lusca, Patchwork"
PowerShell,2018,2020,33,"Silence, APT19, Leviathan, BRONZE BUTLER, DarkVishnya, Cobalt Group, DarkHydrus, Sandworm Team, CopyKittens, APT33, Thrip, OilRig, Magic Hound, FIN8, TA459, Wizard Spider, MuddyWater, Fox Kitten, Molerats, Inception, GOLD SOUTHFIELD, TA505, Kimsuky, Chimera, Gallmaker, GALLIUM, APT39, Gorgon Group, WIRTE, Turla, APT28, APT41, Blue Mockingbird"
Match Legitimate Resource Name or Location,2020,2022,31,"Gamaredon Group, Sandworm Team, PROMETHIUM, APT29, WIRTE, Kimsuky, TeamTNT, Darkhotel, Lazarus Group, SideCopy, Blue Mockingbird, APT39, Transparent Tribe, BackdoorDiplomacy, Ferocious Kitten, Whitefly, Tropic Trooper, Machete, Indrik Spider, Earth Lusca, FIN7, Sidewinder, Fox Kitten, Naikon, Ke3chang, APT28, Chimera, Silence, Rocke, Magic Hound, Mustang Panda"
Web Protocols,2018,2020,30,"APT39, Ke3chang, Tropic Trooper, TA505, APT33, Rancor, SilverTerrier, APT37, APT41, Cobalt Group, Turla, WIRTE, Rocke, Dark Caracal, APT19, APT28, OilRig, Lazarus Group, Inception, Magic Hound, Orangeworm, FIN4, Wizard Spider, APT38, MuddyWater, APT32, BRONZE BUTLER, Sandworm Team, Threat Group-3390, APT18"
Windows Command Shell,2018,2020,30,"FIN6, BRONZE BUTLER, Gorgon Group, Tropic Trooper, APT37, Fox Kitten, APT41, Wizard Spider, FIN8, APT32, Darkhotel, MuddyWater, Cobalt Group, APT18, GALLIUM, Turla, Sowbug, Machete, FIN7, OilRig, Ke3chang, APT28, Dark Caracal, Silence, Magic Hound, Blue Mockingbird, APT38, Rancor, Lazarus Group, TA505"
Windows Command Shell,2019,2021,30,"FIN6, Tropic Trooper, Fox Kitten, APT41, Higaisa, Wizard Spider, ZIRCONIUM, Chimera, LazyScripter, Mustang Panda, APT32, Darkhotel, MuddyWater, Cobalt Group, APT18, GALLIUM, Turla, Machete, FIN7, Nomadic Octopus, OilRig, TeamTNT, Indrik Spider, Silence, TA551, Blue Mockingbird, APT38, Dragonfly, Lazarus Group, TA505"
PowerShell,2019,2021,29,"Silence, Indrik Spider, DarkVishnya, Confucius, Mustang Panda, HAFNIUM, Sandworm Team, APT33, Dragonfly, Sidewinder, Nomadic Octopus, LazyScripter, Wizard Spider, Fox Kitten, Molerats, Inception, GOLD SOUTHFIELD, TeamTNT, TA505, Kimsuky, Chimera, Gallmaker, GALLIUM, APT39, WIRTE, APT38, Tonto Team, APT41, Blue Mockingbird"
Visual Basic,2019,2021,29,"MuddyWater, APT37, WIRTE, Silence, Sandworm Team, FIN4, Turla, BRONZE BUTLER, Rancor, Machete, Patchwork, APT32, TA505, Gamaredon Group, APT33, Inception, APT-C-36, OilRig, Kimsuky, Molerats, Higaisa, Windshift, Transparent Tribe, Mustang Panda, FIN7, APT39, LazyScripter, Sidewinder, APT38"
Visual Basic,2020,2022,29,"MuddyWater, APT37, Lazarus Group, Confucius, Sandworm Team, BRONZE BUTLER, Rancor, Earth Lusca, Machete, Patchwork, APT32, Gamaredon Group, APT33, Inception, HEXANE, APT-C-36, OilRig, Kimsuky, Molerats, Higaisa, Windshift, Transparent Tribe, Mustang Panda, FIN7, APT39, LazyScripter, SideCopy, Sidewinder, APT38"
Windows Command Shell,2017,2019,29,"BRONZE BUTLER, Gorgon Group, APT37, APT41, Threat Group-3390, FIN8, Threat Group-1314, Patchwork, APT32, Darkhotel, MuddyWater, APT18, GALLIUM, Turla, Sowbug, admin@338, APT3, menuPass, FIN10, Suckfly, Ke3chang, APT28, Dark Caracal, Silence, Magic Hound, APT38, APT1, Rancor, Gamaredon Group"
Ingress Tool Transfer,2017,2019,28,"OilRig, APT33, Leviathan, Gamaredon Group, APT32, APT38, menuPass, GALLIUM, Turla, Threat Group-3390, APT3, BRONZE BUTLER, APT37, Elderwood, MuddyWater, PLATINUM, Cobalt Group, Patchwork, Rancor, Gorgon Group, WIRTE, FIN8, APT18, TA505, Magic Hound, APT28, FIN7, Lazarus Group"
Registry Run Keys / Startup Folder,2018,2020,28,"Gamaredon Group, Kimsuky, Magic Hound, BRONZE BUTLER, Gorgon Group, APT41, Wizard Spider, APT33, Threat Group-3390, APT3, Molerats, PROMETHIUM, Dark Caracal, MuddyWater, APT39, Cobalt Group, Rocke, APT32, Ke3chang, APT19, APT18, Tropic Trooper, Leviathan, Silence, APT37, Inception, RTM, Turla"
Domains,2020,2022,27,"TA505, Gamaredon Group, Magic Hound, Silent Librarian, APT32, Leviathan, Transparent Tribe, menuPass, BITTER, Ferocious Kitten, Mustang Panda, TeamTNT, Kimsuky, IndigoZebra, APT28, ZIRCONIUM, LazyScripter, SideCopy, Winnti Group, Dragonfly, HEXANE, Lazarus Group, Sandworm Team, APT1, EXOTIC LILY, Earth Lusca, FIN7"
Malicious File,2021,2023,27,"Magic Hound, CURIUM, Sidewinder, EXOTIC LILY, APT38, Ferocious Kitten, LazyScripter, Higaisa, Mustang Panda, Dragonfly, WIRTE, Earth Lusca, BITTER, Threat Group-3390, IndigoZebra, Aoqin Dragon, TA551, Nomadic Octopus, Transparent Tribe, Tonto Team, Andariel, Ajax Security Team, Indrik Spider, SideCopy, HEXANE, Confucius, TA2541"
PowerShell,2020,2022,27,"Silence, Indrik Spider, DarkVishnya, Confucius, Mustang Panda, HAFNIUM, Sandworm Team, Dragonfly, Sidewinder, Nomadic Octopus, LazyScripter, Wizard Spider, Fox Kitten, Molerats, Inception, GOLD SOUTHFIELD, Gamaredon Group, TeamTNT, Chimera, Aquatic Panda, APT39, HEXANE, Earth Lusca, APT38, Tonto Team, Blue Mockingbird, Lazarus Group"
Registry Run Keys / Startup Folder,2017,2019,27,"Patchwork, Kimsuky, Magic Hound, Lazarus Group, BRONZE BUTLER, Gorgon Group, APT41, APT33, FIN6, FIN7, Threat Group-3390, APT3, Darkhotel, Dark Caracal, MuddyWater, APT39, Cobalt Group, APT32, Ke3chang, APT19, APT18, Leviathan, Putter Panda, APT29, APT37, FIN10, Turla"
Registry Run Keys / Startup Folder,2019,2021,26,"Gamaredon Group, Kimsuky, Confucius, APT41, Wizard Spider, APT33, Dragonfly, Windshift, TeamTNT, Molerats, Naikon, PROMETHIUM, Sidewinder, ZIRCONIUM, APT28, APT39, Rocke, APT32, APT18, Tropic Trooper, LazyScripter, Mustang Panda, Silence, Inception, Higaisa, RTM"
Spearphishing Link,2019,2021,26,"APT32, Sandworm Team, Confucius, Mofang, Evilnum, Wizard Spider, Windshift, BlackTech, Machete, Transparent Tribe, APT39, MuddyWater, APT1, FIN4, Magic Hound, ZIRCONIUM, TA505, Dragonfly, Molerats, Kimsuky, Mustang Panda, Silent Librarian, FIN7, Sidewinder, LazyScripter, APT3"
Spearphishing Link,2020,2022,26,"APT32, Sandworm Team, Confucius, Mofang, Evilnum, Wizard Spider, Windshift, Earth Lusca, BlackTech, Transparent Tribe, Lazarus Group, MuddyWater, APT28, APT1, EXOTIC LILY, Magic Hound, ZIRCONIUM, Dragonfly, Molerats, Kimsuky, Mustang Panda, Silent Librarian, FIN7, Sidewinder, LazyScripter, APT3"
Visual Basic,2018,2020,26,"MuddyWater, Magic Hound, APT37, WIRTE, Silence, Sandworm Team, FIN4, Turla, BRONZE BUTLER, Rancor, Machete, Patchwork, Gorgon Group, Cobalt Group, APT32, TA505, Gamaredon Group, APT33, TA459, Inception, Leviathan, APT-C-36, Kimsuky, Molerats, FIN7, APT39"
Web Protocols,2019,2021,26,"APT39, Tropic Trooper, Confucius, TA505, APT33, SilverTerrier, APT41, Sidewinder, Windshift, HAFNIUM, WIRTE, Rocke, TeamTNT, APT28, Chimera, Inception, FIN8, FIN4, Wizard Spider, APT38, MuddyWater, TA551, Higaisa, Sandworm Team, Mustang Panda, APT18"
Match Legitimate Resource Name or Location,2019,2021,25,"Sandworm Team, PROMETHIUM, APT29, Darkhotel, Lazarus Group, Blue Mockingbird, APT39, Transparent Tribe, BackdoorDiplomacy, Ferocious Kitten, Whitefly, Tropic Trooper, Machete, Indrik Spider, FIN7, Sidewinder, Fox Kitten, Naikon, APT28, Chimera, Silence, Rocke, menuPass, Mustang Panda, APT41"
Domains,2021,2023,24,"TA505, Gamaredon Group, Magic Hound, Silent Librarian, Leviathan, Transparent Tribe, BITTER, Ferocious Kitten, Mustang Panda, TeamTNT, Kimsuky, IndigoZebra, ZIRCONIUM, Threat Group-3390, LazyScripter, SideCopy, TA2541, Winnti Group, Dragonfly, HEXANE, Lazarus Group, EXOTIC LILY, Earth Lusca, FIN7"
Match Legitimate Resource Name or Location,2021,2023,24,"Gamaredon Group, LuminousMoth, APT29, WIRTE, Kimsuky, TeamTNT, Darkhotel, Lazarus Group, Volt Typhoon, TA2541, SideCopy, FIN13, Transparent Tribe, BackdoorDiplomacy, Ferocious Kitten, Indrik Spider, Earth Lusca, FIN7, Sidewinder, Naikon, Ke3chang, APT28, Magic Hound, Mustang Panda"
Exploitation for Client Execution,2019,2021,23,"APT41, admin@338, Transparent Tribe, APT28, Higaisa, Darkhotel, MuddyWater, Andariel, APT32, Inception, The White Company, APT12, Confucius, Threat Group-3390, APT3, APT33, Tonto Team, BlackTech, Sidewinder, Sandworm Team, Tropic Trooper, Dragonfly, Mustang Panda"
Spearphishing Link,2018,2020,23,"FIN8, APT32, Sandworm Team, Mofang, Wizard Spider, Windshift, OilRig, Patchwork, Magic Hound, APT29, BlackTech, Machete, APT39, Leviathan, Elderwood, APT1, FIN4, TA505, Molerats, Kimsuky, Turla, APT33, Cobalt Group"
Web Protocols,2020,2022,23,"APT39, Tropic Trooper, Confucius, TA505, SilverTerrier, APT41, Sidewinder, Windshift, HAFNIUM, Rocke, TeamTNT, APT28, Chimera, Inception, FIN8, BITTER, Wizard Spider, Kimsuky, MuddyWater, TA551, Higaisa, Sandworm Team, Mustang Panda"
Windows Command Shell,2020,2022,23,"FIN6, Tropic Trooper, Fox Kitten, Higaisa, Wizard Spider, ZIRCONIUM, Chimera, LazyScripter, Kimsuky, Mustang Panda, Cobalt Group, Machete, FIN7, Nomadic Octopus, Aquatic Panda, OilRig, TeamTNT, Indrik Spider, TA551, Blue Mockingbird, Dragonfly, Lazarus Group, TA505"
Exploitation for Client Execution,2018,2020,22,"APT41, admin@338, APT28, Lazarus Group, MuddyWater, APT32, Elderwood, TA459, Patchwork, Inception, APT29, The White Company, APT12, APT37, Threat Group-3390, BRONZE BUTLER, APT33, Cobalt Group, BlackTech, Sandworm Team, Leviathan, Tropic Trooper"
File Deletion,2017,2019,22,"menuPass, BRONZE BUTLER, Cobalt Group, Threat Group-3390, Group5, Lazarus Group, Kimsuky, FIN8, OilRig, The White Company, APT32, Silence, FIN10, APT41, Magic Hound, Patchwork, APT29, APT28, APT38, FIN5, APT3, APT18"
Ingress Tool Transfer,2022,2024,22,"HEXANE, Metador, TA2541, Volt Typhoon, Cinnamon Tempest, Wizard Spider, Daggerfly, Winnti Group, Play, Aquatic Panda, Winter Vivern, INC Ransom, Moses Staff, Mustard Tempest, Ke3chang, SideCopy, LazyScripter, Moonstone Sleet, FIN13, BlackByte, BITTER, LuminousMoth"
PowerShell,2023,2025,22,"Medusa Group, UNC3886, CURIUM, Cinnamon Tempest, BlackByte, Scattered Spider, Volt Typhoon, MoustachedBouncer, APT42, Ember Bear, RedCurl, Saint Bear, Akira, APT5, FIN13, ToddyCat, Storm-0501, Storm-1811, Winter Vivern, Play, Daggerfly, TA2541"
Scheduled Task,2019,2021,22,"APT39, APT41, APT37, APT-C-36, BRONZE BUTLER, GALLIUM, Silence, Wizard Spider, APT33, Dragonfly, Naikon, Gamaredon Group, MuddyWater, Confucius, Molerats, Mustang Panda, Fox Kitten, Chimera, Machete, Higaisa, APT38, Blue Mockingbird"
Scheduled Task,2020,2022,22,"Magic Hound, APT37, APT-C-36, BRONZE BUTLER, Wizard Spider, HEXANE, Dragonfly, Naikon, Gamaredon Group, MuddyWater, Confucius, Molerats, Mustang Panda, Fox Kitten, Chimera, Kimsuky, Machete, BITTER, Higaisa, APT38, Blue Mockingbird, Lazarus Group"
Exploit Public-Facing Application,2020,2022,21,"BackdoorDiplomacy, APT41, APT39, Fox Kitten, Kimsuky, Ke3chang, menuPass, Volatile Cedar, MuddyWater, Dragonfly, Blue Mockingbird, Magic Hound, BlackTech, Moses Staff, APT29, Threat Group-3390, APT28, HAFNIUM, GOLD SOUTHFIELD, Rocke, Earth Lusca"
Exploit Public-Facing Application,2022,2024,21,"FIN7, Sea Turtle, Kimsuky, Ke3chang, MuddyWater, BlackByte, Volt Typhoon, Magic Hound, Play, Sandworm Team, APT5, Moses Staff, Winter Vivern, Threat Group-3390, FIN13, Agrius, ToddyCat, Ember Bear, INC Ransom, Cinnamon Tempest, Earth Lusca"
File Deletion,2018,2020,21,"Rocke, menuPass, Gamaredon Group, BRONZE BUTLER, Cobalt Group, Wizard Spider, Kimsuky, FIN6, FIN8, OilRig, The White Company, APT32, Tropic Trooper, Silence, APT41, Magic Hound, Patchwork, APT38, FIN5, APT3, Sandworm Team"
Match Legitimate Resource Name or Location,2022,2024,21,"Gamaredon Group, LuminousMoth, WIRTE, ToddyCat, Kimsuky, TeamTNT, Turla, Volt Typhoon, TA2541, SideCopy, FIN13, Earth Lusca, INC Ransom, Ember Bear, RedCurl, Aquatic Panda, Akira, Ke3chang, Magic Hound, Mustard Tempest, APT5"
PowerShell,2021,2023,21,"Indrik Spider, Cinnamon Tempest, Confucius, Mustang Panda, HAFNIUM, Volt Typhoon, MoustachedBouncer, Dragonfly, Sidewinder, Nomadic Octopus, LazyScripter, Gamaredon Group, TeamTNT, FIN13, Aquatic Panda, HEXANE, Earth Lusca, APT38, Tonto Team, Lazarus Group, TA2541"
PowerShell,2022,2024,21,"CURIUM, Cinnamon Tempest, BlackByte, Volt Typhoon, MoustachedBouncer, Ember Bear, RedCurl, Saint Bear, Akira, APT5, Gamaredon Group, FIN13, Aquatic Panda, ToddyCat, HEXANE, Earth Lusca, Winter Vivern, Play, Lazarus Group, Daggerfly, TA2541"
Spearphishing Attachment,2021,2023,21,"Andariel, WIRTE, Dragonfly, Sidewinder, BITTER, Tonto Team, APT38, Transparent Tribe, LazyScripter, Threat Group-3390, Higaisa, TA2541, Nomadic Octopus, SideCopy, TA551, Confucius, Mustang Panda, Ferocious Kitten, EXOTIC LILY, IndigoZebra, Ajax Security Team"
Upload Malware,2022,2024,21,"TA2541, Threat Group-3390, LuminousMoth, Saint Bear, OilRig, Star Blizzard, FIN7, TA505, Gamaredon Group, Moonstone Sleet, Mustang Panda, LazyScripter, BITTER, BlackByte, SideCopy, EXOTIC LILY, Sandworm Team, Kimsuky, HEXANE, Mustard Tempest, Earth Lusca"
Web Protocols,2017,2019,21,"Ke3chang, APT33, Rancor, APT37, Gamaredon Group, Cobalt Group, Turla, WIRTE, Stealth Falcon, Dark Caracal, APT19, OilRig, Lazarus Group, Magic Hound, Orangeworm, FIN4, APT38, APT32, BRONZE BUTLER, Threat Group-3390, APT18"
Domains,2022,2024,20,"Mustard Tempest, TA505, Gamaredon Group, CURIUM, BITTER, Kimsuky, Star Blizzard, Sea Turtle, Threat Group-3390, LazyScripter, SideCopy, TA2541, Winnti Group, OilRig, HEXANE, Moonstone Sleet, Winter Vivern, RedEcho, EXOTIC LILY, Earth Lusca"
File and Directory Discovery,2019,2021,20,"Dragonfly, Darkhotel, Windigo, Tropic Trooper, Fox Kitten, Chimera, APT41, MuddyWater, APT38, Gamaredon Group, Kimsuky, APT18, Sidewinder, menuPass, Confucius, APT39, Sandworm Team, Mustang Panda, APT32, Inception"
LSASS Memory,2018,2020,20,"Fox Kitten, Sandworm Team, GALLIUM, APT33, Threat Group-3390, FIN8, APT39, BRONZE BUTLER, OilRig, Kimsuky, Magic Hound, APT41, Leafminer, Leviathan, APT32, PLATINUM, Whitefly, Silence, Blue Mockingbird, MuddyWater"
Registry Run Keys / Startup Folder,2020,2022,20,"Gamaredon Group, Confucius, Wizard Spider, Dragonfly, Windshift, TeamTNT, Molerats, Naikon, PROMETHIUM, Sidewinder, ZIRCONIUM, APT28, Rocke, Tropic Trooper, LazyScripter, Mustang Panda, Silence, Inception, Higaisa, RTM"
Scheduled Task,2018,2020,20,"APT39, APT41, APT-C-36, BRONZE BUTLER, GALLIUM, Rancor, Silence, Wizard Spider, APT33, Patchwork, Gamaredon Group, OilRig, MuddyWater, Molerats, Cobalt Group, Fox Kitten, Chimera, Machete, FIN8, Blue Mockingbird"
Spearphishing Link,2021,2023,20,"Confucius, Evilnum, Earth Lusca, LuminousMoth, Mustang Panda, Transparent Tribe, Lazarus Group, TA2541, MuddyWater, APT28, EXOTIC LILY, Magic Hound, ZIRCONIUM, Dragonfly, Silent Librarian, Patchwork, FIN7, Sidewinder, LazyScripter, APT3"
Exploit Public-Facing Application,2023,2025,19,"Salt Typhoon, FIN7, Sea Turtle, UNC3886, BlackByte, Volt Typhoon, Medusa Group, Leviathan, Play, Sandworm Team, APT5, Winter Vivern, FIN13, Storm-0501, Agrius, ToddyCat, Ember Bear, INC Ransom, Cinnamon Tempest"
File and Directory Discovery,2020,2022,19,"Dragonfly, Aoqin Dragon, Darkhotel, Windigo, TeamTNT, Tropic Trooper, Fox Kitten, Chimera, APT41, APT38, Gamaredon Group, Sidewinder, menuPass, Confucius, APT39, Sandworm Team, Mustang Panda, Inception, Winnti Group"
Malicious Link,2018,2020,19,"Windshift, OilRig, Machete, TA505, Sandworm Team, APT39, Cobalt Group, Elderwood, APT33, APT32, FIN8, Leviathan, Molerats, Mofang, Wizard Spider, FIN4, Turla, BlackTech, Patchwork"
Malicious Link,2021,2023,19,"TA2541, FIN7, LazyScripter, Kimsuky, Sidewinder, APT3, Mustang Panda, MuddyWater, Mustard Tempest, LuminousMoth, EXOTIC LILY, APT29, Transparent Tribe, Magic Hound, APT28, Confucius, Evilnum, ZIRCONIUM, Earth Lusca"
PowerShell,2024,2026,19,"Medusa Group, UNC3886, CURIUM, BlackByte, Scattered Spider, APT42, VOID MANTICORE, Ember Bear, RedCurl, Saint Bear, Akira, APT5, ToddyCat, Storm-0501, Storm-1811, APT-C-36, Winter Vivern, Play, Daggerfly"
System Information Discovery,2023,2025,19,"APT42, Moonstone Sleet, Winter Vivern, Contagious Interview, TA2541, BlackByte, Medusa Group, Mustard Tempest, Scattered Spider, CURIUM, Daggerfly, APT41, Malteiro, FIN7, FIN13, RedCurl, Play, Storm-0501, FIN8"
Windows Command Shell,2023,2025,19,"Cinnamon Tempest, ToddyCat, Winter Vivern, Agrius, HAFNIUM, UNC3886, Volt Typhoon, TA577, Medusa Group, Saint Bear, INC Ransom, Storm-1811, Contagious Interview, BlackByte, APT5, Metador, RedCurl, FIN13, Play"
DLL,2020,2022,18,"Naikon, BackdoorDiplomacy, Higaisa, RTM, Chimera, Evilnum, Aquatic Panda, Lazarus Group, BlackTech, SideCopy, Sidewinder, Mustang Panda, Earth Lusca, Tonto Team, BRONZE BUTLER, MuddyWater, APT41, Whitefly"
Drive-by Compromise,2018,2020,18,"Windshift, PLATINUM, APT32, RTM, Leafminer, Dark Caracal, APT38, PROMETHIUM, BRONZE BUTLER, Patchwork, Elderwood, Threat Group-3390, Dragonfly, APT19, Lazarus Group, Darkhotel, Turla, APT37"
Encrypted/Encoded File,2017,2019,18,"APT28, Group5, menuPass, Leviathan, APT19, TA505, OilRig, APT33, APT18, Elderwood, APT32, Darkhotel, Tropic Trooper, Threat Group-3390, Lazarus Group, Putter Panda, Magic Hound, Dark Caracal"
Encrypted/Encoded File,2018,2020,18,"menuPass, Leviathan, APT19, TA505, OilRig, Inception, APT33, APT18, Elderwood, Fox Kitten, Mofang, Darkhotel, Tropic Trooper, Threat Group-3390, Magic Hound, Dark Caracal, Whitefly, Blue Mockingbird"
Exploitation for Client Execution,2020,2022,18,"Aoqin Dragon, BITTER, Transparent Tribe, Higaisa, Darkhotel, Axiom, MuddyWater, Andariel, EXOTIC LILY, Inception, Confucius, APT3, Tonto Team, BlackTech, Sidewinder, Sandworm Team, Dragonfly, Mustang Panda"
File Deletion,2019,2021,18,"Rocke, Gamaredon Group, Mustang Panda, Chimera, Wizard Spider, Kimsuky, FIN6, APT39, Evilnum, The White Company, APT32, Tropic Trooper, Silence, APT41, TeamTNT, APT38, Dragonfly, Sandworm Team"
File and Directory Discovery,2018,2020,18,"Dark Caracal, APT3, BRONZE BUTLER, Magic Hound, Tropic Trooper, Fox Kitten, Sowbug, Leafminer, APT41, MuddyWater, Gamaredon Group, Kimsuky, APT18, menuPass, APT39, Sandworm Team, APT32, Inception"
LSASS Memory,2017,2019,18,"GALLIUM, APT33, FIN8, APT39, Ke3chang, APT28, BRONZE BUTLER, OilRig, Cleaver, Magic Hound, APT3, APT41, Leafminer, APT32, PLATINUM, APT1, MuddyWater, FIN6"
Process Discovery,2017,2019,18,"APT37, Stealth Falcon, Poseidon Group, Molerats, Ke3chang, Magic Hound, Darkhotel, Tropic Trooper, Deep Panda, OilRig, APT28, Turla, Lazarus Group, APT38, APT3, MuddyWater, APT1, Winnti Group"
Scheduled Task,2017,2019,18,"APT39, APT41, GALLIUM, Rancor, Silence, menuPass, Stealth Falcon, APT29, APT33, Patchwork, APT3, FIN6, APT32, FIN7, OilRig, Cobalt Group, FIN8, FIN10"
System Information Discovery,2017,2019,18,"Sowbug, Darkhotel, Stealth Falcon, APT19, APT18, APT3, Lazarus Group, admin@338, OilRig, Magic Hound, Ke3chang, Kimsuky, Gamaredon Group, Patchwork, APT32, Turla, APT37, MuddyWater"
System Information Discovery,2019,2021,18,"ZIRCONIUM, Wizard Spider, Darkhotel, APT18, Windshift, Kimsuky, Blue Mockingbird, APT38, Inception, Mustang Panda, Sidewinder, Rocke, Windigo, Tropic Trooper, TeamTNT, Higaisa, MuddyWater, Sandworm Team"
System Information Discovery,2020,2022,18,"ZIRCONIUM, Aquatic Panda, Wizard Spider, SideCopy, HEXANE, Windshift, Blue Mockingbird, APT38, Inception, Mustang Panda, Sidewinder, Rocke, Windigo, Tropic Trooper, TeamTNT, Moses Staff, Higaisa, Sandworm Team"
System Network Configuration Discovery,2017,2019,18,"Turla, Stealth Falcon, MuddyWater, GALLIUM, menuPass, OilRig, APT32, APT19, Darkhotel, APT1, admin@338, Threat Group-3390, Magic Hound, Lazarus Group, Ke3chang, Naikon, APT3, APT41"
Deobfuscate/Decode Files or Information,2018,2020,17,"Threat Group-3390, menuPass, Leviathan, Sandworm Team, OilRig, WIRTE, APT19, APT28, Molerats, Gorgon Group, Rocke, MuddyWater, Darkhotel, Tropic Trooper, Turla, Gamaredon Group, BRONZE BUTLER"
Domains,2024,2026,17,"Mustard Tempest, CURIUM, APT-C-36, Contagious Interview, MuddyWater, Star Blizzard, Scattered Spider, Storm-1811, Sea Turtle, APT38, OilRig, Moonstone Sleet, Winter Vivern, APT42, RedEcho, WIRTE, VOID MANTICORE"
Exploit Public-Facing Application,2024,2026,17,"Salt Typhoon, Sea Turtle, MirrorFace, UNC3886, BlackByte, Medusa Group, Leviathan, Play, VOID MANTICORE, Sandworm Team, APT5, Winter Vivern, Storm-0501, Agrius, ToddyCat, Ember Bear, INC Ransom"
Ingress Tool Transfer,2023,2025,17,"Storm-1811, Metador, Medusa Group, TA2541, Volt Typhoon, Cinnamon Tempest, Wizard Spider, Daggerfly, Play, Winter Vivern, INC Ransom, Mustard Tempest, Scattered Spider, Moonstone Sleet, FIN13, BlackByte, LuminousMoth"
Match Legitimate Resource Name or Location,2023,2025,17,"LuminousMoth, ToddyCat, OilRig, Turla, Volt Typhoon, TA2541, FIN13, Velvet Ant, INC Ransom, Storm-1811, Ember Bear, RedCurl, Aquatic Panda, Akira, Mustard Tempest, APT5, APT42"
System Information Discovery,2018,2020,17,"Sowbug, Wizard Spider, Darkhotel, APT19, APT18, APT3, OilRig, Magic Hound, Kimsuky, Blue Mockingbird, Inception, Rocke, APT32, Tropic Trooper, APT37, MuddyWater, Sandworm Team"
System Information Discovery,2022,2024,17,"Aquatic Panda, Moonstone Sleet, SideCopy, Winter Vivern, HEXANE, TA2541, BlackByte, Mustard Tempest, CURIUM, Daggerfly, APT41, Malteiro, FIN13, RedCurl, Moses Staff, Play, FIN8"
System Information Discovery,2024,2026,17,"MirrorFace, APT42, Moonstone Sleet, Winter Vivern, Contagious Interview, BlackByte, VOID MANTICORE, Medusa Group, Scattered Spider, CURIUM, Daggerfly, APT41, Malteiro, FIN7, RedCurl, Play, Storm-0501"
Valid Accounts,2017,2019,17,"FIN8, APT41, Carbanak, FIN6, APT28, OilRig, menuPass, Suckfly, Threat Group-3390, APT39, APT33, FIN5, PittyTiger, APT18, FIN10, FIN4, GALLIUM"
Windows Command Shell,2022,2024,17,"Cinnamon Tempest, ToddyCat, Winter Vivern, Agrius, HAFNIUM, Kimsuky, Volt Typhoon, TA577, Saint Bear, INC Ransom, Aquatic Panda, BlackByte, APT5, Metador, RedCurl, FIN13, Play"
Windows Command Shell,2024,2026,17,"Cinnamon Tempest, WIRTE, ToddyCat, Winter Vivern, Agrius, UNC3886, TA577, Medusa Group, Saint Bear, INC Ransom, Storm-1811, Contagious Interview, MirrorFace, BlackByte, APT5, RedCurl, Play"
Archive via Utility,2017,2019,16,"APT3, APT41, APT1, BRONZE BUTLER, menuPass, CopyKittens, FIN8, Ke3chang, Turla, Sowbug, MuddyWater, APT33, APT39, Gallmaker, Magic Hound, GALLIUM"
DLL,2021,2023,16,"BackdoorDiplomacy, Higaisa, Chimera, Evilnum, FIN13, Aquatic Panda, Lazarus Group, BlackTech, LuminousMoth, SideCopy, Cinnamon Tempest, Sidewinder, Mustang Panda, Earth Lusca, Tonto Team, MuddyWater"
Data from Local System,2019,2021,16,"Turla, FIN7, Sandworm Team, Dragonfly, APT38, APT41, APT39, GALLIUM, menuPass, Gamaredon Group, Kimsuky, FIN6, Andariel, Inception, Windigo, Fox Kitten"
Data from Local System,2021,2023,16,"Volt Typhoon, Wizard Spider, FIN7, Dragonfly, APT38, APT41, LAPSUS$, Magic Hound, HAFNIUM, FIN13, Andariel, LuminousMoth, Axiom, APT29, Windigo, CURIUM"
Data from Local System,2022,2024,16,"Volt Typhoon, Wizard Spider, OilRig, Agrius, Aquatic Panda, LAPSUS$, Magic Hound, HAFNIUM, FIN13, LuminousMoth, RedCurl, Axiom, APT29, ToddyCat, Ember Bear, CURIUM"
Exploit Public-Facing Application,2021,2023,16,"FIN7, BackdoorDiplomacy, Kimsuky, Ke3chang, menuPass, Volatile Cedar, MuddyWater, Volt Typhoon, Dragonfly, Magic Hound, Moses Staff, Threat Group-3390, FIN13, HAFNIUM, Cinnamon Tempest, Earth Lusca"
File and Directory Discovery,2017,2019,16,"admin@338, Dark Caracal, APT3, BRONZE BUTLER, Ke3chang, Magic Hound, Sowbug, Leafminer, MuddyWater, APT28, Kimsuky, APT18, Lazarus Group, APT32, Patchwork, Turla"
JavaScript,2020,2022,16,"LazyScripter, Cobalt Group, FIN7, Silence, Turla, FIN6, TA505, Evilnum, Sidewinder, Earth Lusca, APT32, MuddyWater, Indrik Spider, Kimsuky, Molerats, Higaisa"
Keylogging,2017,2019,16,"Sowbug, Lazarus Group, menuPass, Group5, APT41, Kimsuky, Darkhotel, OilRig, Threat Group-3390, APT3, APT38, PLATINUM, APT28, Magic Hound, FIN4, Ke3chang"
Match Legitimate Resource Name or Location,2018,2020,16,"MuddyWater, Sowbug, Sandworm Team, BRONZE BUTLER, PROMETHIUM, Blue Mockingbird, APT39, Whitefly, Tropic Trooper, Machete, Fox Kitten, Chimera, Silence, Rocke, menuPass, APT41"
Remote System Discovery,2018,2020,16,"Wizard Spider, Ke3chang, Threat Group-3390, Deep Panda, APT3, GALLIUM, APT39, BRONZE BUTLER, Rocke, FIN5, Sandworm Team, FIN8, Fox Kitten, APT32, Silence, Leafminer"
Scheduled Task,2022,2024,16,"Magic Hound, Winter Vivern, BlackByte, Moonstone Sleet, TA2541, Sandworm Team, HEXANE, ToddyCat, RedCurl, Daggerfly, FIN13, Ember Bear, Kimsuky, BITTER, LuminousMoth, Lazarus Group"
System Information Discovery,2021,2023,16,"ZIRCONIUM, Aquatic Panda, SideCopy, HEXANE, TA2541, Mustard Tempest, Windshift, APT38, Mustang Panda, Sidewinder, Windigo, FIN13, TeamTNT, Moses Staff, Higaisa, FIN8"
System Owner/User Discovery,2017,2019,16,"Gamaredon Group, FIN10, APT39, Stealth Falcon, Lazarus Group, APT41, APT37, GALLIUM, Tropic Trooper, OilRig, APT3, APT32, Magic Hound, APT19, MuddyWater, Patchwork"
Upload Malware,2021,2023,16,"TA2541, Threat Group-3390, LuminousMoth, APT32, FIN7, TA505, Gamaredon Group, Mustang Panda, LazyScripter, BITTER, TeamTNT, SideCopy, EXOTIC LILY, Kimsuky, HEXANE, Earth Lusca"
Web Services,2020,2022,16,"Earth Lusca, Turla, Magic Hound, APT29, POLONIUM, IndigoZebra, APT17, MuddyWater, Kimsuky, Lazarus Group, ZIRCONIUM, Confucius, LazyScripter, HAFNIUM, APT32, APT28"
Web Shell,2019,2021,16,"Kimsuky, Fox Kitten, Volatile Cedar, GALLIUM, HAFNIUM, Threat Group-3390, APT29, Tonto Team, Leviathan, Sandworm Team, APT39, APT38, Dragonfly, APT28, Tropic Trooper, BackdoorDiplomacy"
Windows Command Shell,2021,2023,16,"Higaisa, ZIRCONIUM, Chimera, LazyScripter, HAFNIUM, Kimsuky, Mustang Panda, Volt Typhoon, Nomadic Octopus, Aquatic Panda, TeamTNT, Indrik Spider, TA551, Metador, FIN13, Dragonfly"
Archive via Utility,2018,2020,15,"Chimera, APT3, APT41, BRONZE BUTLER, CopyKittens, Fox Kitten, FIN8, Turla, Sowbug, MuddyWater, APT33, APT39, Gallmaker, Magic Hound, GALLIUM"
DLL,2019,2021,15,"Naikon, BackdoorDiplomacy, Higaisa, RTM, Chimera, Evilnum, BlackTech, Tropic Trooper, Sidewinder, Mustang Panda, GALLIUM, Tonto Team, BRONZE BUTLER, APT41, Whitefly"
Data from Local System,2017,2019,15,"Turla, Patchwork, Stealth Falcon, GALLIUM, menuPass, Lazarus Group, BRONZE BUTLER, Threat Group-3390, Kimsuky, APT37, APT28, APT3, Ke3chang, APT1, Dark Caracal"
Data from Local System,2018,2020,15,"Turla, Sandworm Team, APT39, GALLIUM, menuPass, BRONZE BUTLER, Gamaredon Group, Kimsuky, APT37, FIN6, APT28, APT3, Inception, Fox Kitten, Dark Caracal"
Data from Local System,2020,2022,15,"FIN7, Sandworm Team, Dragonfly, APT38, APT41, APT39, Gamaredon Group, LAPSUS$, Magic Hound, FIN6, Andariel, Axiom, Inception, Windigo, Fox Kitten"
Disable or Modify Tools,2023,2025,15,"APT38, Velvet Ant, INC Ransom, Akira, Medusa Group, BlackByte, Saint Bear, TA2541, UNC3886, APT5, APT41, Play, Contagious Interview, Scattered Spider, Agrius"
Disable or Modify Tools,2024,2026,15,"APT38, Velvet Ant, INC Ransom, Akira, Medusa Group, BlackByte, Saint Bear, UNC3886, APT5, APT41, Play, MirrorFace, Contagious Interview, Scattered Spider, Agrius"
Domain Account,2023,2025,15,"RedCurl, Mustang Panda, Storm-0501, FIN13, Scattered Spider, APT41, Storm-1811, BlackByte, FIN7, Medusa Group, Lotus Blossom, Volt Typhoon, INC Ransom, ToddyCat, Wizard Spider"
Domains,2023,2025,15,"Mustard Tempest, CURIUM, Contagious Interview, Star Blizzard, Scattered Spider, Storm-1811, Sea Turtle, Threat Group-3390, APT38, TA2541, OilRig, Moonstone Sleet, Winter Vivern, APT42, RedEcho"
Email Accounts,2022,2024,15,"Wizard Spider, EXOTIC LILY, Lazarus Group, TA577, Star Blizzard, CURIUM, Kimsuky, LAPSUS$, Indrik Spider, Mustang Panda, OilRig, HEXANE, Moonstone Sleet, APT28, APT29"
Encrypted/Encoded File,2019,2021,15,"TA505, Inception, Transparent Tribe, APT33, APT39, TeamTNT, APT18, Fox Kitten, Mofang, Darkhotel, Sidewinder, Higaisa, Tropic Trooper, Whitefly, Blue Mockingbird"
Exploit Public-Facing Application,2019,2021,15,"BackdoorDiplomacy, APT41, APT39, Fox Kitten, GALLIUM, menuPass, Volatile Cedar, Dragonfly, Blue Mockingbird, BlackTech, APT29, APT28, HAFNIUM, GOLD SOUTHFIELD, Rocke"
File and Directory Discovery,2023,2025,15,"Medusa Group, FIN13, ToddyCat, RedCurl, APT5, HAFNIUM, UNC3886, Scattered Spider, Contagious Interview, Play, Lotus Blossom, Volt Typhoon, LuminousMoth, Velvet Ant, Winter Vivern"
LSASS Memory,2019,2021,15,"Fox Kitten, Sandworm Team, GALLIUM, APT33, HAFNIUM, Threat Group-3390, APT39, Indrik Spider, Kimsuky, APT41, Leviathan, APT32, Whitefly, Silence, Blue Mockingbird"
Malicious File,2022,2024,15,"RedCurl, CURIUM, EXOTIC LILY, LazyScripter, Malteiro, Saint Bear, WIRTE, Earth Lusca, BITTER, Aoqin Dragon, Star Blizzard, Moonstone Sleet, SideCopy, HEXANE, TA2541"
Match Legitimate Resource Name or Location,2024,2026,15,"ToddyCat, OilRig, Turla, VOID MANTICORE, Velvet Ant, APT-C-36, INC Ransom, Storm-1811, Ember Bear, RedCurl, Aquatic Panda, Akira, Mustard Tempest, APT5, APT42"
Scheduled Task,2021,2023,15,"Magic Hound, APT37, TA2541, HEXANE, Dragonfly, Naikon, Confucius, FIN13, Mustang Panda, Kimsuky, BITTER, Higaisa, APT38, LuminousMoth, Lazarus Group"
Spearphishing Link,2022,2024,15,"Moonstone Sleet, Earth Lusca, LuminousMoth, Mustang Panda, Lazarus Group, RedCurl, Star Blizzard, TA2541, APT28, EXOTIC LILY, CURIUM, Patchwork, ZIRCONIUM, TA577, Mustard Tempest"
System Network Configuration Discovery,2019,2021,15,"MuddyWater, Chimera, GALLIUM, Mustang Panda, Higaisa, APT32, Darkhotel, APT1, Sidewinder, TeamTNT, Tropic Trooper, ZIRCONIUM, Dragonfly, APT41, Wizard Spider"
System Network Configuration Discovery,2021,2023,15,"Volt Typhoon, Chimera, SideCopy, FIN13, Mustang Panda, Higaisa, Moses Staff, Sidewinder, HEXANE, TeamTNT, ZIRCONIUM, Earth Lusca, HAFNIUM, Dragonfly, Kimsuky"
System Owner/User Discovery,2021,2023,15,"Chimera, Threat Group-3390, HAFNIUM, Windshift, FIN7, Sidewinder, Volt Typhoon, APT38, Dragonfly, FIN8, Earth Lusca, LuminousMoth, Ke3chang, ZIRCONIUM, HEXANE"
Valid Accounts,2022,2024,15,"Axiom, LAPSUS$, Star Blizzard, BlackByte, APT29, Sea Turtle, Lazarus Group, Play, POLONIUM, Cinnamon Tempest, INC Ransom, Akira, Ke3chang, Volt Typhoon, Indrik Spider"
Visual Basic,2021,2023,15,"Lazarus Group, Confucius, FIN13, Earth Lusca, HEXANE, OilRig, Higaisa, Windshift, Transparent Tribe, Mustang Panda, LazyScripter, TA2541, SideCopy, Sidewinder, APT38"
Web Protocols,2021,2023,15,"Confucius, Metador, Sidewinder, Windshift, HAFNIUM, TeamTNT, LuminousMoth, Chimera, FIN8, BITTER, Kimsuky, TA551, Higaisa, FIN13, Mustang Panda"
Archive via Utility,2022,2024,14,"ToddyCat, Sea Turtle, Wizard Spider, FIN13, APT5, RedCurl, Kimsuky, Volt Typhoon, Earth Lusca, Akira, Agrius, Aquatic Panda, INC Ransom, Play"
Domain Account,2024,2026,14,"VOID MANTICORE, RedCurl, Mustang Panda, Storm-0501, Scattered Spider, MirrorFace, APT41, Storm-1811, BlackByte, FIN7, Medusa Group, Lotus Blossom, INC Ransom, ToddyCat"
Drive-by Compromise,2020,2022,14,"Transparent Tribe, Windshift, Leviathan, Windigo, RTM, APT28, Magic Hound, Earth Lusca, PROMETHIUM, Axiom, Andariel, Dragonfly, Machete, Turla"
Email Accounts,2020,2022,14,"Leviathan, EXOTIC LILY, Lazarus Group, Silent Librarian, APT1, Kimsuky, LAPSUS$, Mustang Panda, Sandworm Team, Magic Hound, HEXANE, IndigoZebra, APT28, APT29"
Email Accounts,2021,2023,14,"Wizard Spider, Leviathan, EXOTIC LILY, Lazarus Group, Silent Librarian, Kimsuky, LAPSUS$, Indrik Spider, Mustang Panda, Magic Hound, HEXANE, IndigoZebra, APT28, APT29"
Exfiltration to Cloud Storage,2022,2024,14,"POLONIUM, Cinnamon Tempest, Ember Bear, LuminousMoth, HEXANE, Indrik Spider, Earth Lusca, Wizard Spider, Kimsuky, Akira, Scattered Spider, ToddyCat, Confucius, Threat Group-3390"
Exploitation for Client Execution,2021,2023,14,"Aoqin Dragon, BITTER, Transparent Tribe, Higaisa, Darkhotel, Axiom, Andariel, EXOTIC LILY, Confucius, APT3, Tonto Team, Sidewinder, Dragonfly, Mustang Panda"
File and Directory Discovery,2021,2023,14,"Dragonfly, Aoqin Dragon, FIN13, Darkhotel, Windigo, TeamTNT, HAFNIUM, Chimera, APT38, Sidewinder, Confucius, LuminousMoth, Mustang Panda, Winnti Group"
Financial Theft,2023,2025,14,"AppleJeus, Malteiro, Storm-0501, Medusa Group, INC Ransom, Water Galura, Contagious Interview, Cinnamon Tempest, FIN13, SilverTerrier, Play, Scattered Spider, Akira, Kimsuky"
Impersonation,2024,2026,14,"WIRTE, Scattered Spider, Kimsuky, APT41, Star Blizzard, Saint Bear, Storm-1811, APT42, Contagious Interview, MuddyWater, APT28, APT-C-36, VOID MANTICORE, MirrorFace"
Malicious Link,2022,2024,14,"TA2541, LazyScripter, Kimsuky, TA577, Saint Bear, RedCurl, Mustard Tempest, LuminousMoth, Daggerfly, EXOTIC LILY, Winter Vivern, TA578, Gamaredon Group, Earth Lusca"
Masquerade Task or Service,2020,2022,14,"BackdoorDiplomacy, Kimsuky, Wizard Spider, Higaisa, ZIRCONIUM, Naikon, Fox Kitten, APT32, PROMETHIUM, APT-C-36, Lazarus Group, APT41, BITTER, Carbanak"
Process Discovery,2019,2021,14,"Chimera, Windshift, Rocke, Mustang Panda, TeamTNT, Andariel, Sidewinder, Darkhotel, Tropic Trooper, Inception, Higaisa, APT38, MuddyWater, APT1"
Registry Run Keys / Startup Folder,2021,2023,14,"Confucius, TA2541, Dragonfly, LuminousMoth, Windshift, TeamTNT, Naikon, Sidewinder, ZIRCONIUM, APT28, FIN13, LazyScripter, Mustang Panda, Higaisa"
Remote Desktop Protocol,2017,2019,14,"Leviathan, APT1, FIN8, APT3, OilRig, Patchwork, FIN10, Axiom, Cobalt Group, APT41, APT39, Lazarus Group, FIN6, menuPass"
Remote System Discovery,2017,2019,14,"Ke3chang, Threat Group-3390, Deep Panda, APT3, Turla, GALLIUM, FIN6, APT39, BRONZE BUTLER, FIN5, menuPass, FIN8, APT32, Leafminer"
Remote System Discovery,2023,2025,14,"Agrius, Mustang Panda, HAFNIUM, Lotus Blossom, Play, ToddyCat, Akira, APT41, Scattered Spider, BlackByte, Ember Bear, Magic Hound, Medusa Group, Volt Typhoon"
Scheduled Task,2023,2025,14,"Winter Vivern, BlackByte, Moonstone Sleet, TA2541, Sandworm Team, APT42, Earth Lusca, ToddyCat, RedCurl, Daggerfly, FIN13, Ember Bear, Storm-0501, LuminousMoth"
Spearphishing Link,2023,2025,14,"Storm-1811, Moonstone Sleet, LuminousMoth, Mustang Panda, RedCurl, Star Blizzard, TA2541, Scattered Spider, CURIUM, Patchwork, ZIRCONIUM, TA577, APT42, Mustard Tempest"
System Network Configuration Discovery,2020,2022,14,"Chimera, SideCopy, Mustang Panda, Higaisa, Moses Staff, Sidewinder, HEXANE, TeamTNT, Tropic Trooper, ZIRCONIUM, Earth Lusca, Dragonfly, Kimsuky, Wizard Spider"
Valid Accounts,2020,2022,14,"Axiom, LAPSUS$, Dragonfly, FIN7, Silence, Silent Librarian, Lazarus Group, POLONIUM, Sandworm Team, Fox Kitten, Ke3chang, Wizard Spider, Leviathan, Chimera"
Web Services,2021,2023,14,"Earth Lusca, Magic Hound, POLONIUM, IndigoZebra, MuddyWater, FIN7, Kimsuky, Lazarus Group, TA2541, ZIRCONIUM, Confucius, LazyScripter, HAFNIUM, APT28"
Web Shell,2020,2022,14,"Kimsuky, Fox Kitten, Volatile Cedar, HAFNIUM, APT29, Tonto Team, Magic Hound, Sandworm Team, Moses Staff, APT38, Dragonfly, APT28, Tropic Trooper, BackdoorDiplomacy"
Windows Management Instrumentation,2017,2019,14,"APT29, APT41, OilRig, FIN8, menuPass, Deep Panda, FIN6, APT32, Lazarus Group, Threat Group-3390, Leviathan, Stealth Falcon, MuddyWater, GALLIUM"
Windows Management Instrumentation,2019,2021,14,"Sandworm Team, APT41, Windshift, Wizard Spider, Naikon, Mustang Panda, FIN6, FIN7, APT32, Chimera, Indrik Spider, Blue Mockingbird, MuddyWater, GALLIUM"
Windows Service,2018,2020,14,"APT19, DarkVishnya, APT3, APT41, Cobalt Group, Wizard Spider, Ke3chang, Kimsuky, Tropic Trooper, FIN7, APT32, PROMETHIUM, Threat Group-3390, Blue Mockingbird"
Archive via Utility,2023,2025,13,"ToddyCat, Sea Turtle, Wizard Spider, FIN13, APT5, Lotus Blossom, RedCurl, Volt Typhoon, Akira, Agrius, INC Ransom, UNC3886, Play"
Credentials from Web Browsers,2019,2021,13,"Sandworm Team, Kimsuky, Inception, FIN6, MuddyWater, TA505, APT33, Stealth Falcon, ZIRCONIUM, Ajax Security Team, OilRig, APT3, Leafminer"
Data from Local System,2023,2025,13,"Volt Typhoon, Wizard Spider, OilRig, Agrius, Aquatic Panda, HAFNIUM, FIN13, LuminousMoth, RedCurl, APT29, ToddyCat, Ember Bear, CURIUM"
Deobfuscate/Decode Files or Information,2020,2022,13,"Kimsuky, Sandworm Team, TA505, ZIRCONIUM, Higaisa, Molerats, Lazarus Group, Ke3chang, Rocke, Earth Lusca, APT39, Gamaredon Group, TeamTNT"
Deobfuscate/Decode Files or Information,2022,2024,13,"Kimsuky, TA505, Winter Vivern, Agrius, FIN13, Malteiro, Lazarus Group, Ke3chang, Earth Lusca, Moonstone Sleet, Cinnamon Tempest, BlackByte, TeamTNT"
Exfiltration to Cloud Storage,2021,2023,13,"POLONIUM, Cinnamon Tempest, FIN7, LuminousMoth, HEXANE, Earth Lusca, Wizard Spider, Kimsuky, Chimera, HAFNIUM, Confucius, Threat Group-3390, ZIRCONIUM"
File Deletion,2020,2022,13,"Rocke, Gamaredon Group, Mustang Panda, Chimera, Wizard Spider, FIN6, APT39, Evilnum, Aquatic Panda, Tropic Trooper, TeamTNT, Dragonfly, Sandworm Team"
File and Directory Discovery,2022,2024,13,"Aoqin Dragon, FIN13, ToddyCat, RedCurl, TeamTNT, APT5, HAFNIUM, Scattered Spider, Play, Volt Typhoon, LuminousMoth, Winnti Group, Winter Vivern"
File and Directory Discovery,2024,2026,13,"Medusa Group, ToddyCat, RedCurl, APT5, UNC3886, Scattered Spider, Contagious Interview, Play, Lotus Blossom, Volt Typhoon, Velvet Ant, MirrorFace, Winter Vivern"
Keylogging,2018,2020,13,"Sowbug, menuPass, APT32, APT41, Kimsuky, APT39, OilRig, Sandworm Team, APT38, PLATINUM, Magic Hound, FIN4, Ke3chang"
Local Account,2020,2022,13,"Fox Kitten, Magic Hound, Turla, Poseidon Group, Dragonfly, Moses Staff, Kimsuky, OilRig, Ke3chang, APT32, TeamTNT, Chimera, APT39"
Masquerade Task or Service,2019,2021,13,"BackdoorDiplomacy, Kimsuky, FIN6, Wizard Spider, Higaisa, ZIRCONIUM, Naikon, Fox Kitten, APT32, PROMETHIUM, APT-C-36, APT41, Carbanak"
Modify Registry,2018,2020,13,"APT19, Gamaredon Group, Silence, APT41, FIN8, APT38, Patchwork, Gorgon Group, Kimsuky, Wizard Spider, APT32, Threat Group-3390, Blue Mockingbird"
Process Discovery,2020,2022,13,"Chimera, Windshift, Rocke, Mustang Panda, TeamTNT, HEXANE, Andariel, Sidewinder, Kimsuky, Gamaredon Group, Inception, Higaisa, Earth Lusca"
Process Discovery,2021,2023,13,"Volt Typhoon, Chimera, Windshift, Mustang Panda, TeamTNT, HEXANE, Andariel, Sidewinder, Kimsuky, Gamaredon Group, HAFNIUM, Higaisa, Earth Lusca"
Remote System Discovery,2022,2024,13,"Agrius, HAFNIUM, Play, ToddyCat, Akira, APT41, Scattered Spider, BlackByte, Ember Bear, HEXANE, Earth Lusca, Magic Hound, Volt Typhoon"
System Network Connections Discovery,2017,2019,13,"Turla, admin@338, APT41, APT38, OilRig, menuPass, Ke3chang, Threat Group-3390, APT32, Poseidon Group, APT3, APT1, GALLIUM"
System Network Connections Discovery,2019,2021,13,"TeamTNT, APT41, APT38, Mustang Panda, Tropic Trooper, BackdoorDiplomacy, APT32, MuddyWater, Andariel, Chimera, APT1, GALLIUM, Sandworm Team"
System Owner/User Discovery,2019,2021,13,"Chimera, Windshift, Sidewinder, Wizard Spider, APT39, APT38, Dragonfly, Sandworm Team, APT41, GALLIUM, Tropic Trooper, MuddyWater, ZIRCONIUM"
Valid Accounts,2018,2020,13,"FIN8, APT41, OilRig, Silence, APT39, APT33, FIN5, Sandworm Team, Fox Kitten, Wizard Spider, FIN4, Chimera, GALLIUM"
Valid Accounts,2019,2021,13,"APT41, Dragonfly, FIN7, Silence, Silent Librarian, APT39, Sandworm Team, Fox Kitten, Wizard Spider, Leviathan, FIN4, Chimera, GALLIUM"
Valid Accounts,2023,2025,13,"Star Blizzard, Medusa Group, BlackByte, UNC3886, APT29, Sea Turtle, Play, Scattered Spider, Cinnamon Tempest, INC Ransom, Akira, Volt Typhoon, Indrik Spider"
Virtual Private Server,2024,2026,13,"Gamaredon Group, APT28, APT-C-36, Sea Turtle, VOID MANTICORE, Ember Bear, Volt Typhoon, APT42, BlackByte, Moonstone Sleet, Winter Vivern, CURIUM, Contagious Interview"
Web Services,2022,2024,13,"Earth Lusca, Saint Bear, TA578, Magic Hound, POLONIUM, FIN7, CURIUM, Kimsuky, Winter Vivern, TA2541, Confucius, LazyScripter, APT28"
Web Shell,2021,2023,13,"Volatile Cedar, HAFNIUM, Volt Typhoon, FIN13, APT29, Tonto Team, Magic Hound, Sandworm Team, Moses Staff, APT38, Dragonfly, APT28, BackdoorDiplomacy"
Windows Management Instrumentation,2021,2023,13,"Sandworm Team, Gamaredon Group, Windshift, Magic Hound, Volt Typhoon, Naikon, Mustang Panda, Cinnamon Tempest, FIN7, Indrik Spider, FIN13, Earth Lusca, TA2541"
Windows Management Instrumentation,2023,2025,13,"Ember Bear, Lotus Blossom, Volt Typhoon, Velvet Ant, Cinnamon Tempest, Medusa Group, ToddyCat, INC Ransom, FIN13, APT42, Aquatic Panda, TA2541, BlackByte"
Archive via Utility,2019,2021,12,"Chimera, APT41, Fox Kitten, Turla, MuddyWater, Mustang Panda, APT33, HAFNIUM, APT28, APT39, Gallmaker, GALLIUM"
Archive via Utility,2024,2026,12,"ToddyCat, Sea Turtle, APT5, Lotus Blossom, RedCurl, MirrorFace, Akira, VOID MANTICORE, Agrius, INC Ransom, UNC3886, Play"
Command Obfuscation,2018,2020,12,"Silence, Cobalt Group, Chimera, MuddyWater, Leafminer, FIN6, Turla, Wizard Spider, Patchwork, FIN8, GOLD SOUTHFIELD, FIN7"
Command Obfuscation,2021,2023,12,"Aquatic Panda, Gamaredon Group, HEXANE, TA505, Sidewinder, Sandworm Team, TA551, Fox Kitten, APT32, APT19, LazyScripter, Magic Hound"
Command Obfuscation,2023,2025,12,"Gamaredon Group, Contagious Interview, Kimsuky, TA505, Sidewinder, Play, Sandworm Team, Medusa Group, Fox Kitten, APT32, APT19, Magic Hound"
Credentials from Web Browsers,2018,2020,12,"APT37, Sandworm Team, Kimsuky, Inception, FIN6, MuddyWater, TA505, APT33, Stealth Falcon, OilRig, APT3, Leafminer"
Credentials from Web Browsers,2020,2022,12,"Sandworm Team, Inception, LAPSUS$, FIN6, APT33, Stealth Falcon, ZIRCONIUM, Ajax Security Team, OilRig, HEXANE, APT3, Leafminer"
DLL,2018,2020,12,"Naikon, RTM, APT32, APT19, Threat Group-3390, Patchwork, Tropic Trooper, GALLIUM, BRONZE BUTLER, APT3, APT41, Whitefly"
Data Encrypted for Impact,2023,2025,12,"FIN8, Magic Hound, BlackByte, INC Ransom, Storm-1811, Medusa Group, Scattered Spider, Sandworm Team, Storm-0501, Water Galura, Akira, Moonstone Sleet"
Deobfuscate/Decode Files or Information,2023,2025,12,"Winter Vivern, Agrius, Storm-1811, Volt Typhoon, FIN13, Malteiro, Mustang Panda, APT38, Moonstone Sleet, Cinnamon Tempest, BlackByte, FIN7"
Disable or Modify Tools,2022,2024,12,"INC Ransom, Akira, TA505, BlackByte, Saint Bear, Magic Hound, Aquatic Panda, TA2541, APT5, APT41, Play, Agrius"
Drive-by Compromise,2019,2021,12,"Transparent Tribe, Windshift, Leviathan, Windigo, RTM, APT38, PROMETHIUM, Andariel, Dragonfly, Machete, Darkhotel, Turla"
Email Accounts,2024,2026,12,"Mustang Panda, APT42, TA577, Star Blizzard, VOID MANTICORE, CURIUM, APT-C-36, Medusa Group, OilRig, Moonstone Sleet, Contagious Interview, WIRTE"
Encrypted/Encoded File,2020,2022,12,"Moses Staff, Inception, Transparent Tribe, APT39, TeamTNT, Fox Kitten, BITTER, Mofang, Sidewinder, Higaisa, Whitefly, Blue Mockingbird"
Exfiltration Over C2 Channel,2019,2021,12,"Sandworm Team, MuddyWater, APT32, Wizard Spider, APT39, Confucius, ZIRCONIUM, Higaisa, Leviathan, Kimsuky, GALLIUM, Chimera"
Exfiltration to Cloud Storage,2023,2025,12,"Mustang Panda, Cinnamon Tempest, Medusa Group, Ember Bear, LuminousMoth, Indrik Spider, Wizard Spider, Akira, Scattered Spider, ToddyCat, Storm-0501, Contagious Interview"
External Remote Services,2019,2021,12,"Kimsuky, APT41, Wizard Spider, Sandworm Team, Chimera, Dragonfly, GALLIUM, TeamTNT, GOLD SOUTHFIELD, APT29, Leviathan, APT28"
Financial Theft,2024,2026,12,"AppleJeus, Malteiro, Storm-0501, Medusa Group, INC Ransom, Water Galura, Contagious Interview, VOID MANTICORE, Play, Scattered Spider, Akira, Kimsuky"
LSASS Memory,2020,2022,12,"Fox Kitten, Sandworm Team, HAFNIUM, Threat Group-3390, Indrik Spider, Kimsuky, Aquatic Panda, Leviathan, Whitefly, Silence, Blue Mockingbird, Earth Lusca"
LSASS Memory,2023,2025,12,"Agrius, UNC3886, FIN13, RedCurl, APT5, Play, Wizard Spider, Volt Typhoon, Moonstone Sleet, Mustang Panda, Ember Bear, Medusa Group"
Local Account,2019,2021,12,"Fox Kitten, Turla, Poseidon Group, Dragonfly, OilRig, Ke3chang, APT1, APT32, TeamTNT, Chimera, APT39, APT41"
Malicious Link,2023,2025,12,"TA2541, TA577, Saint Bear, RedCurl, Mustard Tempest, LuminousMoth, Daggerfly, APT38, Contagious Interview, Winter Vivern, TA578, Gamaredon Group"
Masquerading,2020,2022,12,"ZIRCONIUM, LazyScripter, TA551, Windshift, APT32, Nomadic Octopus, Aoqin Dragon, TeamTNT, APT28, OilRig, BRONZE BUTLER, menuPass"
Modify Registry,2022,2024,12,"Turla, Aquatic Panda, Indrik Spider, Saint Bear, Volt Typhoon, OilRig, Ember Bear, TA505, Earth Lusca, BlackByte, Magic Hound, LuminousMoth"
Modify Registry,2023,2025,12,"Turla, Lotus Blossom, Aquatic Panda, Indrik Spider, Saint Bear, Volt Typhoon, OilRig, Ember Bear, APT42, BlackByte, Medusa Group, LuminousMoth"
Python,2019,2021,12,"Kimsuky, Machete, Tonto Team, MuddyWater, ZIRCONIUM, APT39, APT37, Dragonfly, BRONZE BUTLER, Turla, Rocke, APT29"
Python,2020,2022,12,"Kimsuky, Tonto Team, MuddyWater, ZIRCONIUM, APT39, APT37, Dragonfly, BRONZE BUTLER, Earth Lusca, Turla, Rocke, APT29"
Remote Desktop Protocol,2018,2020,12,"Leviathan, Wizard Spider, Fox Kitten, FIN8, APT3, OilRig, Blue Mockingbird, Cobalt Group, Chimera, APT41, Silence, APT39"
Remote Desktop Protocol,2024,2026,12,"Medusa Group, Aquatic Panda, VOID MANTICORE, BlackByte, APT5, INC Ransom, Indrik Spider, Akira, Scattered Spider, Agrius, Volt Typhoon, MirrorFace"
Remote System Discovery,2019,2021,12,"Wizard Spider, Dragonfly, Chimera, Naikon, GALLIUM, APT39, Rocke, Sandworm Team, Fox Kitten, Indrik Spider, APT32, Silence"
Remote System Discovery,2024,2026,12,"Agrius, Mustang Panda, Lotus Blossom, Play, ToddyCat, Akira, APT41, Scattered Spider, BlackByte, Ember Bear, MirrorFace, Medusa Group"
Rundll32,2020,2022,12,"LazyScripter, Lazarus Group, Kimsuky, TA551, Gamaredon Group, Blue Mockingbird, HAFNIUM, APT41, Sandworm Team, APT32, APT38, Magic Hound"
Security Software Discovery,2019,2021,12,"Windshift, Turla, Darkhotel, TeamTNT, MuddyWater, The White Company, Cobalt Group, Sidewinder, Wizard Spider, Rocke, Tropic Trooper, APT38"
Spearphishing Attachment,2022,2024,12,"Saint Bear, WIRTE, Moonstone Sleet, BITTER, Malteiro, TA2541, Winter Vivern, CURIUM, SideCopy, Star Blizzard, RedCurl, EXOTIC LILY"
Spearphishing Link,2024,2026,12,"Storm-1811, Moonstone Sleet, WIRTE, MirrorFace, RedCurl, Star Blizzard, Scattered Spider, CURIUM, APT-C-36, TA577, APT42, Mustard Tempest"
System Network Connections Discovery,2020,2022,12,"TeamTNT, HEXANE, Mustang Panda, Earth Lusca, Tropic Trooper, BackdoorDiplomacy, Magic Hound, MuddyWater, Andariel, Chimera, Lazarus Group, Sandworm Team"
System Network Connections Discovery,2021,2023,12,"TeamTNT, HEXANE, Mustang Panda, Earth Lusca, BackdoorDiplomacy, Magic Hound, MuddyWater, Andariel, Volt Typhoon, Chimera, FIN13, Lazarus Group"
System Owner/User Discovery,2018,2020,12,"Wizard Spider, APT39, Sandworm Team, APT41, APT37, GALLIUM, Tropic Trooper, OilRig, APT32, Magic Hound, APT19, MuddyWater"
System Owner/User Discovery,2020,2022,12,"Chimera, Threat Group-3390, Windshift, Sidewinder, Wizard Spider, APT38, Dragonfly, Sandworm Team, Earth Lusca, Ke3chang, ZIRCONIUM, HEXANE"
System Owner/User Discovery,2022,2024,12,"Threat Group-3390, HAFNIUM, Winter Vivern, FIN7, Volt Typhoon, Moonstone Sleet, Aquatic Panda, FIN8, Earth Lusca, LuminousMoth, Ke3chang, HEXANE"
Upload Malware,2023,2025,12,"TA2541, LuminousMoth, Saint Bear, OilRig, APT42, Star Blizzard, FIN7, Moonstone Sleet, Contagious Interview, BlackByte, Sandworm Team, Mustard Tempest"
Valid Accounts,2024,2026,12,"Star Blizzard, Medusa Group, BlackByte, UNC3886, Sea Turtle, VOID MANTICORE, Play, Scattered Spider, INC Ransom, Akira, Volt Typhoon, Indrik Spider"
Web Protocols,2022,2024,12,"Moonstone Sleet, Metador, RedCurl, BlackByte, LuminousMoth, Daggerfly, RedEcho, BITTER, Kimsuky, Winter Vivern, FIN13, Sea Turtle"
Web Protocols,2023,2025,12,"Medusa Group, Moonstone Sleet, Metador, RedCurl, BlackByte, LuminousMoth, Daggerfly, RedEcho, Winter Vivern, APT42, FIN13, Sea Turtle"
Windows Management Instrumentation,2018,2020,12,"APT41, OilRig, FIN8, Wizard Spider, FIN6, APT32, Chimera, Threat Group-3390, Leviathan, Blue Mockingbird, MuddyWater, GALLIUM"
Windows Management Instrumentation,2020,2022,12,"Sandworm Team, Gamaredon Group, Windshift, Magic Hound, Wizard Spider, Naikon, Mustang Panda, FIN7, Chimera, Indrik Spider, Earth Lusca, Blue Mockingbird"
Windows Management Instrumentation,2022,2024,12,"Gamaredon Group, Ember Bear, Magic Hound, Volt Typhoon, Cinnamon Tempest, ToddyCat, INC Ransom, FIN13, Earth Lusca, Aquatic Panda, TA2541, BlackByte"
Windows Management Instrumentation,2024,2026,12,"Ember Bear, Lotus Blossom, Velvet Ant, Medusa Group, MirrorFace, ToddyCat, INC Ransom, APT-C-36, VOID MANTICORE, APT42, Aquatic Panda, BlackByte"
Code Signing,2018,2020,11,"CopyKittens, Wizard Spider, Kimsuky, Silence, FIN6, TA505, Leviathan, Patchwork, APT41, FIN7, PROMETHIUM"
Command Obfuscation,2022,2024,11,"Aquatic Panda, Gamaredon Group, HEXANE, TA505, Sidewinder, Play, Sandworm Team, Fox Kitten, APT32, APT19, Magic Hound"
Deobfuscate/Decode Files or Information,2019,2021,11,"Sandworm Team, ZIRCONIUM, Higaisa, WIRTE, Molerats, Rocke, Darkhotel, Tropic Trooper, Turla, APT39, Gamaredon Group"
Deobfuscate/Decode Files or Information,2021,2023,11,"Kimsuky, TA505, ZIRCONIUM, Higaisa, FIN13, Lazarus Group, Ke3chang, Earth Lusca, Cinnamon Tempest, APT39, TeamTNT"
Disable or Modify Tools,2020,2022,11,"TA505, BRONZE BUTLER, Rocke, Magic Hound, Aquatic Panda, Gamaredon Group, MuddyWater, FIN6, TeamTNT, Wizard Spider, Indrik Spider"
Email Accounts,2023,2025,11,"Wizard Spider, Mustang Panda, APT42, TA577, Star Blizzard, CURIUM, Indrik Spider, Medusa Group, OilRig, Moonstone Sleet, Contagious Interview"
Email Addresses,2020,2022,11,"Magic Hound, Kimsuky, HEXANE, HAFNIUM, Lazarus Group, Sandworm Team, LAPSUS$, Silent Librarian, TA551, EXOTIC LILY, APT32"
Exfiltration to Cloud Storage,2020,2022,11,"POLONIUM, FIN7, HEXANE, Earth Lusca, Kimsuky, Chimera, HAFNIUM, Confucius, Threat Group-3390, ZIRCONIUM, Leviathan"
Exploit Public-Facing Application,2018,2020,11,"APT41, APT39, Fox Kitten, GALLIUM, Blue Mockingbird, Axiom, BlackTech, APT29, APT28, GOLD SOUTHFIELD, Rocke"
External Remote Services,2020,2022,11,"Kimsuky, LAPSUS$, Wizard Spider, Sandworm Team, Chimera, Dragonfly, TeamTNT, GOLD SOUTHFIELD, APT29, Leviathan, APT28"
File Deletion,2023,2025,11,"Play, Ember Bear, INC Ransom, Contagious Interview, Metador, APT5, BlackByte, Medusa Group, UNC3886, RedCurl, Volt Typhoon"
Hidden Window,2019,2021,11,"Gorgon Group, Magic Hound, Nomadic Octopus, DarkHydrus, Deep Panda, Higaisa, APT19, APT32, APT3, CopyKittens, APT28"
Impersonation,2025,2027,11,"WIRTE, Kimsuky, Star Blizzard, Storm-1811, APT42, Contagious Interview, MuddyWater, APT28, APT-C-36, VOID MANTICORE, MirrorFace"
Ingress Tool Transfer,2024,2026,11,"Storm-1811, Medusa Group, Volt Typhoon, Daggerfly, Play, Winter Vivern, INC Ransom, Scattered Spider, VOID MANTICORE, Moonstone Sleet, BlackByte"
LSASS Memory,2022,2024,11,"Agrius, FIN13, RedCurl, APT5, Aquatic Panda, Play, Wizard Spider, Volt Typhoon, Moonstone Sleet, Earth Lusca, Ember Bear"
LSASS Memory,2024,2026,11,"Agrius, VOID MANTICORE, MirrorFace, UNC3886, RedCurl, APT5, Play, Moonstone Sleet, Mustang Panda, Ember Bear, Medusa Group"
Lateral Tool Transfer,2023,2025,11,"Agrius, Medusa Group, INC Ransom, APT41, Velvet Ant, Volt Typhoon, UNC3886, Storm-1811, Ember Bear, BlackByte, Magic Hound"
Local Account,2018,2020,11,"Fox Kitten, Turla, Poseidon Group, APT3, OilRig, Ke3chang, APT1, APT32, APT39, APT41, Leafminer"
Local Account,2022,2024,11,"FIN13, Magic Hound, Daggerfly, Wizard Spider, Moses Staff, APT5, RedCurl, Kimsuky, Volt Typhoon, Indrik Spider, APT41"
Local Account,2023,2025,11,"Medusa Group, APT42, FIN13, Daggerfly, Wizard Spider, APT5, RedCurl, Volt Typhoon, Lotus Blossom, Indrik Spider, APT41"
Local Data Staging,2021,2023,11,"BackdoorDiplomacy, MuddyWater, Chimera, TeamTNT, Wizard Spider, Volt Typhoon, Dragonfly, Mustang Panda, Sidewinder, Indrik Spider, FIN13"
Malicious Link,2024,2026,11,"TA577, Saint Bear, RedCurl, APT-C-36, Daggerfly, APT38, Contagious Interview, Winter Vivern, WIRTE, TA578, Gamaredon Group"
Masquerading,2019,2021,11,"ZIRCONIUM, LazyScripter, TA551, Windshift, APT32, PLATINUM, Nomadic Octopus, APT28, OilRig, BRONZE BUTLER, menuPass"
Match Legitimate Resource Name or Location,2017,2019,11,"MuddyWater, Sowbug, APT32, BRONZE BUTLER, APT1, admin@338, Carbanak, Poseidon Group, Patchwork, menuPass, APT41"
Mshta,2020,2022,11,"Earth Lusca, Sidewinder, Lazarus Group, LazyScripter, APT29, SideCopy, Inception, Confucius, TA551, Mustang Panda, Gamaredon Group"
Mshta,2021,2023,11,"Earth Lusca, Sidewinder, Lazarus Group, LazyScripter, APT29, SideCopy, Confucius, TA551, Mustang Panda, TA2541, Gamaredon Group"
NTDS,2020,2022,11,"FIN6, LAPSUS$, APT28, menuPass, Fox Kitten, Chimera, Mustang Panda, Dragonfly, Ke3chang, Wizard Spider, HAFNIUM"
Network Service Discovery,2017,2019,11,"OilRig, Tropic Trooper, menuPass, Suckfly, Threat Group-3390, APT39, Cobalt Group, APT32, APT41, FIN6, Leafminer"
Network Service Discovery,2019,2021,11,"Naikon, Rocke, Tropic Trooper, APT39, Fox Kitten, DarkVishnya, APT32, BackdoorDiplomacy, Chimera, APT41, TeamTNT"
Network Service Discovery,2023,2025,11,"FIN13, Agrius, BlackByte, Ember Bear, Volt Typhoon, RedCurl, Magic Hound, Medusa Group, INC Ransom, Lotus Blossom, Mustang Panda"
Network Share Discovery,2019,2021,11,"APT39, APT32, APT41, Tonto Team, Dragonfly, Wizard Spider, Chimera, APT1, DarkVishnya, Tropic Trooper, APT38"
Non-Standard Port,2020,2022,11,"Rocke, DarkVishnya, APT32, WIRTE, Sandworm Team, FIN7, Magic Hound, Lazarus Group, APT33, Silence, APT-C-36"
Obfuscated Files or Information,2018,2020,11,"BlackOasis, APT-C-36, GALLIUM, Gallmaker, APT37, Sandworm Team, Kimsuky, APT41, APT3, Gamaredon Group, Rocke"
Obfuscated Files or Information,2019,2021,11,"APT-C-36, GALLIUM, BackdoorDiplomacy, Gallmaker, Mustang Panda, Sandworm Team, Kimsuky, APT41, Windshift, Gamaredon Group, Rocke"
Obfuscated Files or Information,2020,2022,11,"Earth Lusca, APT-C-36, BackdoorDiplomacy, Mustang Panda, Sandworm Team, Kimsuky, APT41, Windshift, Ke3chang, Gamaredon Group, Rocke"
Process Discovery,2018,2020,11,"APT37, Rocke, Magic Hound, Darkhotel, Tropic Trooper, OilRig, Inception, APT38, APT3, MuddyWater, APT1"
Remote Desktop Protocol,2019,2021,11,"Leviathan, Wizard Spider, Fox Kitten, Blue Mockingbird, Chimera, APT41, Silence, Kimsuky, APT39, Dragonfly, FIN7"
Remote Desktop Protocol,2022,2024,11,"Magic Hound, Aquatic Panda, BlackByte, APT5, INC Ransom, HEXANE, Indrik Spider, Akira, Agrius, Volt Typhoon, FIN13"
Remote Desktop Protocol,2023,2025,11,"Medusa Group, Aquatic Panda, BlackByte, APT5, INC Ransom, Indrik Spider, Akira, Scattered Spider, Agrius, Volt Typhoon, FIN13"
Remote System Discovery,2020,2022,11,"Wizard Spider, Dragonfly, Chimera, Naikon, Rocke, HEXANE, Sandworm Team, Earth Lusca, Fox Kitten, Indrik Spider, Silence"
Rundll32,2019,2021,11,"LazyScripter, TA551, Gamaredon Group, Blue Mockingbird, TA505, HAFNIUM, APT41, Sandworm Team, APT32, APT38, MuddyWater"
Scheduled Task,2024,2026,11,"Winter Vivern, BlackByte, Moonstone Sleet, Sandworm Team, APT42, Earth Lusca, ToddyCat, RedCurl, Daggerfly, Ember Bear, Storm-0501"
System Network Configuration Discovery,2018,2020,11,"MuddyWater, GALLIUM, OilRig, APT32, APT19, Darkhotel, APT1, Magic Hound, Tropic Trooper, APT41, Wizard Spider"
System Network Configuration Discovery,2022,2024,11,"Volt Typhoon, Play, SideCopy, FIN13, Moonstone Sleet, Moses Staff, BlackByte, HEXANE, Earth Lusca, HAFNIUM, Kimsuky"
Upload Malware,2024,2026,11,"WIRTE, APT-C-36, Saint Bear, OilRig, APT42, Star Blizzard, Moonstone Sleet, Contagious Interview, BlackByte, Sandworm Team, Mustard Tempest"
Valid Accounts,2021,2023,11,"Axiom, LAPSUS$, Dragonfly, FIN7, Silent Librarian, APT29, Lazarus Group, POLONIUM, Cinnamon Tempest, Ke3chang, Leviathan"
Virtual Private Server,2022,2024,11,"Gamaredon Group, APT28, Sea Turtle, Ember Bear, Volt Typhoon, BlackByte, Moonstone Sleet, Winter Vivern, Axiom, CURIUM, LAPSUS$"
Web Service,2020,2022,11,"APT32, Gamaredon Group, FIN8, Inception, Rocke, TeamTNT, Mustang Panda, Turla, EXOTIC LILY, LazyScripter, Fox Kitten"
Windows Service,2017,2019,11,"APT19, Carbanak, APT3, APT41, Cobalt Group, Ke3chang, Kimsuky, Tropic Trooper, Lazarus Group, FIN7, Threat Group-3390"
Code Signing,2017,2019,10,"CopyKittens, Suckfly, FIN6, Darkhotel, TA505, Winnti Group, Leviathan, Molerats, APT41, FIN7"
Code Signing,2019,2021,10,"Wizard Spider, menuPass, Kimsuky, Silence, FIN6, TA505, GALLIUM, Patchwork, APT41, PROMETHIUM"
Data Encrypted for Impact,2024,2026,10,"BlackByte, VOID MANTICORE, INC Ransom, Storm-1811, Medusa Group, Scattered Spider, Storm-0501, Water Galura, Akira, Moonstone Sleet"
Deobfuscate/Decode Files or Information,2024,2026,10,"Winter Vivern, Agrius, Storm-1811, Volt Typhoon, Malteiro, Mustang Panda, APT38, Moonstone Sleet, BlackByte, FIN7"
Disable or Modify Tools,2019,2021,10,"BRONZE BUTLER, Kimsuky, Rocke, Gamaredon Group, Turla, MuddyWater, FIN6, TeamTNT, Wizard Spider, Indrik Spider"
Domain Account,2022,2024,10,"RedCurl, FIN13, Scattered Spider, APT41, BlackByte, LAPSUS$, Volt Typhoon, INC Ransom, ToddyCat, Wizard Spider"
Domain Accounts,2023,2025,10,"Aquatic Panda, BlackByte, APT5, Cinnamon Tempest, Play, ToddyCat, Agrius, Volt Typhoon, OilRig, Magic Hound"
Email Addresses,2021,2023,10,"Magic Hound, Kimsuky, HEXANE, HAFNIUM, Lazarus Group, LAPSUS$, Silent Librarian, TA551, EXOTIC LILY, APT32"
Exfiltration to Cloud Storage,2024,2026,10,"Mustang Panda, Medusa Group, MuddyWater, Ember Bear, Indrik Spider, Akira, Scattered Spider, ToddyCat, Storm-0501, Contagious Interview"
External Remote Services,2018,2020,10,"Kimsuky, APT41, Wizard Spider, Sandworm Team, OilRig, Chimera, GALLIUM, GOLD SOUTHFIELD, FIN5, Ke3chang"
File Deletion,2024,2026,10,"Play, Ember Bear, MirrorFace, INC Ransom, Contagious Interview, APT5, BlackByte, Medusa Group, UNC3886, RedCurl"
Keylogging,2019,2021,10,"menuPass, APT32, APT41, Kimsuky, APT39, Sandworm Team, APT38, Ajax Security Team, Tonto Team, FIN4"
Local Data Staging,2020,2022,10,"BackdoorDiplomacy, MuddyWater, Chimera, TeamTNT, Kimsuky, APT39, Dragonfly, Mustang Panda, Sidewinder, Indrik Spider"
Modify Registry,2024,2026,10,"Lotus Blossom, Aquatic Panda, Indrik Spider, Saint Bear, Volt Typhoon, OilRig, Ember Bear, APT42, BlackByte, Medusa Group"
Native API,2020,2022,10,"BlackTech, Tropic Trooper, menuPass, Higaisa, Gamaredon Group, SideCopy, APT38, Lazarus Group, TA505, Chimera"
Network Service Discovery,2018,2020,10,"OilRig, Rocke, Tropic Trooper, APT39, Fox Kitten, DarkVishnya, Cobalt Group, APT32, APT41, Leafminer"
Network Service Discovery,2022,2024,10,"FIN13, Agrius, BlackByte, Ember Bear, Volt Typhoon, RedCurl, BlackTech, Magic Hound, INC Ransom, Lazarus Group"
Remote Desktop Protocol,2020,2022,10,"Magic Hound, Wizard Spider, Fox Kitten, HEXANE, Blue Mockingbird, Chimera, Silence, Kimsuky, Dragonfly, FIN7"
Rundll32,2018,2020,10,"Gamaredon Group, APT19, Blue Mockingbird, CopyKittens, TA505, APT41, Sandworm Team, APT32, APT3, MuddyWater"
SMB/Windows Admin Shares,2018,2020,10,"Orangeworm, Blue Mockingbird, APT32, APT41, APT39, APT3, Wizard Spider, Chimera, Fox Kitten, FIN8"
Screen Capture,2018,2020,10,"OilRig, MuddyWater, GOLD SOUTHFIELD, BRONZE BUTLER, Magic Hound, APT39, Gamaredon Group, Silence, FIN7, Dark Caracal"
Security Software Discovery,2020,2022,10,"Kimsuky, Windshift, Aquatic Panda, Turla, TeamTNT, SideCopy, Sidewinder, Wizard Spider, Rocke, APT38"
Social Media Accounts,2020,2022,10,"Fox Kitten, EXOTIC LILY, Kimsuky, HEXANE, Lazarus Group, Magic Hound, Leviathan, Cleaver, Sandworm Team, APT32"
Software Discovery,2020,2022,10,"Windigo, HEXANE, Mustang Panda, Windshift, Inception, BRONZE BUTLER, Tropic Trooper, SideCopy, MuddyWater, Sidewinder"
System Network Configuration Discovery,2023,2025,10,"Volt Typhoon, Play, APT42, FIN13, Medusa Group, Moonstone Sleet, BlackByte, Scattered Spider, Lotus Blossom, HAFNIUM"
System Owner/User Discovery,2023,2025,10,"HAFNIUM, Winter Vivern, FIN7, Volt Typhoon, Moonstone Sleet, Aquatic Panda, Medusa Group, FIN8, LuminousMoth, Storm-1811"
Web Protocols,2024,2026,10,"Medusa Group, Moonstone Sleet, RedCurl, BlackByte, Daggerfly, RedEcho, VOID MANTICORE, Winter Vivern, APT42, Sea Turtle"
Web Service,2019,2021,10,"APT32, Gamaredon Group, FIN8, FIN6, Inception, Rocke, TeamTNT, Turla, LazyScripter, Fox Kitten"
Web Services,2023,2025,10,"Saint Bear, TA578, Contagious Interview, FIN7, CURIUM, Winter Vivern, TA2541, Gamaredon Group, Medusa Group, Mustang Panda"
Web Services,2024,2026,10,"Saint Bear, TA578, APT-C-36, Contagious Interview, CURIUM, Winter Vivern, VOID MANTICORE, Gamaredon Group, Medusa Group, Mustang Panda"
Web Shell,2022,2024,10,"Volt Typhoon, Ember Bear, CURIUM, Sea Turtle, FIN13, BlackByte, Magic Hound, Agrius, Moses Staff, APT5"
Web Shell,2023,2025,10,"Volt Typhoon, Ember Bear, CURIUM, Sea Turtle, FIN13, BlackByte, Mustang Panda, Agrius, APT5, Medusa Group"
Windows Service,2019,2021,10,"TeamTNT, DarkVishnya, APT41, Wizard Spider, Kimsuky, APT38, Tropic Trooper, APT32, PROMETHIUM, Blue Mockingbird"
Archive via Utility,2021,2023,9,"Wizard Spider, FIN13, Kimsuky, Volt Typhoon, Mustang Panda, Earth Lusca, HAFNIUM, APT28, Aquatic Panda"
Bidirectional Communication,2020,2022,9,"ZIRCONIUM, Kimsuky, POLONIUM, Lazarus Group, Sandworm Team, APT28, APT39, HEXANE, MuddyWater"
Code Signing,2020,2022,9,"Wizard Spider, menuPass, Kimsuky, Lazarus Group, Silence, GALLIUM, Patchwork, Moses Staff, PROMETHIUM"
Compression,2025,2027,9,"TA2541, Higaisa, Mofang, Leviathan, WIRTE, Threat Group-3390, Kimsuky, Gamaredon Group, VOID MANTICORE"
DLL,2022,2024,9,"FIN13, Aquatic Panda, Lazarus Group, LuminousMoth, SideCopy, Cinnamon Tempest, Earth Lusca, Daggerfly, MuddyWater"
DNS,2019,2021,9,"APT39, APT18, Tropic Trooper, APT41, Ke3chang, Chimera, Cobalt Group, LazyScripter, OilRig"
Domain Account,2019,2021,9,"Turla, GALLIUM, Wizard Spider, Fox Kitten, Dragonfly, Chimera, MuddyWater, Sandworm Team, HAFNIUM"
Domain Account,2020,2022,9,"Turla, Wizard Spider, Fox Kitten, Dragonfly, Chimera, LAPSUS$, MuddyWater, Sandworm Team, HAFNIUM"
Domains,2025,2027,9,"APT-C-36, Contagious Interview, MuddyWater, Scattered Spider, Storm-1811, APT38, APT42, WIRTE, VOID MANTICORE"
Drive-by Compromise,2021,2023,9,"Transparent Tribe, Leviathan, Windigo, APT28, Magic Hound, Earth Lusca, Axiom, Andariel, Machete"
Encrypted/Encoded File,2021,2023,9,"Moses Staff, TA2541, Transparent Tribe, APT39, TeamTNT, BITTER, Sidewinder, Higaisa, Metador"
Exfiltration Over C2 Channel,2020,2022,9,"Sandworm Team, MuddyWater, Wizard Spider, APT39, Confucius, ZIRCONIUM, Higaisa, Leviathan, Chimera"
Exfiltration Over C2 Channel,2024,2026,9,"Winter Vivern, CURIUM, Scattered Spider, Contagious Interview, Mustang Panda, Agrius, VOID MANTICORE, BlackByte, WIRTE"
File Deletion,2021,2023,9,"Mustang Panda, Chimera, APT39, Evilnum, Aquatic Panda, Metador, TeamTNT, Dragonfly, Volt Typhoon"
File Deletion,2022,2024,9,"Play, Ember Bear, INC Ransom, Aquatic Panda, Metador, APT5, BlackByte, RedCurl, Volt Typhoon"
Internet Connection Discovery,2021,2023,9,"TA2541, Magic Hound, FIN13, FIN8, Turla, HAFNIUM, APT29, Gamaredon Group, HEXANE"
Internet Connection Discovery,2022,2024,9,"TA2541, Magic Hound, FIN13, FIN8, Volt Typhoon, HAFNIUM, APT29, Gamaredon Group, HEXANE"
JavaScript,2018,2020,9,"Cobalt Group, Leafminer, FIN7, Silence, FIN6, TA505, APT32, Kimsuky, Molerats"
JavaScript,2021,2023,9,"LazyScripter, Turla, Evilnum, Sidewinder, Earth Lusca, MoustachedBouncer, MuddyWater, Indrik Spider, Higaisa"
Lateral Tool Transfer,2024,2026,9,"Agrius, Medusa Group, INC Ransom, APT41, Velvet Ant, UNC3886, Storm-1811, Ember Bear, BlackByte"
Local Account,2024,2026,9,"Medusa Group, APT42, Daggerfly, APT5, RedCurl, Volt Typhoon, Lotus Blossom, Indrik Spider, APT41"
Local Data Staging,2017,2019,9,"APT28, Patchwork, Leviathan, GALLIUM, Lazarus Group, Threat Group-3390, menuPass, APT3, FIN5"
Local Data Staging,2019,2021,9,"BackdoorDiplomacy, GALLIUM, Chimera, Kimsuky, APT39, Dragonfly, Mustang Panda, Sidewinder, Indrik Spider"
Malicious File,2023,2025,9,"RedCurl, CURIUM, Malteiro, Saint Bear, Storm-1811, Star Blizzard, Moonstone Sleet, Contagious Interview, TA2541"
Malicious File,2024,2026,9,"RedCurl, Malteiro, Saint Bear, Storm-1811, MirrorFace, VOID MANTICORE, Star Blizzard, Moonstone Sleet, Contagious Interview"
Masquerade Task or Service,2021,2023,9,"BackdoorDiplomacy, Higaisa, ZIRCONIUM, Naikon, Lazarus Group, APT41, Magic Hound, FIN13, BITTER"
Masquerading,2021,2023,9,"ZIRCONIUM, FIN13, LazyScripter, TA551, Nomadic Octopus, Aoqin Dragon, TeamTNT, APT28, OilRig"
Modify Registry,2019,2021,9,"Dragonfly, Gamaredon Group, Silence, APT41, APT38, Kimsuky, Wizard Spider, APT32, Blue Mockingbird"
Modify Registry,2020,2022,9,"Dragonfly, Gamaredon Group, Silence, Kimsuky, Wizard Spider, TA505, Earth Lusca, Magic Hound, Blue Mockingbird"
NTDS,2021,2023,9,"LAPSUS$, APT28, Volt Typhoon, Mustang Panda, FIN13, Sandworm Team, Dragonfly, Ke3chang, HAFNIUM"
Network Service Discovery,2020,2022,9,"Naikon, Rocke, Fox Kitten, DarkVishnya, BlackTech, BackdoorDiplomacy, Chimera, Lazarus Group, TeamTNT"
Network Service Discovery,2024,2026,9,"Agrius, BlackByte, Ember Bear, Volt Typhoon, RedCurl, Medusa Group, INC Ransom, Lotus Blossom, Mustang Panda"
Process Discovery,2022,2024,9,"Volt Typhoon, HEXANE, Kimsuky, Play, Gamaredon Group, HAFNIUM, ToddyCat, Earth Lusca, APT5"
Process Discovery,2023,2025,9,"Volt Typhoon, Play, FIN7, HAFNIUM, Storm-0501, ToddyCat, APT5, UNC3886, Medusa Group"
Remote System Discovery,2021,2023,9,"Dragonfly, HAFNIUM, Chimera, Naikon, HEXANE, Earth Lusca, Magic Hound, Indrik Spider, Volt Typhoon"
Rundll32,2021,2023,9,"LazyScripter, Lazarus Group, Kimsuky, TA551, HAFNIUM, FIN7, APT38, Magic Hound, Wizard Spider"
SMB/Windows Admin Shares,2017,2019,9,"Orangeworm, APT32, Threat Group-1314, Lazarus Group, APT3, Turla, Ke3chang, Deep Panda, FIN8"
SMB/Windows Admin Shares,2019,2021,9,"Blue Mockingbird, APT32, APT41, APT39, APT28, Wizard Spider, Sandworm Team, Chimera, Fox Kitten"
SMB/Windows Admin Shares,2020,2022,9,"Blue Mockingbird, APT41, APT39, APT28, Wizard Spider, Moses Staff, Sandworm Team, Chimera, Fox Kitten"
Screen Capture,2017,2019,9,"OilRig, Group5, APT28, MuddyWater, BRONZE BUTLER, Magic Hound, Silence, FIN7, Dark Caracal"
Security Software Discovery,2018,2020,9,"Turla, Darkhotel, MuddyWater, The White Company, FIN8, Cobalt Group, Wizard Spider, Rocke, Tropic Trooper"
Security Software Discovery,2023,2025,9,"Malteiro, Gamaredon Group, APT42, Storm-0501, TA2541, Play, Medusa Group, ToddyCat, BlackByte"
Server,2020,2022,9,"Earth Lusca, GALLIUM, Kimsuky, Sandworm Team, Dragonfly, Indrik Spider, Lazarus Group, Turla, APT16"
Service Execution,2019,2021,9,"Blue Mockingbird, APT39, FIN6, Silence, Wizard Spider, Chimera, APT32, APT41, APT38"
Software Packing,2017,2019,9,"APT3, Patchwork, The White Company, Dark Caracal, APT29, APT39, GALLIUM, Elderwood, APT38"
Software Packing,2018,2020,9,"APT3, The White Company, Dark Caracal, Rocke, APT39, TA505, GALLIUM, Elderwood, APT38"
Software Packing,2019,2021,9,"The White Company, Kimsuky, Rocke, APT39, ZIRCONIUM, TA505, GALLIUM, TeamTNT, APT38"
Steganography,2020,2022,9,"APT37, Tropic Trooper, MuddyWater, Axiom, BRONZE BUTLER, Earth Lusca, TA551, Andariel, Leviathan"
System Network Connections Discovery,2018,2020,9,"APT41, APT38, OilRig, Tropic Trooper, APT32, APT3, APT1, GALLIUM, Sandworm Team"
System Network Connections Discovery,2022,2024,9,"HEXANE, INC Ransom, ToddyCat, Earth Lusca, Magic Hound, Volt Typhoon, APT5, FIN13, Lazarus Group"
Visual Basic,2022,2024,9,"Lazarus Group, Confucius, FIN13, Earth Lusca, HEXANE, RedCurl, TA2541, SideCopy, Malteiro"
Vulnerability Scanning,2020,2022,9,"Magic Hound, TeamTNT, Sandworm Team, Aquatic Panda, Earth Lusca, Volatile Cedar, APT29, APT28, Dragonfly"
Web Shell,2018,2020,9,"Kimsuky, Fox Kitten, APT32, GALLIUM, Threat Group-3390, Leviathan, APT39, OilRig, Tropic Trooper"
Acquire Infrastructure,2024,2026,8,"Ember Bear, Star Blizzard, Contagious Interview, Kimsuky, Sea Turtle, Sandworm Team, Agrius, Indrik Spider"
Archive via Utility,2020,2022,8,"Chimera, Fox Kitten, Kimsuky, Mustang Panda, Earth Lusca, HAFNIUM, APT28, Aquatic Panda"
Automated Collection,2018,2020,8,"Gamaredon Group, Tropic Trooper, FIN5, APT28, Patchwork, OilRig, APT1, menuPass"
Automated Collection,2019,2021,8,"Gamaredon Group, Tropic Trooper, Confucius, APT1, menuPass, Chimera, Sidewinder, Mustang Panda"
Automated Collection,2020,2022,8,"Gamaredon Group, Tropic Trooper, Ke3chang, Confucius, menuPass, Chimera, Sidewinder, Mustang Panda"
Command Obfuscation,2019,2021,8,"Silence, Chimera, TA551, FIN6, Turla, Wizard Spider, LazyScripter, GOLD SOUTHFIELD"
Command Obfuscation,2020,2022,8,"Aquatic Panda, HEXANE, Chimera, TA551, FIN6, Wizard Spider, LazyScripter, GOLD SOUTHFIELD"
Command and Scripting Interpreter,2017,2019,8,"APT19, Ke3chang, APT39, OilRig, FIN7, Stealth Falcon, FIN5, FIN6"
Command and Scripting Interpreter,2018,2020,8,"APT19, APT32, APT39, OilRig, FIN7, FIN5, Whitefly, Fox Kitten"
Credentials In Files,2019,2021,8,"TeamTNT, Leafminer, OilRig, APT33, MuddyWater, TA505, Fox Kitten, Kimsuky"
Credentials from Password Stores,2020,2022,8,"APT39, HEXANE, APT33, Leafminer, FIN6, OilRig, Evilnum, MuddyWater"
DLL,2017,2019,8,"APT32, APT19, Threat Group-3390, menuPass, Patchwork, Tropic Trooper, GALLIUM, APT3"
DNS,2018,2020,8,"APT39, APT18, Tropic Trooper, APT41, Ke3chang, Cobalt Group, FIN7, OilRig"
DNS,2020,2022,8,"APT39, APT18, Tropic Trooper, Ke3chang, Chimera, Cobalt Group, LazyScripter, OilRig"
Data from Local System,2024,2026,8,"OilRig, Agrius, MirrorFace, Aquatic Panda, RedCurl, ToddyCat, Ember Bear, VOID MANTICORE"
Disable or Modify Tools,2018,2020,8,"BRONZE BUTLER, Kimsuky, Rocke, Gamaredon Group, Turla, FIN6, Gorgon Group, Wizard Spider"
Domain Account,2018,2020,8,"Turla, GALLIUM, Wizard Spider, Fox Kitten, BRONZE BUTLER, Chimera, OilRig, Sandworm Team"
Domain Account,2025,2027,8,"VOID MANTICORE, Mustang Panda, Storm-0501, MirrorFace, Storm-1811, FIN7, Medusa Group, Lotus Blossom"
Domain Accounts,2024,2026,8,"VOID MANTICORE, Aquatic Panda, BlackByte, APT5, Play, ToddyCat, Agrius, OilRig"
Drive-by Compromise,2022,2024,8,"APT28, Magic Hound, Earth Lusca, Mustard Tempest, Axiom, Winter Vivern, CURIUM, Daggerfly"
Dynamic Data Exchange,2018,2020,8,"Cobalt Group, APT37, TA505, FIN7, Gallmaker, MuddyWater, APT28, Patchwork"
Encrypted/Encoded File,2024,2026,8,"Storm-1811, Kimsuky, Saint Bear, Moonstone Sleet, Malteiro, Contagious Interview, APT-C-36, MirrorFace"
Exfiltration Over C2 Channel,2017,2019,8,"Gamaredon Group, APT3, APT32, Stealth Falcon, Ke3chang, Lazarus Group, Kimsuky, GALLIUM"
Exfiltration Over C2 Channel,2018,2020,8,"Sandworm Team, APT3, MuddyWater, APT32, Wizard Spider, APT39, Kimsuky, GALLIUM"
Exfiltration Over C2 Channel,2023,2025,8,"Winter Vivern, LuminousMoth, CURIUM, Scattered Spider, Contagious Interview, Mustang Panda, Agrius, BlackByte"
Exploitation for Privilege Escalation,2017,2019,8,"APT28, Threat Group-3390, PLATINUM, FIN6, APT33, FIN8, Cobalt Group, APT32"
Exploitation for Privilege Escalation,2021,2023,8,"Turla, Tonto Team, MoustachedBouncer, ZIRCONIUM, Scattered Spider, APT29, LAPSUS$, BITTER"
Exploitation for Privilege Escalation,2022,2024,8,"MoustachedBouncer, Scattered Spider, APT29, LAPSUS$, BlackByte, BITTER, Volt Typhoon, OilRig"
Exploitation of Remote Services,2020,2022,8,"FIN7, MuddyWater, Tonto Team, Dragonfly, Fox Kitten, menuPass, Earth Lusca, Wizard Spider"
External Remote Services,2021,2023,8,"LAPSUS$, Scattered Spider, FIN13, Dragonfly, TeamTNT, APT29, Leviathan, APT28"
External Remote Services,2022,2024,8,"LAPSUS$, Scattered Spider, Akira, Play, FIN13, Volt Typhoon, Ember Bear, Sea Turtle"
External Remote Services,2023,2025,8,"Scattered Spider, Akira, Play, FIN13, Volt Typhoon, Ember Bear, Sea Turtle, Velvet Ant"
External Remote Services,2024,2026,8,"Akira, Play, Volt Typhoon, VOID MANTICORE, Ember Bear, APT-C-36, Sea Turtle, Velvet Ant"
Impersonation,2026,2028,8,"WIRTE, Kimsuky, Star Blizzard, MuddyWater, APT28, APT-C-36, VOID MANTICORE, MirrorFace"
Internet Connection Discovery,2023,2025,8,"TA2541, Magic Hound, FIN13, FIN8, Lotus Blossom, Volt Typhoon, HAFNIUM, APT29"
JavaScript,2023,2025,8,"Mustang Panda, TA577, Star Blizzard, Saint Bear, MoustachedBouncer, TA578, Contagious Interview, Winter Vivern"
JavaScript,2024,2026,8,"APT-C-36, Mustang Panda, TA577, Star Blizzard, Saint Bear, TA578, Contagious Interview, Winter Vivern"
Lateral Tool Transfer,2022,2024,8,"Agrius, INC Ransom, APT41, Aoqin Dragon, Volt Typhoon, Ember Bear, BlackByte, Magic Hound"
Local Account,2021,2023,8,"FIN13, Magic Hound, Wizard Spider, Dragonfly, Moses Staff, Kimsuky, TeamTNT, Chimera"
Local Data Staging,2023,2025,8,"UNC3886, APT5, Wizard Spider, Volt Typhoon, Storm-1811, Lotus Blossom, FIN13, Agrius"
Local Storage Discovery,2023,2025,8,"Volt Typhoon, Higaisa, Kimsuky, Lazarus Group, Tropic Trooper, ToddyCat, TeamTNT, Patchwork"
Native API,2018,2020,8,"Tropic Trooper, menuPass, Silence, Gamaredon Group, Gorgon Group, APT37, Turla, Chimera"
Native API,2019,2021,8,"Tropic Trooper, menuPass, Higaisa, Silence, Gamaredon Group, APT38, Turla, Chimera"
Network Service Discovery,2021,2023,8,"Naikon, FIN13, BlackTech, Magic Hound, BackdoorDiplomacy, Chimera, Lazarus Group, TeamTNT"
Network Share Discovery,2018,2020,8,"APT39, APT32, APT41, Wizard Spider, APT1, DarkVishnya, Sowbug, Tropic Trooper"
Network Share Discovery,2020,2022,8,"APT39, APT32, Tonto Team, Dragonfly, Wizard Spider, Chimera, DarkVishnya, APT38"
PowerShell,2025,2027,8,"Medusa Group, UNC3886, Scattered Spider, APT42, VOID MANTICORE, Storm-0501, Storm-1811, APT-C-36"
Process Discovery,2024,2026,8,"MirrorFace, Play, FIN7, Storm-0501, ToddyCat, APT5, UNC3886, Medusa Group"
Process Injection,2018,2020,8,"Silence, PLATINUM, Turla, APT32, APT37, Kimsuky, Cobalt Group, APT41"
Protocol Tunneling,2023,2025,8,"Magic Hound, Cinnamon Tempest, Ember Bear, Salt Typhoon, FIN13, FIN7, Mustang Panda, Scattered Spider"
Proxy,2020,2022,8,"Blue Mockingbird, LAPSUS$, Fox Kitten, CopyKittens, Sandworm Team, POLONIUM, Earth Lusca, Windigo"
Proxy,2021,2023,8,"LAPSUS$, MoustachedBouncer, Magic Hound, CopyKittens, POLONIUM, Earth Lusca, Volt Typhoon, Windigo"
Proxy,2022,2024,8,"LAPSUS$, MoustachedBouncer, Magic Hound, CopyKittens, POLONIUM, Earth Lusca, Volt Typhoon, Cinnamon Tempest"
Python,2021,2023,8,"Tonto Team, MuddyWater, ZIRCONIUM, APT37, Dragonfly, Cinnamon Tempest, Earth Lusca, Turla"
Registry Run Keys / Startup Folder,2023,2025,8,"TA2541, Moonstone Sleet, LuminousMoth, RedCurl, Storm-1811, Contagious Interview, FIN13, BlackByte"
Rundll32,2022,2024,8,"Lazarus Group, Kimsuky, Aquatic Panda, FIN7, RedCurl, Magic Hound, Wizard Spider, Daggerfly"
SMB/Windows Admin Shares,2023,2025,8,"Storm-1811, ToddyCat, Cinnamon Tempest, BlackByte, Play, Aquatic Panda, Velvet Ant, FIN13"
SSH,2023,2025,8,"Storm-1811, FIN13, UNC3886, Scattered Spider, Indrik Spider, Salt Typhoon, Aquatic Panda, APT5"
Security Software Discovery,2017,2019,8,"Darkhotel, MuddyWater, The White Company, FIN8, Cobalt Group, Naikon, Patchwork, Tropic Trooper"
Security Software Discovery,2021,2023,8,"Kimsuky, Windshift, Aquatic Panda, TA2541, TeamTNT, SideCopy, Sidewinder, APT38"
Security Software Discovery,2022,2024,8,"Kimsuky, Malteiro, Aquatic Panda, TA2541, Play, SideCopy, ToddyCat, BlackByte"
Security Software Discovery,2024,2026,8,"Malteiro, Gamaredon Group, APT42, Storm-0501, Play, Medusa Group, ToddyCat, BlackByte"
Server,2022,2024,8,"Earth Lusca, Volt Typhoon, Sandworm Team, Kimsuky, Mustard Tempest, Lazarus Group, CURIUM, Daggerfly"
Service Execution,2018,2020,8,"Blue Mockingbird, APT39, FIN6, Silence, Wizard Spider, APT32, APT41, Ke3chang"
Social Media Accounts,2021,2023,8,"Fox Kitten, EXOTIC LILY, Kimsuky, HEXANE, Lazarus Group, Magic Hound, Leviathan, CURIUM"
Social Media Accounts,2022,2024,8,"EXOTIC LILY, Moonstone Sleet, Kimsuky, HEXANE, Lazarus Group, Star Blizzard, CURIUM, Sandworm Team"
Social Media Accounts,2023,2025,8,"Moonstone Sleet, Medusa Group, Water Galura, Contagious Interview, Star Blizzard, Scattered Spider, CURIUM, Sandworm Team"
Social Media Accounts,2024,2026,8,"Moonstone Sleet, Medusa Group, VOID MANTICORE, Water Galura, Contagious Interview, Star Blizzard, Scattered Spider, Sandworm Team"
Software Discovery,2021,2023,8,"Windigo, HEXANE, Volt Typhoon, Mustang Panda, Windshift, SideCopy, MuddyWater, Sidewinder"
Spearphishing Attachment,2023,2025,8,"Saint Bear, Moonstone Sleet, Malteiro, TA2541, Winter Vivern, CURIUM, Star Blizzard, RedCurl"
Spearphishing Attachment,2024,2026,8,"Saint Bear, Moonstone Sleet, Malteiro, MirrorFace, Winter Vivern, CURIUM, Star Blizzard, RedCurl"
System Information Discovery,2025,2027,8,"MirrorFace, APT42, Contagious Interview, VOID MANTICORE, Medusa Group, Scattered Spider, FIN7, Storm-0501"
System Network Configuration Discovery,2024,2026,8,"Play, APT42, Medusa Group, Moonstone Sleet, MirrorFace, BlackByte, Scattered Spider, Lotus Blossom"
Vulnerability Scanning,2021,2023,8,"Magic Hound, TeamTNT, Aquatic Panda, Earth Lusca, Volatile Cedar, APT29, APT28, Dragonfly"
Web Shell,2024,2026,8,"Ember Bear, CURIUM, Sea Turtle, BlackByte, Mustang Panda, Agrius, APT5, Medusa Group"
Windows Service,2020,2022,8,"TeamTNT, DarkVishnya, Wizard Spider, APT38, Earth Lusca, APT32, PROMETHIUM, Blue Mockingbird"
Archive Collected Data,2017,2019,7,"APT32, menuPass, Lazarus Group, APT28, FIN6, Ke3chang, Patchwork"
Automated Collection,2017,2019,7,"Threat Group-3390, FIN5, FIN6, APT28, Patchwork, OilRig, APT1"
Bidirectional Communication,2018,2020,7,"APT12, Turla, APT37, Sandworm Team, FIN7, APT39, Magic Hound"
Bidirectional Communication,2021,2023,7,"ZIRCONIUM, Kimsuky, POLONIUM, Lazarus Group, APT28, HEXANE, MuddyWater"
Brute Force,2019,2021,7,"Fox Kitten, Dragonfly, APT39, APT28, DarkVishnya, APT38, APT41"
Brute Force,2020,2022,7,"Fox Kitten, Dragonfly, APT39, APT28, HEXANE, DarkVishnya, APT38"
Bypass User Account Control,2017,2019,7,"APT29, Threat Group-3390, APT37, BRONZE BUTLER, Cobalt Group, Patchwork, MuddyWater"
Cloud Accounts,2024,2026,7,"Storm-1811, HAFNIUM, VOID MANTICORE, Storm-0501, APT-C-36, Scattered Spider, APT5"
Code Signing,2022,2024,7,"Saint Bear, LuminousMoth, Lazarus Group, OilRig, Daggerfly, Scattered Spider, Moses Staff"
Code Signing,2023,2025,7,"Saint Bear, LuminousMoth, Mustang Panda, OilRig, Daggerfly, Scattered Spider, Medusa Group"
Command and Scripting Interpreter,2019,2021,7,"APT32, APT39, APT37, Windigo, Dragonfly, Whitefly, Fox Kitten"
Credentials In Files,2018,2020,7,"Leafminer, OilRig, APT33, MuddyWater, APT3, TA505, Fox Kitten"
Disable or Modify System Firewall,2024,2026,7,"ToddyCat, FIN7, Salt Typhoon, Velvet Ant, UNC3886, BlackByte, Medusa Group"
Disable or Modify Tools,2021,2023,7,"TA505, Magic Hound, Aquatic Panda, TA2541, MuddyWater, TeamTNT, Indrik Spider"
Disable or Modify Tools,2025,2027,7,"APT38, Velvet Ant, Medusa Group, UNC3886, MirrorFace, Contagious Interview, Scattered Spider"
Domain Account,2017,2019,7,"GALLIUM, Poseidon Group, FIN6, BRONZE BUTLER, menuPass, OilRig, Ke3chang"
Domain Account,2021,2023,7,"FIN13, Dragonfly, LAPSUS$, Volt Typhoon, MuddyWater, Wizard Spider, HAFNIUM"
Domain Groups,2023,2025,7,"INC Ransom, Medusa Group, Scattered Spider, Mustang Panda, Volt Typhoon, ToddyCat, FIN7"
Email Accounts,2025,2027,7,"Mustang Panda, APT42, VOID MANTICORE, APT-C-36, Medusa Group, Contagious Interview, WIRTE"
Email Addresses,2022,2024,7,"Moonstone Sleet, Saint Bear, HEXANE, Lazarus Group, LAPSUS$, EXOTIC LILY, Volt Typhoon"
Encrypted/Encoded File,2022,2024,7,"Moses Staff, TA2541, BITTER, Saint Bear, Moonstone Sleet, Malteiro, Metador"
Encrypted/Encoded File,2023,2025,7,"TA2541, Storm-1811, Saint Bear, Moonstone Sleet, Malteiro, Contagious Interview, Metador"
Exfiltration Over Unencrypted Non-C2 Protocol,2018,2020,7,"OilRig, APT33, FIN6, Wizard Spider, FIN8, Thrip, APT32"
Exploit Public-Facing Application,2025,2027,7,"Salt Typhoon, MirrorFace, UNC3886, Medusa Group, Leviathan, VOID MANTICORE, Storm-0501"
Exploitation for Client Execution,2022,2024,7,"Aoqin Dragon, Ember Bear, BITTER, Axiom, EXOTIC LILY, OilRig, Saint Bear"
Exploitation for Privilege Escalation,2020,2022,7,"Turla, Tonto Team, ZIRCONIUM, APT29, LAPSUS$, BITTER, Whitefly"
Exploitation for Privilege Escalation,2023,2025,7,"MoustachedBouncer, Scattered Spider, HAFNIUM, UNC3886, BlackByte, Volt Typhoon, OilRig"
Exploitation of Remote Services,2019,2021,7,"FIN7, Threat Group-3390, Tonto Team, Dragonfly, Fox Kitten, menuPass, Wizard Spider"
External Proxy,2017,2019,7,"menuPass, MuddyWater, GALLIUM, FIN5, Lazarus Group, APT28, APT3"
External Proxy,2018,2020,7,"Silence, APT39, MuddyWater, GALLIUM, FIN5, Lazarus Group, APT3"
External Remote Services,2017,2019,7,"Threat Group-3390, APT41, OilRig, GALLIUM, FIN5, APT18, Ke3chang"
Impersonation,2023,2025,7,"Scattered Spider, APT41, LAPSUS$, Saint Bear, Storm-1811, APT42, Contagious Interview"
JavaScript,2022,2024,7,"TA577, Star Blizzard, Earth Lusca, Saint Bear, MoustachedBouncer, TA578, Winter Vivern"
LSA Secrets,2020,2022,7,"Ke3chang, Leafminer, APT33, menuPass, MuddyWater, OilRig, Dragonfly"
LSASS Memory,2021,2023,7,"HAFNIUM, Indrik Spider, FIN13, Aquatic Panda, Wizard Spider, Volt Typhoon, Earth Lusca"
Lateral Tool Transfer,2020,2022,7,"Turla, Sandworm Team, Chimera, Aoqin Dragon, Wizard Spider, APT32, GALLIUM"
Local Data Staging,2018,2020,7,"Patchwork, Leviathan, GALLIUM, Kimsuky, APT39, APT3, FIN5"
Local Data Staging,2022,2024,7,"APT5, MuddyWater, TeamTNT, Wizard Spider, Volt Typhoon, FIN13, Agrius"
Local Storage Discovery,2024,2026,7,"Higaisa, Kimsuky, Lazarus Group, Tropic Trooper, ToddyCat, TeamTNT, Patchwork"
Masquerading,2022,2024,7,"FIN13, Agrius, Ember Bear, Aoqin Dragon, TeamTNT, Sandworm Team, Winter Vivern"
Masquerading,2023,2025,7,"FIN13, Contagious Interview, Agrius, Ember Bear, Storm-1811, Sandworm Team, Winter Vivern"
Mshta,2019,2021,7,"Sidewinder, LazyScripter, Kimsuky, APT32, Inception, TA551, Mustang Panda"
Mshta,2022,2024,7,"Earth Lusca, Lazarus Group, APT29, SideCopy, Confucius, TA2541, Gamaredon Group"
NTDS,2022,2024,7,"LAPSUS$, APT41, Volt Typhoon, FIN13, Sandworm Team, Ke3chang, Scattered Spider"
Process Injection,2023,2025,7,"APT38, APT5, TA2541, BlackByte, Gamaredon Group, Wizard Spider, Velvet Ant"
Proxy,2023,2025,7,"MoustachedBouncer, Magic Hound, Scattered Spider, Gamaredon Group, Contagious Interview, Volt Typhoon, Cinnamon Tempest"
Query Registry,2023,2025,7,"Volt Typhoon, Gamaredon Group, Lotus Blossom, Indrik Spider, APT41, BlackByte, Daggerfly"
Rundll32,2017,2019,7,"APT28, APT19, CopyKittens, TA505, APT3, Carbanak, MuddyWater"
Rundll32,2023,2025,7,"UNC3886, Storm-0501, Aquatic Panda, FIN7, RedCurl, Wizard Spider, Daggerfly"
SMB/Windows Admin Shares,2022,2024,7,"ToddyCat, Cinnamon Tempest, Moses Staff, BlackByte, Play, Aquatic Panda, FIN13"
SMB/Windows Admin Shares,2024,2026,7,"Storm-1811, ToddyCat, BlackByte, Play, Aquatic Panda, MirrorFace, Velvet Ant"
SSH,2024,2026,7,"Storm-1811, UNC3886, Scattered Spider, Indrik Spider, Salt Typhoon, Aquatic Panda, APT5"
Security Account Manager,2023,2025,7,"Agrius, Ember Bear, FIN13, APT29, APT5, Daggerfly, APT41"
Server,2021,2023,7,"Earth Lusca, Volt Typhoon, GALLIUM, Kimsuky, Dragonfly, Indrik Spider, Lazarus Group"
Software Packing,2020,2022,7,"Aoqin Dragon, Kimsuky, Rocke, ZIRCONIUM, TA505, TeamTNT, Threat Group-3390"
Software Packing,2021,2023,7,"Aoqin Dragon, Kimsuky, TA2541, ZIRCONIUM, TeamTNT, Threat Group-3390, MoustachedBouncer"
Software Packing,2022,2024,7,"APT41, Aoqin Dragon, Volt Typhoon, TA2541, Threat Group-3390, MoustachedBouncer, Saint Bear"
Software Packing,2023,2025,7,"APT41, Storm-0501, Volt Typhoon, TA2541, MoustachedBouncer, Saint Bear, Medusa Group"
Standard Encoding,2018,2020,7,"BRONZE BUTLER, MuddyWater, APT19, APT33, Lazarus Group, Sandworm Team, Tropic Trooper"
Steal Web Session Cookie,2023,2025,7,"Sandworm Team, APT42, Scattered Spider, Lotus Blossom, Kimsuky, LuminousMoth, Star Blizzard"
Symmetric Cryptography,2019,2021,7,"Higaisa, APT28, Inception, Mustang Panda, ZIRCONIUM, APT33, Darkhotel"
System Network Connections Discovery,2023,2025,7,"INC Ransom, Lotus Blossom, ToddyCat, Velvet Ant, Volt Typhoon, APT5, FIN13"
System Owner/User Discovery,2024,2026,7,"Winter Vivern, Moonstone Sleet, Aquatic Panda, Medusa Group, MirrorFace, Kimsuky, Storm-1811"
System Service Discovery,2020,2022,7,"Earth Lusca, TeamTNT, Chimera, Indrik Spider, Aquatic Panda, Kimsuky, BRONZE BUTLER"
Unix Shell,2024,2026,7,"Velvet Ant, Contagious Interview, Scattered Spider, Aquatic Panda, Volt Typhoon, UNC3886, Sea Turtle"
Web Shell,2017,2019,7,"APT32, GALLIUM, Threat Group-3390, Leviathan, APT39, Deep Panda, OilRig"
Windows Management Instrumentation,2025,2027,7,"Lotus Blossom, Velvet Ant, Medusa Group, MirrorFace, APT-C-36, VOID MANTICORE, APT42"
Windows Service,2023,2025,7,"Aquatic Panda, BlackByte, Agrius, Cinnamon Tempest, Lotus Blossom, OilRig, Medusa Group"
Asymmetric Cryptography,2023,2025,6,"RedCurl, Velvet Ant, RedEcho, TA2541, APT42, Medusa Group"
Automated Collection,2024,2026,6,"VOID MANTICORE, RedCurl, HAFNIUM, Agrius, Ember Bear, Winter Vivern"
Bidirectional Communication,2017,2019,6,"Carbanak, APT12, Turla, APT37, FIN7, Magic Hound"
Bidirectional Communication,2019,2021,6,"ZIRCONIUM, APT12, Sandworm Team, APT28, APT39, MuddyWater"
Brute Force,2018,2020,6,"Fox Kitten, APT39, OilRig, DarkVishnya, FIN5, APT41"
Clear Windows Event Logs,2017,2019,6,"FIN5, APT38, FIN8, APT41, APT28, APT32"
Cloud Accounts,2023,2025,6,"Storm-1811, HAFNIUM, APT29, Storm-0501, Scattered Spider, APT5"
Cloud Accounts,2025,2027,6,"Storm-1811, HAFNIUM, VOID MANTICORE, Storm-0501, APT-C-36, Scattered Spider"
Code Signing,2021,2023,6,"LuminousMoth, menuPass, Lazarus Group, GALLIUM, Scattered Spider, Moses Staff"
Code Signing,2024,2026,6,"Saint Bear, Mustang Panda, OilRig, Daggerfly, MirrorFace, Medusa Group"
Code Signing Certificates,2023,2025,6,"Daggerfly, Kimsuky, OilRig, Threat Group-3390, FIN8, Mustang Panda"
Command and Scripting Interpreter,2020,2022,6,"APT32, APT37, Windigo, Dragonfly, Whitefly, Fox Kitten"
Compromise Software Supply Chain,2019,2021,6,"GOLD SOUTHFIELD, Threat Group-3390, Dragonfly, APT41, Cobalt Group, Sandworm Team"
Credentials from Web Browsers,2017,2019,6,"APT37, Kimsuky, MuddyWater, Patchwork, TA505, Molerats"
Credentials from Web Browsers,2022,2024,6,"Volt Typhoon, Malteiro, LAPSUS$, APT41, HEXANE, RedCurl"
DLL,2023,2025,6,"Velvet Ant, FIN13, LuminousMoth, Cinnamon Tempest, Storm-1811, Daggerfly"
DLL,2024,2026,6,"Velvet Ant, MirrorFace, APT-C-36, WIRTE, Storm-1811, Daggerfly"
Digital Certificates,2023,2025,6,"Mustang Panda, UNC3886, LuminousMoth, Storm-0501, Sea Turtle, Gamaredon Group"
Domain Accounts,2020,2022,6,"Naikon, Sandworm Team, TA505, Chimera, Wizard Spider, Indrik Spider"
Domain Accounts,2021,2023,6,"Naikon, Chimera, Cinnamon Tempest, Volt Typhoon, Indrik Spider, Magic Hound"
Domain Trust Discovery,2023,2025,6,"Storm-1811, Storm-0501, Akira, BlackByte, Magic Hound, Lotus Blossom"
Domain Trust Discovery,2024,2026,6,"Storm-1811, Storm-0501, MirrorFace, Akira, BlackByte, Lotus Blossom"
Drive-by Target,2021,2023,6,"LuminousMoth, Dragonfly, Threat Group-3390, Transparent Tribe, FIN7, APT32"
Dynamic-link Library Injection,2019,2021,6,"Wizard Spider, Tropic Trooper, BackdoorDiplomacy, Turla, TA505, Leviathan"
Exfiltration Over C2 Channel,2021,2023,6,"LuminousMoth, Confucius, ZIRCONIUM, Higaisa, Leviathan, Chimera"
Exfiltration to Cloud Storage,2019,2021,6,"FIN7, Chimera, HAFNIUM, Turla, ZIRCONIUM, Leviathan"
File and Directory Discovery,2025,2027,6,"Medusa Group, UNC3886, Contagious Interview, Lotus Blossom, Velvet Ant, MirrorFace"
Financial Theft,2025,2027,6,"AppleJeus, Storm-0501, Medusa Group, Water Galura, Contagious Interview, VOID MANTICORE"
Indicator Removal from Tools,2017,2019,6,"GALLIUM, APT3, Deep Panda, OilRig, Patchwork, Turla"
Inhibit System Recovery,2023,2025,6,"Scattered Spider, Storm-0501, Sandworm Team, Medusa Group, BlackByte, Wizard Spider"
Inhibit System Recovery,2024,2026,6,"Scattered Spider, Storm-0501, VOID MANTICORE, Sandworm Team, Medusa Group, BlackByte"
Keylogging,2020,2022,6,"APT32, APT39, Sandworm Team, HEXANE, Ajax Security Team, Tonto Team"
Lateral Tool Transfer,2021,2023,6,"Sandworm Team, Chimera, Aoqin Dragon, Volt Typhoon, GALLIUM, Magic Hound"
Local Account,2017,2019,6,"APT3, admin@338, APT1, Threat Group-3390, APT41, Leafminer"
Local Accounts,2020,2022,6,"Turla, Tropic Trooper, FIN10, Kimsuky, HAFNIUM, PROMETHIUM"
Local Data Staging,2024,2026,6,"UNC3886, APT5, WIRTE, Storm-1811, Lotus Blossom, Agrius"
Local Storage Discovery,2025,2027,6,"Higaisa, Kimsuky, Lazarus Group, Tropic Trooper, TeamTNT, Patchwork"
Masquerade Task or Service,2022,2024,6,"Winter Vivern, Aquatic Panda, Lazarus Group, Magic Hound, FIN13, BITTER"
Masquerade Task or Service,2023,2025,6,"Storm-0501, Winter Vivern, Aquatic Panda, Magic Hound, FIN13, UNC3886"
Masquerading,2024,2026,6,"Contagious Interview, Agrius, Ember Bear, Storm-1811, Sandworm Team, Winter Vivern"
Match Legitimate Resource Name or Location,2025,2027,6,"OilRig, VOID MANTICORE, Velvet Ant, APT-C-36, Storm-1811, APT42"
Modify Registry,2021,2023,6,"Dragonfly, Turla, TA505, Earth Lusca, Magic Hound, LuminousMoth"
Multi-hop Proxy,2024,2026,6,"Ember Bear, Gamaredon Group, Volt Typhoon, Lotus Blossom, ZIRCONIUM, Medusa Group"
NTDS,2023,2025,6,"APT41, Volt Typhoon, FIN13, Sandworm Team, Medusa Group, Scattered Spider"
Native API,2021,2023,6,"BlackTech, Higaisa, SideCopy, APT38, Lazarus Group, TA505"
Native API,2022,2024,6,"BlackTech, SideCopy, ToddyCat, Lazarus Group, Sandworm Team, TA505"
Native API,2024,2026,6,"Medusa Group, Kimsuky, ToddyCat, Sandworm Team, WIRTE, Mustang Panda"
Non-Application Layer Protocol,2023,2025,6,"Mustang Panda, UNC3886, Ember Bear, ToddyCat, Gamaredon Group, Metador"
Non-Standard Port,2024,2026,6,"RedEcho, Velvet Ant, Ember Bear, Contagious Interview, MuddyWater, Gamaredon Group"
Phishing,2024,2026,6,"MuddyWater, INC Ransom, AppleJeus, Kimsuky, VOID MANTICORE, Sea Turtle"
Protocol Tunneling,2024,2026,6,"VOID MANTICORE, Ember Bear, Salt Typhoon, FIN7, Mustang Panda, Scattered Spider"
Proxy,2019,2021,6,"Turla, Blue Mockingbird, Fox Kitten, Sandworm Team, APT41, Windigo"
Proxy,2024,2026,6,"MirrorFace, MuddyWater, Scattered Spider, Gamaredon Group, Contagious Interview, Cinnamon Tempest"
Query Registry,2017,2019,6,"APT32, Threat Group-3390, Lazarus Group, OilRig, Stealth Falcon, Turla"
Query Registry,2019,2021,6,"APT32, Chimera, APT39, Dragonfly, Fox Kitten, ZIRCONIUM"
Query Registry,2020,2022,6,"Chimera, APT39, Dragonfly, Fox Kitten, ZIRCONIUM, Kimsuky"
Query Registry,2022,2024,6,"Volt Typhoon, Indrik Spider, APT41, Kimsuky, BlackByte, Daggerfly"
Query Registry,2024,2026,6,"Gamaredon Group, Lotus Blossom, Indrik Spider, APT41, BlackByte, Daggerfly"
Registry Run Keys / Startup Folder,2024,2026,6,"Moonstone Sleet, VOID MANTICORE, RedCurl, Storm-1811, Contagious Interview, BlackByte"
Regsvr32,2017,2019,6,"WIRTE, Leviathan, Cobalt Group, Deep Panda, APT19, APT32"
Regsvr32,2018,2020,6,"WIRTE, Leviathan, Blue Mockingbird, Cobalt Group, APT19, Inception"
Remote Access Tools,2023,2025,6,"OilRig, BlackByte, Akira, FIN7, INC Ransom, Medusa Group"
Remote Data Staging,2020,2022,6,"Threat Group-3390, menuPass, FIN6, APT28, Chimera, Leviathan"
Remote Desktop Protocol,2021,2023,6,"Magic Hound, HEXANE, Kimsuky, Dragonfly, FIN7, FIN13"
Remote Desktop Software,2024,2026,6,"Contagious Interview, Storm-0501, Storm-1811, VOID MANTICORE, MuddyWater, Scattered Spider"
Remote Email Collection,2020,2022,6,"HAFNIUM, APT1, Kimsuky, Chimera, Magic Hound, Dragonfly"
Remote Email Collection,2021,2023,6,"APT29, HAFNIUM, Kimsuky, Chimera, Magic Hound, Dragonfly"
SSH,2019,2021,6,"APT39, Fox Kitten, Leviathan, TeamTNT, FIN7, Rocke"
SSH,2020,2022,6,"Fox Kitten, BlackTech, TeamTNT, FIN7, Rocke, Lazarus Group"
SSH,2022,2024,6,"FIN13, BlackTech, Indrik Spider, Aquatic Panda, APT5, Lazarus Group"
Screen Capture,2019,2021,6,"Dragonfly, MuddyWater, GOLD SOUTHFIELD, APT39, Gamaredon Group, Silence"
Security Account Manager,2024,2026,6,"MirrorFace, Agrius, Ember Bear, APT5, Daggerfly, APT41"
Server,2023,2025,6,"Volt Typhoon, Sandworm Team, Mustard Tempest, Leviathan, CURIUM, Daggerfly"
Server,2024,2026,6,"Sandworm Team, Mustard Tempest, Leviathan, CURIUM, VOID MANTICORE, Daggerfly"
Service Execution,2020,2022,6,"Blue Mockingbird, APT39, Wizard Spider, Chimera, APT41, APT38"
Service Execution,2024,2026,6,"FIN7, BlackByte, Moonstone Sleet, INC Ransom, Medusa Group, Velvet Ant"
Spearphishing Link,2025,2027,6,"Storm-1811, WIRTE, MirrorFace, Scattered Spider, APT-C-36, APT42"
Spearphishing via Service,2019,2021,6,"FIN6, Magic Hound, Windshift, APT29, OilRig, Ajax Security Team"
Spearphishing via Service,2020,2022,6,"Lazarus Group, Magic Hound, Windshift, APT29, Ajax Security Team, EXOTIC LILY"
Standard Encoding,2019,2021,6,"MuddyWater, HAFNIUM, APT33, Sandworm Team, TA551, Tropic Trooper"
Steal Web Session Cookie,2024,2026,6,"Sandworm Team, APT42, Scattered Spider, Lotus Blossom, Kimsuky, Star Blizzard"
Symmetric Cryptography,2020,2022,6,"MuddyWater, Higaisa, Inception, Mustang Panda, ZIRCONIUM, Darkhotel"
Symmetric Cryptography,2021,2023,6,"MuddyWater, Higaisa, Mustang Panda, ZIRCONIUM, Volt Typhoon, Darkhotel"
System Service Discovery,2017,2019,6,"APT1, admin@338, Ke3chang, Poseidon Group, OilRig, Turla"
System Service Discovery,2021,2023,6,"Earth Lusca, TeamTNT, Chimera, Indrik Spider, Aquatic Panda, Kimsuky"
System Time Discovery,2019,2021,6,"Sidewinder, The White Company, Darkhotel, Higaisa, Chimera, ZIRCONIUM"
Template Injection,2019,2021,6,"Dragonfly, APT28, Gamaredon Group, Inception, Tropic Trooper, Confucius"
Trusted Relationship,2020,2022,6,"Sandworm Team, GOLD SOUTHFIELD, LAPSUS$, Threat Group-3390, APT29, POLONIUM"
Visual Basic,2023,2025,6,"APT42, Contagious Interview, FIN13, RedCurl, TA2541, Malteiro"
Vulnerability Scanning,2022,2024,6,"Winter Vivern, Magic Hound, Aquatic Panda, Ember Bear, APT41, Earth Lusca"
Web Service,2021,2023,6,"FIN8, TeamTNT, Mustang Panda, EXOTIC LILY, LazyScripter, Fox Kitten"
Web Services,2025,2027,6,"APT-C-36, Contagious Interview, VOID MANTICORE, Gamaredon Group, Medusa Group, Mustang Panda"
Windows Command Shell,2025,2027,6,"WIRTE, UNC3886, Medusa Group, Storm-1811, Contagious Interview, MirrorFace"
Windows Service,2022,2024,6,"Aquatic Panda, BlackByte, Agrius, Cinnamon Tempest, Earth Lusca, OilRig"
Windows Service,2024,2026,6,"Aquatic Panda, BlackByte, Agrius, Lotus Blossom, OilRig, Medusa Group"
Accessibility Features,2017,2019,5,"Axiom, APT41, APT29, APT3, Deep Panda"
Additional Local or Domain Groups,2021,2023,5,"Kimsuky, APT41, Dragonfly, Magic Hound, FIN13"
Additional Local or Domain Groups,2022,2024,5,"Kimsuky, APT41, Magic Hound, APT5, FIN13"
Asymmetric Cryptography,2017,2019,5,"FIN8, Tropic Trooper, OilRig, Cobalt Group, FIN6"
Asymmetric Cryptography,2024,2026,5,"RedCurl, Velvet Ant, RedEcho, APT42, Medusa Group"
Automated Collection,2021,2023,5,"Ke3chang, Confucius, Chimera, Sidewinder, Mustang Panda"
Automated Collection,2022,2024,5,"Ke3chang, RedCurl, Agrius, Ember Bear, Winter Vivern"
Botnet,2024,2026,5,"HAFNIUM, APT-C-36, APT5, Volt Typhoon, Ke3chang"
Bypass User Account Control,2018,2020,5,"Threat Group-3390, APT37, BRONZE BUTLER, Cobalt Group, MuddyWater"
Clear Windows Event Logs,2018,2020,5,"FIN5, APT38, FIN8, APT41, APT32"
Clear Windows Event Logs,2019,2021,5,"Indrik Spider, Dragonfly, APT38, APT41, Chimera"
Clear Windows Event Logs,2024,2026,5,"Aquatic Panda, HAFNIUM, Volt Typhoon, Play, MirrorFace"
Code Signing Certificates,2022,2024,5,"Daggerfly, BlackTech, OilRig, Threat Group-3390, FIN8"
Command Obfuscation,2024,2026,5,"Contagious Interview, Kimsuky, Play, Medusa Group, WIRTE"
Compromise Software Supply Chain,2020,2022,5,"GOLD SOUTHFIELD, Threat Group-3390, Dragonfly, Cobalt Group, Sandworm Team"
Credentials,2021,2023,5,"LAPSUS$, Chimera, Leviathan, APT28, Magic Hound"
Credentials In Files,2020,2022,5,"TeamTNT, Leafminer, APT33, Fox Kitten, Kimsuky"
Credentials In Files,2023,2025,5,"Ember Bear, RedCurl, Scattered Spider, FIN13, Indrik Spider"
Credentials from Web Browsers,2024,2026,5,"Volt Typhoon, Malteiro, APT42, APT41, RedCurl"
DLL,2025,2027,5,"Velvet Ant, MirrorFace, APT-C-36, WIRTE, Storm-1811"
Data Encrypted for Impact,2019,2021,5,"FIN7, TA505, Indrik Spider, APT41, APT38"
Data Encrypted for Impact,2021,2023,5,"FIN7, FIN8, Magic Hound, Indrik Spider, Sandworm Team"
Data Encrypted for Impact,2025,2027,5,"VOID MANTICORE, Storm-1811, Medusa Group, Storm-0501, Water Galura"
Deobfuscate/Decode Files or Information,2025,2027,5,"Storm-1811, Volt Typhoon, Mustang Panda, APT38, FIN7"
Digital Certificates,2020,2022,5,"BlackTech, PROMETHIUM, Lazarus Group, APT29, Silent Librarian"
Digital Certificates,2024,2026,5,"Mustang Panda, UNC3886, Storm-0501, Sea Turtle, Gamaredon Group"
Disable or Modify System Firewall,2020,2022,5,"Kimsuky, Rocke, Dragonfly, TeamTNT, APT38"
Disable or Modify System Firewall,2025,2027,5,"FIN7, Salt Typhoon, Velvet Ant, UNC3886, Medusa Group"
Disable or Modify Tools,2017,2019,5,"Kimsuky, Lazarus Group, Turla, Gorgon Group, Putter Panda"
Domain Groups,2020,2022,5,"Dragonfly, Turla, Inception, OilRig, LAPSUS$"
Domain Groups,2022,2024,5,"INC Ransom, Volt Typhoon, ToddyCat, FIN7, LAPSUS$"
Domain Groups,2024,2026,5,"INC Ransom, Medusa Group, Scattered Spider, Mustang Panda, ToddyCat"
Dynamic Data Exchange,2019,2021,5,"Sidewinder, TA505, Gallmaker, MuddyWater, Leviathan"
Dynamic Resolution,2021,2023,5,"BITTER, Gamaredon Group, APT29, TA2541, Transparent Tribe"
Dynamic Resolution,2022,2024,5,"BITTER, Gamaredon Group, APT29, TA2541, RedEcho"
Dynamic-link Library Injection,2018,2020,5,"Wizard Spider, Lazarus Group, Tropic Trooper, Turla, TA505"
Dynamic-link Library Injection,2020,2022,5,"Wizard Spider, BackdoorDiplomacy, Turla, TA505, Leviathan"
Encrypted/Encoded File,2025,2027,5,"Storm-1811, Kimsuky, Contagious Interview, APT-C-36, MirrorFace"
Exfiltration Over C2 Channel,2025,2027,5,"Scattered Spider, Contagious Interview, Mustang Panda, VOID MANTICORE, WIRTE"
Exfiltration Over Unencrypted Non-C2 Protocol,2017,2019,5,"OilRig, APT33, FIN8, Thrip, Lazarus Group"
Exfiltration to Cloud Storage,2025,2027,5,"Mustang Panda, Medusa Group, MuddyWater, Storm-0501, Contagious Interview"
Exploitation for Client Execution,2024,2026,5,"Ember Bear, UNC3886, Sea Turtle, OilRig, Saint Bear"
Exploitation for Privilege Escalation,2018,2020,5,"PLATINUM, APT33, FIN8, Cobalt Group, Whitefly"
Exploitation for Privilege Escalation,2019,2021,5,"Turla, Tonto Team, ZIRCONIUM, APT33, Whitefly"
Exploitation for Privilege Escalation,2024,2026,5,"HAFNIUM, UNC3886, BlackByte, Volt Typhoon, OilRig"
Exploitation of Remote Services,2018,2020,5,"Threat Group-3390, APT28, Fox Kitten, menuPass, Wizard Spider"
Exploitation of Remote Services,2021,2023,5,"FIN7, MuddyWater, Tonto Team, Dragonfly, Earth Lusca"
External Proxy,2019,2021,5,"Silence, APT39, Tonto Team, MuddyWater, GALLIUM"
Gather Victim Identity Information,2021,2023,5,"APT32, FIN13, LAPSUS$, HEXANE, Magic Hound"
Gather Victim Identity Information,2022,2024,5,"FIN13, LAPSUS$, Volt Typhoon, Star Blizzard, HEXANE"
Gather Victim Identity Information,2023,2025,5,"FIN13, Volt Typhoon, Contagious Interview, Star Blizzard, Scattered Spider"
Gather Victim Identity Information,2024,2026,5,"VOID MANTICORE, Volt Typhoon, Contagious Interview, Star Blizzard, Scattered Spider"
Gather Victim Org Information,2024,2026,5,"Volt Typhoon, Moonstone Sleet, APT28, MirrorFace, FIN7"
Hidden Files and Directories,2018,2020,5,"Rocke, APT28, Tropic Trooper, APT32, Lazarus Group"
Hidden Files and Directories,2019,2021,5,"Rocke, Tropic Trooper, APT32, Transparent Tribe, Mustang Panda"
Hidden Files and Directories,2021,2023,5,"LuminousMoth, Transparent Tribe, FIN13, HAFNIUM, Mustang Panda"
Hidden Files and Directories,2023,2025,5,"LuminousMoth, FIN7, FIN13, HAFNIUM, RedCurl"
Hidden Window,2024,2026,5,"VOID MANTICORE, Medusa Group, FIN7, ToddyCat, APT-C-36"
Internal Proxy,2021,2023,5,"Higaisa, Volt Typhoon, Turla, Lazarus Group, FIN13"
LSASS Memory,2025,2027,5,"VOID MANTICORE, MirrorFace, UNC3886, Mustang Panda, Medusa Group"
Local Accounts,2023,2025,5,"Velvet Ant, Sea Turtle, APT29, FIN7, Play"
Local Email Collection,2024,2026,5,"Winter Vivern, Sea Turtle, WIRTE, RedCurl, MirrorFace"
Log Enumeration,2023,2025,5,"Mustang Panda, Ember Bear, Aquatic Panda, APT5, Volt Typhoon"
Masquerade Task or Service,2024,2026,5,"VOID MANTICORE, Storm-0501, Winter Vivern, Aquatic Panda, UNC3886"
Mshta,2018,2020,5,"FIN7, Kimsuky, APT32, Inception, MuddyWater"
Msiexec,2019,2021,5,"TA505, Rancor, Molerats, Machete, ZIRCONIUM"
Network Share Discovery,2021,2023,5,"FIN13, Tonto Team, Dragonfly, Chimera, APT38"
Network Sniffing,2018,2020,5,"APT33, APT28, DarkVishnya, Kimsuky, Sandworm Team"
Non-Application Layer Protocol,2024,2026,5,"Mustang Panda, UNC3886, Ember Bear, ToddyCat, Gamaredon Group"
OS Credential Dumping,2017,2019,5,"Suckfly, Sowbug, Axiom, Leviathan, Poseidon Group"
OS Credential Dumping,2018,2020,5,"Sowbug, APT32, APT28, APT39, Leviathan"
OS Credential Dumping,2019,2021,5,"Tonto Team, APT32, APT28, APT39, Leviathan"
Obfuscated Files or Information,2021,2023,5,"Earth Lusca, BackdoorDiplomacy, Mustang Panda, Windshift, Ke3chang"
Pass the Hash,2023,2025,5,"Wizard Spider, Ember Bear, APT41, FIN13, Aquatic Panda"
Password Managers,2023,2025,5,"Scattered Spider, UNC3886, Storm-0501, LAPSUS$, Indrik Spider"
Password Spraying,2019,2021,5,"APT33, Chimera, APT28, APT29, Silent Librarian"
Password Spraying,2020,2022,5,"Chimera, APT28, HEXANE, APT29, Silent Librarian"
Process Discovery,2025,2027,5,"MirrorFace, FIN7, Storm-0501, UNC3886, Medusa Group"
Process Injection,2024,2026,5,"APT38, APT5, BlackByte, Gamaredon Group, Velvet Ant"
Protocol Tunneling,2020,2022,5,"Fox Kitten, Leviathan, Cobalt Group, OilRig, Chimera"
Protocol Tunneling,2021,2023,5,"Magic Hound, Cinnamon Tempest, Leviathan, FIN13, Chimera"
Protocol Tunneling,2025,2027,5,"VOID MANTICORE, Salt Typhoon, FIN7, Mustang Panda, Scattered Spider"
Proxy,2025,2027,5,"MirrorFace, MuddyWater, Scattered Spider, Gamaredon Group, Contagious Interview"
Query Registry,2018,2020,5,"APT32, Threat Group-3390, APT39, Fox Kitten, OilRig"
Query Registry,2021,2023,5,"Volt Typhoon, Chimera, Dragonfly, ZIRCONIUM, Kimsuky"
Remote Access Tools,2018,2020,5,"DarkVishnya, Carbanak, GOLD SOUTHFIELD, Cobalt Group, Sandworm Team"
Remote Access Tools,2024,2026,5,"OilRig, BlackByte, Akira, INC Ransom, Medusa Group"
Remote Desktop Software,2025,2027,5,"Contagious Interview, Storm-0501, Storm-1811, VOID MANTICORE, MuddyWater"
Remote Email Collection,2018,2020,5,"FIN4, APT1, Leafminer, Ke3chang, APT28"
Remote Email Collection,2019,2021,5,"FIN4, HAFNIUM, APT1, Chimera, Dragonfly"
Right-to-Left Override,2019,2021,5,"Ke3chang, Ferocious Kitten, BlackTech, Scarlet Mimic, BRONZE BUTLER"
Rundll32,2024,2026,5,"UNC3886, Storm-0501, Aquatic Panda, RedCurl, Daggerfly"
SMB/Windows Admin Shares,2021,2023,5,"APT28, Cinnamon Tempest, Moses Staff, Sandworm Team, FIN13"
SSH,2017,2019,5,"APT39, menuPass, Leviathan, GCMAN, OilRig"
SSH,2018,2020,5,"APT39, Fox Kitten, Leviathan, OilRig, Rocke"
SSH,2021,2023,5,"FIN13, BlackTech, TeamTNT, FIN7, Lazarus Group"
Screen Capture,2023,2025,5,"Volt Typhoon, Winter Vivern, APT42, MoustachedBouncer, Kimsuky"
Screen Capture,2024,2026,5,"Volt Typhoon, Winter Vivern, APT42, VOID MANTICORE, Kimsuky"
Search Open Websites/Domains,2024,2026,5,"Mustang Panda, Volt Typhoon, APT-C-36, Star Blizzard, Contagious Interview"
Security Account Manager,2019,2021,5,"Threat Group-3390, Ke3chang, Dragonfly, GALLIUM, Wizard Spider"
Social Media Accounts,2025,2027,5,"Medusa Group, VOID MANTICORE, Water Galura, Contagious Interview, Scattered Spider"
Software Packing,2024,2026,5,"APT41, Storm-0501, Volt Typhoon, Saint Bear, Medusa Group"
Spearphishing via Service,2018,2020,5,"Dark Caracal, FIN6, Magic Hound, Windshift, OilRig"
Spearphishing via Service,2021,2023,5,"Lazarus Group, APT29, Ajax Security Team, EXOTIC LILY, CURIUM"
Spearphishing via Service,2022,2024,5,"Moonstone Sleet, Lazarus Group, ToddyCat, EXOTIC LILY, CURIUM"
Spearphishing via Service,2023,2025,5,"Moonstone Sleet, ToddyCat, Contagious Interview, Storm-1811, CURIUM"
Standard Encoding,2017,2019,5,"BRONZE BUTLER, Patchwork, APT19, APT33, Lazarus Group"
Standard Encoding,2020,2022,5,"MuddyWater, HAFNIUM, Sandworm Team, TA551, Tropic Trooper"
Symmetric Cryptography,2017,2019,5,"APT28, APT33, BRONZE BUTLER, Stealth Falcon, Lazarus Group"
System Network Configuration Discovery,2025,2027,5,"APT42, Medusa Group, MirrorFace, Scattered Spider, Lotus Blossom"
System Network Connections Discovery,2024,2026,5,"INC Ransom, Lotus Blossom, ToddyCat, Velvet Ant, APT5"
System Service Discovery,2022,2024,5,"Earth Lusca, TeamTNT, Aquatic Panda, Kimsuky, Volt Typhoon"
System Time Discovery,2021,2023,5,"Sidewinder, Darkhotel, Higaisa, Chimera, ZIRCONIUM"
System Time Discovery,2024,2026,5,"FIN7, Volt Typhoon, Kimsuky, CURIUM, UNC3886"
Template Injection,2018,2020,5,"APT28, DarkHydrus, Gamaredon Group, Inception, Tropic Trooper"
Virtual Private Server,2020,2022,5,"Dragonfly, Axiom, Turla, LAPSUS$, HAFNIUM"
Visual Basic,2024,2026,5,"APT42, Contagious Interview, MirrorFace, RedCurl, Malteiro"
Vulnerability Scanning,2024,2026,5,"Winter Vivern, Ember Bear, APT41, Leviathan, VOID MANTICORE"
Windows Management Instrumentation Event Subscription,2019,2021,5,"APT33, Mustang Panda, Blue Mockingbird, Turla, FIN8"
Additional Local or Domain Groups,2023,2025,4,"APT41, Magic Hound, APT5, FIN13"
Archive Collected Data,2018,2020,4,"APT32, menuPass, APT28, Patchwork"
Archive Collected Data,2019,2021,4,"APT32, menuPass, Dragonfly, Leviathan"
Archive Collected Data,2021,2023,4,"Dragonfly, LuminousMoth, Leviathan, Axiom"
Archive Collected Data,2022,2024,4,"LuminousMoth, Axiom, BlackByte, Ember Bear"
Archive via Utility,2025,2027,4,"Lotus Blossom, MirrorFace, VOID MANTICORE, UNC3886"
Asymmetric Cryptography,2018,2020,4,"FIN8, Tropic Trooper, OilRig, Cobalt Group"
Automated Exfiltration,2020,2022,4,"Gamaredon Group, Tropic Trooper, Sidewinder, Ke3chang"
BITS Jobs,2018,2020,4,"APT41, APT39, Patchwork, Leviathan"
Bidirectional Communication,2022,2024,4,"Kimsuky, POLONIUM, Lazarus Group, HEXANE"
Binary Padding,2017,2019,4,"Moafee, Leviathan, Patchwork, BRONZE BUTLER"
Botnet,2025,2027,4,"HAFNIUM, APT-C-36, APT5, Ke3chang"
Browser Information Discovery,2024,2026,4,"Volt Typhoon, Moonstone Sleet, Kimsuky, Scattered Spider"
Brute Force,2017,2019,4,"Turla, OilRig, FIN5, APT41"
Brute Force,2021,2023,4,"Dragonfly, APT28, HEXANE, APT38"
Brute Force,2024,2026,4,"Ember Bear, VOID MANTICORE, Agrius, Storm-0501"
Cached Domain Credentials,2020,2022,4,"OilRig, APT33, MuddyWater, Leafminer"
Clear Command History,2021,2023,4,"menuPass, Lazarus Group, Magic Hound, TeamTNT"
Clear Command History,2022,2024,4,"APT5, Lazarus Group, Aquatic Panda, Magic Hound"
Cloud Accounts,2020,2022,4,"APT33, APT28, Ke3chang, LAPSUS$"
Cloud Accounts,2021,2023,4,"APT29, APT28, Ke3chang, LAPSUS$"
Cloud Accounts,2022,2024,4,"APT29, Ke3chang, LAPSUS$, APT5"
Code Repositories,2024,2026,4,"Scattered Spider, Contagious Interview, APT41, HAFNIUM"
Code Signing Certificates,2020,2022,4,"BlackTech, Patchwork, Wizard Spider, PROMETHIUM"
Code Signing Certificates,2024,2026,4,"Daggerfly, Kimsuky, OilRig, Mustang Panda"
Command Obfuscation,2025,2027,4,"Contagious Interview, Kimsuky, Medusa Group, WIRTE"
Compiled HTML File,2018,2020,4,"Dark Caracal, APT41, Silence, OilRig"
Compute Hijacking,2019,2021,4,"APT41, Blue Mockingbird, TeamTNT, Rocke"
Credentials In Files,2024,2026,4,"Ember Bear, RedCurl, Scattered Spider, Indrik Spider"
Credentials from Password Stores,2022,2024,4,"APT41, Malteiro, HEXANE, Volt Typhoon"
Credentials from Web Browsers,2021,2023,4,"LAPSUS$, ZIRCONIUM, Ajax Security Team, HEXANE"
DNS Server,2022,2024,4,"Sea Turtle, Axiom, LAPSUS$, HEXANE"
Data from Cloud Storage,2024,2026,4,"Storm-0501, Scattered Spider, HAFNIUM, APT42"
Data from Network Shared Drive,2018,2020,4,"BRONZE BUTLER, Gamaredon Group, Sowbug, Fox Kitten"
Data from Network Shared Drive,2020,2022,4,"Gamaredon Group, Fox Kitten, Chimera, APT28"
Dead Drop Resolver,2017,2019,4,"Patchwork, BRONZE BUTLER, RTM, APT41"
Default Accounts,2023,2025,4,"Magic Hound, UNC3886, FIN13, Ember Bear"
Digital Certificates,2021,2023,4,"BlackTech, Lazarus Group, LuminousMoth, Silent Librarian"
Digital Certificates,2025,2027,4,"Mustang Panda, UNC3886, Storm-0501, Gamaredon Group"
Disk Structure Wipe,2018,2020,4,"Sandworm Team, APT37, Lazarus Group, APT38"
Domain Accounts,2018,2020,4,"Sandworm Team, APT3, TA505, Wizard Spider"
Domain Groups,2021,2023,4,"Dragonfly, Volt Typhoon, FIN7, LAPSUS$"
Domain Trust Discovery,2021,2023,4,"Chimera, Earth Lusca, FIN8, Magic Hound"
Domain Trust Discovery,2022,2024,4,"Earth Lusca, Akira, BlackByte, Magic Hound"
Domain Trust Discovery,2025,2027,4,"Storm-1811, Storm-0501, MirrorFace, Lotus Blossom"
Domains,2026,2028,4,"APT-C-36, MuddyWater, WIRTE, VOID MANTICORE"
Drive-by Compromise,2024,2026,4,"Mustard Tempest, Winter Vivern, CURIUM, Daggerfly"
Drive-by Target,2023,2025,4,"LuminousMoth, FIN7, Mustard Tempest, CURIUM"
Execution Guardrails,2024,2026,4,"Contagious Interview, BlackByte, Gamaredon Group, APT-C-36"
Exfiltration Over Unencrypted Non-C2 Protocol,2019,2021,4,"APT33, FIN6, Wizard Spider, APT32"
File Deletion,2025,2027,4,"MirrorFace, Contagious Interview, Medusa Group, UNC3886"
File Transfer Protocols,2020,2022,4,"APT41, Dragonfly, SilverTerrier, Kimsuky"
Gather Victim Org Information,2022,2024,4,"Volt Typhoon, Moonstone Sleet, Kimsuky, Lazarus Group"
Hidden Window,2021,2023,4,"Gamaredon Group, Nomadic Octopus, Higaisa, Kimsuky"
Hidden Window,2025,2027,4,"VOID MANTICORE, Medusa Group, FIN7, APT-C-36"
Indicator Removal from Tools,2018,2020,4,"GALLIUM, APT3, Patchwork, Turla"
Ingress Tool Transfer,2025,2027,4,"Storm-1811, Medusa Group, Scattered Spider, VOID MANTICORE"
Inhibit System Recovery,2025,2027,4,"Scattered Spider, Storm-0501, VOID MANTICORE, Medusa Group"
Internal Proxy,2023,2025,4,"Volt Typhoon, Velvet Ant, Lotus Blossom, FIN13"
Internal Spearphishing,2020,2022,4,"HEXANE, Leviathan, Kimsuky, Gamaredon Group"
Keylogging,2021,2023,4,"HEXANE, FIN13, Ajax Security Team, Tonto Team"
Keylogging,2022,2024,4,"Volt Typhoon, HEXANE, FIN13, APT5"
Keylogging,2023,2025,4,"Volt Typhoon, FIN13, APT5, APT42"
Lateral Tool Transfer,2025,2027,4,"Medusa Group, Velvet Ant, UNC3886, Storm-1811"
Local Accounts,2024,2026,4,"Velvet Ant, Sea Turtle, APT29, Play"
Local Data Staging,2025,2027,4,"UNC3886, WIRTE, Storm-1811, Lotus Blossom"
Local Groups,2020,2022,4,"Chimera, HEXANE, Tonto Team, Turla"
Local Groups,2021,2023,4,"Chimera, HEXANE, Tonto Team, Volt Typhoon"
Log Enumeration,2024,2026,4,"Mustang Panda, Ember Bear, Aquatic Panda, APT5"
Mail Protocols,2019,2021,4,"Kimsuky, APT32, SilverTerrier, Turla"
Malicious File,2025,2027,4,"Storm-1811, MirrorFace, VOID MANTICORE, Contagious Interview"
Malicious Link,2025,2027,4,"APT-C-36, APT38, Contagious Interview, WIRTE"
Multi-hop Proxy,2019,2021,4,"APT28, Leviathan, FIN4, Inception"
NTDS,2024,2026,4,"APT41, Medusa Group, Scattered Spider, MirrorFace"
Native API,2025,2027,4,"Medusa Group, Kimsuky, WIRTE, Mustang Panda"
Network Devices,2023,2025,4,"Volt Typhoon, ZIRCONIUM, Leviathan, APT28"
Network Share Discovery,2023,2025,4,"INC Ransom, FIN13, Medusa Group, BlackByte"
Network Sniffing,2019,2021,4,"APT33, DarkVishnya, Kimsuky, Sandworm Team"
Non-Application Layer Protocol,2020,2022,4,"FIN6, BITTER, BackdoorDiplomacy, HAFNIUM"
Non-Application Layer Protocol,2021,2023,4,"BITTER, BackdoorDiplomacy, HAFNIUM, Metador"
Non-Application Layer Protocol,2022,2024,4,"BITTER, Ember Bear, ToddyCat, Metador"
Non-Standard Port,2025,2027,4,"Velvet Ant, Contagious Interview, MuddyWater, Gamaredon Group"
OS Credential Dumping,2020,2022,4,"Tonto Team, APT32, APT28, APT39"
OS Credential Dumping,2024,2026,4,"BlackByte, Storm-0501, Mustang Panda, Ember Bear"
Obfuscated Files or Information,2022,2024,4,"Earth Lusca, RedCurl, Ke3chang, Moonstone Sleet"
Pass the Hash,2017,2019,4,"GALLIUM, APT1, APT28, APT32"
Pass the Hash,2019,2021,4,"Kimsuky, GALLIUM, Chimera, APT32"
Password Managers,2024,2026,4,"Scattered Spider, UNC3886, Storm-0501, Indrik Spider"
Password Spraying,2021,2023,4,"Chimera, HEXANE, APT29, Silent Librarian"
Peripheral Device Discovery,2017,2019,4,"Gamaredon Group, Equation, APT28, APT37"
Peripheral Device Discovery,2019,2021,4,"BackdoorDiplomacy, Turla, OilRig, APT37"
Peripheral Device Discovery,2020,2022,4,"BackdoorDiplomacy, Turla, TeamTNT, OilRig"
Permission Groups Discovery,2023,2025,4,"APT41, Volt Typhoon, FIN13, Scattered Spider"
Phishing,2025,2027,4,"MuddyWater, AppleJeus, Kimsuky, VOID MANTICORE"
Private Keys,2024,2026,4,"Volt Typhoon, Kimsuky, Storm-0501, Scattered Spider"
Process Hollowing,2017,2019,4,"Patchwork, menuPass, Gorgon Group, Threat Group-3390"
Process Injection,2019,2021,4,"Silence, APT32, Kimsuky, APT41"
Python,2023,2025,4,"RedCurl, Cinnamon Tempest, UNC3886, Contagious Interview"
Python,2024,2026,4,"RedCurl, VOID MANTICORE, UNC3886, Contagious Interview"
Regsvr32,2019,2021,4,"WIRTE, Blue Mockingbird, TA551, Inception"
Regsvr32,2020,2022,4,"Blue Mockingbird, TA551, Kimsuky, Inception"
Remote Access Tools,2020,2022,4,"DarkVishnya, TeamTNT, GOLD SOUTHFIELD, Sandworm Team"
Remote Data Staging,2018,2020,4,"Threat Group-3390, menuPass, FIN8, FIN6"
Remote Data Staging,2021,2023,4,"MoustachedBouncer, APT28, Chimera, Leviathan"
Remote Desktop Protocol,2025,2027,4,"Medusa Group, VOID MANTICORE, Scattered Spider, MirrorFace"
Remote Desktop Software,2019,2021,4,"Evilnum, RTM, Mustang Panda, Kimsuky"
Remote Email Collection,2022,2024,4,"APT29, Star Blizzard, Kimsuky, Magic Hound"
Remote System Discovery,2025,2027,4,"Mustang Panda, Lotus Blossom, MirrorFace, Medusa Group"
Replication Through Removable Media,2020,2022,4,"FIN7, Aoqin Dragon, Mustang Panda, Tropic Trooper"
Replication Through Removable Media,2021,2023,4,"FIN7, Aoqin Dragon, Mustang Panda, LuminousMoth"
Rootkit,2019,2021,4,"Rocke, TeamTNT, APT41, APT28"
SSH,2025,2027,4,"Storm-1811, UNC3886, Scattered Spider, Salt Typhoon"
Screen Capture,2020,2022,4,"Dragonfly, GOLD SOUTHFIELD, APT39, Gamaredon Group"
Search Victim-Owned Websites,2020,2022,4,"Kimsuky, Sandworm Team, Silent Librarian, EXOTIC LILY"
Search Victim-Owned Websites,2022,2024,4,"Kimsuky, TA578, EXOTIC LILY, Volt Typhoon"
Security Account Manager,2020,2022,4,"Threat Group-3390, Ke3chang, Dragonfly, Wizard Spider"
Security Software Discovery,2025,2027,4,"Gamaredon Group, APT42, Storm-0501, Medusa Group"
Shortcut Modification,2018,2020,4,"Leviathan, Gorgon Group, Lazarus Group, APT39"
Spearphishing via Service,2024,2026,4,"Moonstone Sleet, ToddyCat, Contagious Interview, Storm-1811"
Steganography,2021,2023,4,"Earth Lusca, TA551, Andariel, Leviathan"
Symmetric Cryptography,2018,2020,4,"APT28, Inception, APT33, BRONZE BUTLER"
System Checks,2021,2023,4,"Volt Typhoon, Darkhotel, OilRig, Evilnum"
System Language Discovery,2024,2026,4,"Malteiro, MirrorFace, Storm-0501, BlackByte"
System Owner/User Discovery,2025,2027,4,"Medusa Group, MirrorFace, Kimsuky, Storm-1811"
System Service Discovery,2019,2021,4,"APT1, Chimera, Indrik Spider, BRONZE BUTLER"
System Time Discovery,2017,2019,4,"Turla, BRONZE BUTLER, The White Company, Lazarus Group"
Template Injection,2020,2022,4,"Dragonfly, Gamaredon Group, Inception, Confucius"
Timestomp,2020,2022,4,"Rocke, Kimsuky, Chimera, APT38"
Timestomp,2023,2025,4,"APT29, APT5, Mustang Panda, UNC3886"
Trusted Relationship,2018,2020,4,"menuPass, Sandworm Team, GOLD SOUTHFIELD, APT28"
Trusted Relationship,2021,2023,4,"LAPSUS$, Threat Group-3390, APT29, POLONIUM"
Trusted Relationship,2022,2024,4,"LAPSUS$, Sea Turtle, RedCurl, POLONIUM"
Trusted Relationship,2024,2026,4,"HAFNIUM, VOID MANTICORE, Sea Turtle, RedCurl"
Unix Shell,2025,2027,4,"Velvet Ant, Contagious Interview, Scattered Spider, UNC3886"
Upload Malware,2025,2027,4,"WIRTE, APT-C-36, APT42, Contagious Interview"
VNC,2020,2022,4,"GCMAN, Gamaredon Group, Fox Kitten, FIN7"
Valid Accounts,2025,2027,4,"Medusa Group, UNC3886, VOID MANTICORE, Scattered Spider"
Virtual Private Server,2021,2023,4,"Dragonfly, Axiom, LAPSUS$, HAFNIUM"
Virtual Private Server,2025,2027,4,"APT-C-36, VOID MANTICORE, APT42, Contagious Interview"
Windows Management Instrumentation Event Subscription,2018,2020,4,"APT33, Leviathan, Blue Mockingbird, Turla"
Windows Management Instrumentation Event Subscription,2020,2022,4,"APT33, Mustang Panda, Blue Mockingbird, FIN8"
Windows Service,2021,2023,4,"TeamTNT, APT38, Cinnamon Tempest, Earth Lusca"
Accessibility Features,2018,2020,3,"Fox Kitten, APT41, APT3"
Account Discovery,2023,2025,3,"Aquatic Panda, Scattered Spider, FIN13"
Application Layer Protocol,2020,2022,3,"Rocke, Magic Hound, TeamTNT"
Archive Collected Data,2023,2025,3,"LuminousMoth, BlackByte, Ember Bear"
Archive via Custom Method,2017,2019,3,"FIN6, Kimsuky, CopyKittens"
Archive via Custom Method,2018,2020,3,"Kimsuky, CopyKittens, Lazarus Group"
Archive via Custom Method,2019,2021,3,"Mustang Panda, Kimsuky, Lazarus Group"
Asymmetric Cryptography,2025,2027,3,"Velvet Ant, APT42, Medusa Group"
At,2017,2019,3,"BRONZE BUTLER, APT18, Threat Group-3390"
Automated Exfiltration,2022,2024,3,"RedCurl, Winter Vivern, Ke3chang"
Automated Exfiltration,2024,2026,3,"RedCurl, Kimsuky, Winter Vivern"
BITS Jobs,2020,2022,3,"APT41, APT39, Patchwork"
Binary Padding,2018,2020,3,"Leviathan, Patchwork, BRONZE BUTLER"
Boot or Logon Initialization Scripts,2023,2025,3,"APT29, UNC3886, APT41"
Bootkit,2017,2019,3,"Lazarus Group, APT28, APT41"
Botnet,2022,2024,3,"Axiom, Volt Typhoon, Sandworm Team"
Browser Information Discovery,2020,2022,3,"Fox Kitten, APT38, Chimera"
Brute Force,2022,2024,3,"Ember Bear, Agrius, HEXANE"
Business Relationships,2020,2022,3,"LAPSUS$, Dragonfly, Sandworm Team"
Bypass User Account Control,2019,2021,3,"APT37, Evilnum, MuddyWater"
Clear Command History,2019,2021,3,"menuPass, APT41, TeamTNT"
Clear Command History,2024,2026,3,"Medusa Group, APT5, Aquatic Panda"
Clear Windows Event Logs,2021,2023,3,"Indrik Spider, Dragonfly, Chimera"
Cloud API,2023,2025,3,"APT29, TeamTNT, Storm-0501"
Cloud Services,2023,2025,3,"Storm-0501, Scattered Spider, APT29"
Code Repositories,2022,2024,3,"LAPSUS$, Scattered Spider, APT41"
Code Signing,2025,2027,3,"Mustang Panda, MirrorFace, Medusa Group"
Command and Scripting Interpreter,2021,2023,3,"APT37, Windigo, Dragonfly"
Command and Scripting Interpreter,2024,2026,3,"Saint Bear, Winter Vivern, Mustang Panda"
Compile After Delivery,2019,2021,3,"Gamaredon Group, MuddyWater, Rocke"
Compression,2026,2028,3,"WIRTE, Kimsuky, VOID MANTICORE"
Compromise Software Supply Chain,2023,2025,3,"Moonstone Sleet, FIN7, Daggerfly"
Compute Hijacking,2020,2022,3,"Blue Mockingbird, TeamTNT, Rocke"
Credentials In Files,2021,2023,3,"TeamTNT, FIN13, Kimsuky"
Credentials from Password Stores,2021,2023,3,"HEXANE, Volt Typhoon, Evilnum"
Credentials from Password Stores,2023,2025,3,"APT41, Malteiro, Volt Typhoon"
DLL,2026,2028,3,"MirrorFace, APT-C-36, WIRTE"
Data Destruction,2019,2021,3,"APT38, Lazarus Group, Sandworm Team"
Data Staged,2023,2025,3,"INC Ransom, Scattered Spider, Volt Typhoon"
Data Staged,2024,2026,3,"VOID MANTICORE, INC Ransom, Scattered Spider"
Data Transfer Size Limits,2023,2025,3,"Play, APT41, LuminousMoth"
Data from Cloud Storage,2025,2027,3,"Storm-0501, HAFNIUM, APT42"
Data from Network Shared Drive,2017,2019,3,"BRONZE BUTLER, Sowbug, menuPass"
Data from Removable Media,2017,2019,3,"APT28, Gamaredon Group, Turla"
Dead Drop Resolver,2018,2020,3,"BRONZE BUTLER, Rocke, APT41"
Digital Certificates,2022,2024,3,"BlackTech, LuminousMoth, Sea Turtle"
Disable or Modify System Firewall,2021,2023,3,"Dragonfly, TeamTNT, APT38"
Disk Structure Wipe,2019,2021,3,"Sandworm Team, Lazarus Group, APT38"
Domain Groups,2025,2027,3,"Medusa Group, Scattered Spider, Mustang Panda"
Dynamic Data Exchange,2021,2023,3,"BITTER, Sidewinder, Leviathan"
Dynamic Resolution,2023,2025,3,"APT29, TA2541, RedEcho"
Dynamic Resolution,2024,2026,3,"RedEcho, APT-C-36, Kimsuky"
Dynamic-link Library Injection,2017,2019,3,"Lazarus Group, Tropic Trooper, Putter Panda"
Email Account,2020,2022,3,"Magic Hound, TA505, Sandworm Team"
Email Accounts,2026,2028,3,"VOID MANTICORE, APT-C-36, WIRTE"
Email Addresses,2024,2026,3,"Moonstone Sleet, Saint Bear, Volt Typhoon"
Email Forwarding Rule,2020,2022,3,"Kimsuky, LAPSUS$, Silent Librarian"
Embedded Payloads,2024,2026,3,"Moonstone Sleet, TA577, Lazarus Group"
Employee Names,2020,2022,3,"Silent Librarian, Kimsuky, Sandworm Team"
Encrypted Channel,2020,2022,3,"Tropic Trooper, BITTER, APT29"
Encrypted Channel,2022,2024,3,"BITTER, APT29, Magic Hound"
Encrypted/Encoded File,2026,2028,3,"Kimsuky, APT-C-36, MirrorFace"
Establish Accounts,2024,2026,3,"Kimsuky, Ember Bear, Contagious Interview"
Exfiltration Over Asymmetric Encrypted Non-C2 Protocol,2024,2026,3,"Storm-1811, MirrorFace, CURIUM"
Exfiltration Over Unencrypted Non-C2 Protocol,2020,2022,3,"FIN6, Wizard Spider, APT32"
Exfiltration Over Unencrypted Non-C2 Protocol,2025,2027,3,"Mustang Panda, Contagious Interview, Salt Typhoon"
Exfiltration Over Web Service,2023,2025,3,"Magic Hound, BlackByte, Contagious Interview"
Exploitation of Remote Services,2022,2024,3,"MuddyWater, Ember Bear, Earth Lusca"
External Proxy,2020,2022,3,"Silence, APT39, Tonto Team"
External Remote Services,2025,2027,3,"VOID MANTICORE, APT-C-36, Velvet Ant"
Fallback Channels,2017,2019,3,"APT41, OilRig, Lazarus Group"
Gather Victim Identity Information,2025,2027,3,"VOID MANTICORE, Contagious Interview, Scattered Spider"
Gather Victim Org Information,2025,2027,3,"APT28, MirrorFace, FIN7"
Group Policy Modification,2023,2025,3,"APT41, Storm-0501, Cinnamon Tempest"
Group Policy Modification,2024,2026,3,"VOID MANTICORE, APT41, Storm-0501"
Hidden Files and Directories,2020,2022,3,"Rocke, Transparent Tribe, Mustang Panda"
Hidden Window,2022,2024,3,"Gamaredon Group, Kimsuky, ToddyCat"
IP Addresses,2021,2023,3,"Andariel, Magic Hound, HAFNIUM"
Identify Roles,2022,2024,3,"Volt Typhoon, LAPSUS$, HEXANE"
Ignore Process Interrupts,2024,2026,3,"Sea Turtle, UNC3886, Kimsuky"
Indicator Removal,2024,2026,3,"Mustang Panda, APT5, APT42"
Internal Proxy,2019,2021,3,"Higaisa, Turla, APT39"
Internal Proxy,2022,2024,3,"Volt Typhoon, Lazarus Group, FIN13"
Internal Spearphishing,2021,2023,3,"HEXANE, Leviathan, Kimsuky"
JavaScript,2025,2027,3,"APT-C-36, Mustang Panda, Contagious Interview"
Keylogging,2024,2026,3,"Volt Typhoon, APT5, APT42"
LNK Icon Smuggling,2025,2027,3,"Mustang Panda, Gamaredon Group, Kimsuky"
Linux and Mac Permissions,2019,2021,3,"TeamTNT, Rocke, APT32"
Local Account,2025,2027,3,"Medusa Group, APT42, Lotus Blossom"
Local Accounts,2021,2023,3,"Kimsuky, HAFNIUM, FIN7"
Local Storage Discovery,2021,2023,3,"Volt Typhoon, Chimera, Confucius"
Mail Protocols,2020,2022,3,"Kimsuky, APT32, Turla"
Malicious Copy and Paste,2025,2027,3,"MuddyWater, Kimsuky, Contagious Interview"
Masquerade Account Name,2024,2026,3,"APT3, Magic Hound, Storm-1811"
Masquerade File Type,2023,2025,3,"BlackByte, Mustang Panda, Volt Typhoon"
Masquerade File Type,2024,2026,3,"BlackByte, Mustang Panda, MirrorFace"
Masquerade Task or Service,2025,2027,3,"VOID MANTICORE, Storm-0501, UNC3886"
Modify Registry,2025,2027,3,"Lotus Blossom, APT42, Medusa Group"
Msiexec,2020,2022,3,"Molerats, Machete, ZIRCONIUM"
Multi-Factor Authentication Interception,2021,2023,3,"LAPSUS$, Kimsuky, Chimera"
Multi-Factor Authentication Request Generation,2022,2024,3,"LAPSUS$, Scattered Spider, APT29"
Multi-hop Proxy,2018,2020,3,"FIN4, APT29, Inception"
Multi-hop Proxy,2020,2022,3,"APT28, Leviathan, Inception"
Multi-hop Proxy,2025,2027,3,"Gamaredon Group, Lotus Blossom, Medusa Group"
Network Devices,2024,2026,3,"ZIRCONIUM, Leviathan, APT28"
Network Service Discovery,2025,2027,3,"Medusa Group, Lotus Blossom, Mustang Panda"
Network Share Discovery,2024,2026,3,"INC Ransom, Medusa Group, BlackByte"
Network Sniffing,2020,2022,3,"DarkVishnya, Kimsuky, Sandworm Team"
Network Sniffing,2025,2027,3,"Salt Typhoon, Velvet Ant, UNC3886"
Network Topology,2023,2025,3,"Salt Typhoon, Volt Typhoon, FIN13"
Network Topology,2024,2026,3,"Salt Typhoon, Volt Typhoon, MuddyWater"
Non-Application Layer Protocol,2025,2027,3,"Mustang Panda, UNC3886, Gamaredon Group"
Non-Standard Port,2022,2024,3,"RedEcho, WIRTE, Ember Bear"
Pass the Hash,2021,2023,3,"Wizard Spider, Chimera, FIN13"
Pass the Hash,2024,2026,3,"Ember Bear, APT41, Aquatic Panda"
Pass the Ticket,2017,2019,3,"BRONZE BUTLER, APT32, APT29"
Password Managers,2022,2024,3,"Threat Group-3390, LAPSUS$, Indrik Spider"
Password Managers,2025,2027,3,"Scattered Spider, UNC3886, Storm-0501"
Password Spraying,2017,2019,3,"APT33, Lazarus Group, Leafminer"
Password Spraying,2018,2020,3,"APT33, Leafminer, APT28"
Password Spraying,2022,2024,3,"Ember Bear, Agrius, HEXANE"
Password Spraying,2024,2026,3,"Ember Bear, HAFNIUM, Agrius"
Peripheral Device Discovery,2021,2023,3,"BackdoorDiplomacy, TeamTNT, OilRig"
Permission Groups Discovery,2024,2026,3,"APT41, Volt Typhoon, Scattered Spider"
Phishing,2022,2024,3,"Axiom, INC Ransom, Sea Turtle"
Phishing for Information,2021,2023,3,"APT28, ZIRCONIUM, Scattered Spider"
Phishing for Information,2023,2025,3,"Kimsuky, Moonstone Sleet, Scattered Spider"
Prevent Command History Logging,2024,2026,3,"Medusa Group, Sea Turtle, UNC3886"
Process Hollowing,2018,2020,3,"menuPass, Gorgon Group, Threat Group-3390"
Process Hollowing,2022,2024,3,"BlackByte, Kimsuky, TA2541"
Process Injection,2025,2027,3,"APT38, Gamaredon Group, Velvet Ant"
Python,2022,2024,3,"RedCurl, Cinnamon Tempest, Earth Lusca"
Python,2025,2027,3,"VOID MANTICORE, UNC3886, Contagious Interview"
RC Scripts,2023,2025,3,"Velvet Ant, APT29, UNC3886"
Reflective Code Loading,2024,2026,3,"FIN7, Kimsuky, Gamaredon Group"
Registry Run Keys / Startup Folder,2025,2027,3,"VOID MANTICORE, Storm-1811, Contagious Interview"
Remote Data Staging,2023,2025,3,"MoustachedBouncer, Sea Turtle, ToddyCat"
Remote Data Staging,2024,2026,3,"Sea Turtle, ToddyCat, MirrorFace"
Remote Desktop Software,2018,2020,3,"RTM, Thrip, Kimsuky"
Remote Desktop Software,2020,2022,3,"Evilnum, RTM, Mustang Panda"
Remote Services,2023,2025,3,"Aquatic Panda, Ember Bear, Wizard Spider"
Rename Legitimate Utilities,2019,2021,3,"APT32, menuPass, GALLIUM"
Rename Legitimate Utilities,2020,2022,3,"APT32, Lazarus Group, menuPass"
Replication Through Removable Media,2022,2024,3,"FIN7, Aoqin Dragon, LuminousMoth"
Right-to-Left Override,2020,2022,3,"Ferocious Kitten, BlackTech, BRONZE BUTLER"
Rootkit,2017,2019,3,"Winnti Group, APT41, APT28"
SMB/Windows Admin Shares,2025,2027,3,"Storm-1811, MirrorFace, Velvet Ant"
Scheduled Task,2025,2027,3,"APT42, Earth Lusca, Storm-0501"
Screen Capture,2025,2027,3,"APT42, VOID MANTICORE, Kimsuky"
Search Open Websites/Domains,2025,2027,3,"Mustang Panda, APT-C-36, Contagious Interview"
Search Victim-Owned Websites,2021,2023,3,"Kimsuky, Silent Librarian, EXOTIC LILY"
Security Account Manager,2021,2023,3,"Dragonfly, FIN13, APT29"
Service Execution,2025,2027,3,"FIN7, Medusa Group, Velvet Ant"
Service Stop,2019,2021,3,"Indrik Spider, Wizard Spider, Lazarus Group"
Service Stop,2023,2025,3,"LAPSUS$, Sandworm Team, Medusa Group"
Service Stop,2024,2026,3,"Kimsuky, Sandworm Team, Medusa Group"
Sharepoint,2024,2026,3,"HAFNIUM, Akira, VOID MANTICORE"
Software Deployment Tools,2023,2025,3,"Mustang Panda, Medusa Group, Sandworm Team"
Software Deployment Tools,2025,2027,3,"VOID MANTICORE, Mustang Panda, Medusa Group"
Software Discovery,2022,2024,3,"HEXANE, Volt Typhoon, SideCopy"
Spearphishing Link,2026,2028,3,"WIRTE, MirrorFace, APT-C-36"
Spearphishing Voice,2023,2025,3,"Scattered Spider, Storm-1811, LAPSUS$"
Steal Web Session Cookie,2025,2027,3,"APT42, Lotus Blossom, Kimsuky"
Supply Chain Compromise,2024,2026,3,"Ember Bear, OilRig, Sandworm Team"
Symmetric Cryptography,2022,2024,3,"MuddyWater, RedCurl, Volt Typhoon"
Symmetric Cryptography,2023,2025,3,"RedCurl, Volt Typhoon, Contagious Interview"
System Checks,2025,2027,3,"Gamaredon Group, WIRTE, Kimsuky"
System Language Discovery,2022,2024,3,"Ke3chang, Malteiro, BlackByte"
System Service Discovery,2018,2020,3,"APT1, OilRig, BRONZE BUTLER"
System Shutdown/Reboot,2019,2021,3,"APT38, APT37, Lazarus Group"
System Time Discovery,2018,2020,3,"BRONZE BUTLER, The White Company, Lazarus Group"
System Time Discovery,2025,2027,3,"FIN7, Kimsuky, UNC3886"
Timestomp,2017,2019,3,"APT32, APT28, Lazarus Group"
Timestomp,2021,2023,3,"APT29, Chimera, APT38"
Timestomp,2024,2026,3,"APT5, Mustang Panda, UNC3886"
Traffic Signaling,2025,2027,3,"UNC3886, Mustang Panda, Kimsuky"
Transfer Data to Cloud Account,2024,2026,3,"RedCurl, INC Ransom, Storm-0501"
Unix Shell,2020,2022,3,"Rocke, TeamTNT, APT41"
Visual Basic,2025,2027,3,"APT42, Contagious Interview, MirrorFace"
Web Protocols,2025,2027,3,"Medusa Group, VOID MANTICORE, APT42"
Web Service,2022,2024,3,"RedCurl, Mustang Panda, EXOTIC LILY"
Web Service,2024,2026,3,"RedCurl, APT42, VOID MANTICORE"
Windows Credential Manager,2019,2021,3,"OilRig, Stealth Falcon, Turla"
Windows Host Firewall,2020,2022,3,"Lazarus Group, Magic Hound, Moses Staff"
Windows Host Firewall,2022,2024,3,"OilRig, Magic Hound, Moses Staff"
Windows Host Firewall,2024,2026,3,"OilRig, VOID MANTICORE, MirrorFace"
Windows Management Instrumentation,2026,2028,3,"MirrorFace, APT-C-36, VOID MANTICORE"
Windows Management Instrumentation Event Subscription,2017,2019,3,"APT29, Leviathan, Turla"
Windows Management Instrumentation Event Subscription,2021,2023,3,"Mustang Panda, Metador, FIN8"
Windows Management Instrumentation Event Subscription,2023,2025,3,"Rancor, HEXANE, Metador"
Winlogon Helper DLL,2018,2020,3,"Tropic Trooper, Turla, Wizard Spider"
