apt_group,dim_0,dim_1,dim_2,dim_3,dim_4,dim_5,dim_6,dim_7,dim_8,dim_9,dim_10,dim_11,dim_12,dim_13,dim_14,dim_15,dim_16,dim_17,dim_18,dim_19,dim_20,dim_21,dim_22,dim_23,dim_24,dim_25,dim_26,dim_27,dim_28,dim_29,dim_30,dim_31,dim_32,dim_33,dim_34,dim_35,dim_36,dim_37,dim_38,dim_39,dim_40,dim_41,dim_42,dim_43,dim_44,dim_45,dim_46,dim_47,dim_48,dim_49,dim_50,dim_51,dim_52,dim_53,dim_54,dim_55,dim_56,dim_57,dim_58,dim_59,dim_60,dim_61,dim_62,dim_63,nation,pca_x,pca_y,cluster
APT28,0.01677452214062214,-0.30697059631347656,0.31234779953956604,-0.008122128434479237,0.10027412325143814,-0.32191628217697144,0.13625463843345642,-0.1312495917081833,-0.3042260706424713,0.16283157467842102,-0.026125675067305565,-0.019268494099378586,0.019631171599030495,0.22785763442516327,0.24521881341934204,-0.3621101677417755,0.0816756933927536,0.2936798632144928,0.09238222241401672,0.056137651205062866,0.12945468723773956,0.2895813584327698,0.32300665974617004,0.09743676334619522,-0.1117125079035759,-0.3278650939464569,0.5265578627586365,-0.27357789874076843,-0.02829497866332531,0.05416994169354439,0.15068140625953674,0.1760515719652176,-0.07768494635820389,0.03635391220450401,0.16723687946796417,0.25715023279190063,0.22206826508045197,-0.12247440963983536,0.195471853017807,0.5578699707984924,0.599283754825592,0.16029968857765198,-0.05012907832860947,0.08562200516462326,0.14903615415096283,0.019602375105023384,0.05996670573949814,-0.04002661257982254,-0.46365493535995483,0.2993317246437073,-0.045636292546987534,0.18238705396652222,-0.027350421994924545,0.12522068619728088,0.12623390555381775,0.052714474499225616,-0.2067086547613144,-0.10711639374494553,0.23219849169254303,0.21534377336502075,0.22994568943977356,0.05978333204984665,-0.3424280285835266,0.179952010512352,Russia,-0.0018370743908901134,-0.027562053722508778,4
TA2541,0.23630408942699432,-0.04335379973053932,-0.04728492349386215,0.12810029089450836,-0.28813549876213074,0.04061432555317879,-0.17901241779327393,-0.445808470249176,-0.32625919580459595,-0.0070712068118155,-0.01349718775600195,-0.2562139630317688,-0.18287883698940277,0.02433551475405693,-0.3051338493824005,-0.06701163947582245,-0.05535099655389786,-0.09840226173400879,-0.04666905850172043,-0.39822542667388916,0.26188796758651733,-0.3197243809700012,-0.2307940125465393,-0.04761529341340065,-0.26505589485168457,-0.1073802262544632,-0.006124693900346756,0.4373525381088257,-0.19900183379650116,-0.19205541908740997,0.09812000393867493,0.07685521245002747,-0.004358089063316584,-0.04132140427827835,-0.05198250710964203,-0.41567495465278625,0.20817987620830536,-0.1878627985715866,0.05198565870523453,-0.012571604922413826,0.07099433988332748,0.39867347478866577,0.3587805926799774,0.10032393783330917,0.17794814705848694,0.21982797980308533,-0.0008383303647860885,0.11473638564348221,-0.10410335659980774,-0.11767219007015228,-0.09095107764005661,-0.1689853072166443,-0.2132115662097931,-0.10966861993074417,-0.2636069655418396,0.10984540730714798,-0.3984915018081665,-0.038844894617795944,-0.08956240862607956,-0.17485906183719635,0.2916991412639618,0.09285515546798706,-0.39881977438926697,0.0843067616224289,Others,0.4694574663220444,0.10892863737007616,2
Kimsuky,0.35180118680000305,-0.32649707794189453,0.016176234930753708,0.2760389447212219,-0.06562089920043945,-0.16380161046981812,-0.19750162959098816,0.07473267614841461,-0.08408581465482712,0.15215739607810974,0.14598162472248077,-0.20946018397808075,0.14631381630897522,0.2687220871448517,0.06233071908354759,-0.3919997811317444,0.1674433946609497,0.3137626647949219,-0.14564454555511475,-0.4016750752925873,-0.05400194972753525,0.011513527482748032,-0.034046903252601624,-0.22490717470645905,-0.17126058042049408,0.10619369894266129,0.3433624804019928,0.10661707818508148,-0.20969976484775543,-0.10473354905843735,-0.10822790116071701,-0.0630185455083847,0.11868663877248764,-0.004218044690787792,-0.02097821794450283,-0.06637267768383026,0.12339341640472412,-0.003212930867448449,-0.017236923798918724,-0.17737051844596863,0.22922702133655548,-0.06919542700052261,-0.08165640383958817,-0.3619081974029541,-0.31965136528015137,0.05067893862724304,0.02323538437485695,0.09346994757652283,0.3872252106666565,-0.1457715779542923,0.06832751631736755,-0.171046644449234,0.16053089499473572,-0.15153886377811432,-0.14469967782497406,0.08681057393550873,-0.2839626967906952,-0.30951982736587524,0.42124149203300476,0.13610313832759857,-0.061316948384046555,0.08854074031114578,-0.4914861023426056,0.11714908480644226,North Korea,0.07481117521123117,0.4101958938966753,2
Fox Kitten,-0.02100372686982155,-0.15852627158164978,0.15629597008228302,0.20336726307868958,0.30456167459487915,0.33567848801612854,-0.03588535264134407,-0.005879008211195469,-0.17949658632278442,-0.0247026477009058,-0.12544351816177368,-0.07098644971847534,-0.22297616302967072,-0.10539337992668152,0.31460991501808167,0.14434395730495453,-0.09504366666078568,0.0226470734924078,-0.5268784761428833,0.06952545046806335,0.1987641304731369,0.1680683195590973,0.2544613182544708,-0.1397257149219513,-0.16758425533771515,-0.10092760622501373,0.21349990367889404,0.010921652428805828,0.4060083031654358,-0.0033384347334504128,0.2451777458190918,-0.3703838288784027,0.28433170914649963,0.2543448209762573,-0.06381823867559433,-0.45932209491729736,0.6443116664886475,-0.4993860423564911,0.35154223442077637,0.23418834805488586,0.07461129873991013,-0.1577804833650589,-0.32540377974510193,-0.0119517482817173,-0.3929942846298218,-0.12332566827535629,0.3293129503726959,0.045222681015729904,0.2120492160320282,-0.1902550905942917,-0.2313256710767746,0.0907340943813324,-0.1946156919002533,-0.06613384187221527,0.054350174963474274,-0.1271260529756546,-0.14372068643569946,-0.18336491286754608,0.19555041193962097,0.11240333318710327,0.004225374665111303,0.08874563872814178,-0.20167052745819092,-0.0012622044887393713,Iran,-0.5810494862309689,0.22800584331976964,4
Turla,0.09100206196308136,-0.21900765597820282,-0.030719714239239693,0.1960589587688446,0.3954560160636902,0.3503323197364807,-0.011768338270485401,-0.19669488072395325,-0.5125040411949158,0.1612028181552887,-0.09650565683841705,-0.18707968294620514,0.0874926820397377,0.36526814103126526,-0.08219718933105469,-0.1951684057712555,0.08244349807500839,-0.11864165216684341,-0.3306281864643097,0.1010001078248024,-0.04384095221757889,0.14942653477191925,0.09917297959327698,-0.05235033482313156,-0.16831572353839874,0.1559707075357437,0.06913672387599945,0.06108864024281502,-0.33987951278686523,-0.11023993790149689,0.5233600735664368,0.340267539024353,0.27529609203338623,0.16074679791927338,-0.03536636754870415,-0.008259172551333904,0.1436358243227005,-0.10984224826097488,0.08047404885292053,0.22463487088680267,-0.09478330612182617,0.04033031687140465,0.46900516748428345,-0.3969077169895172,-0.09606391191482544,-0.10386300086975098,-0.09799860417842865,-0.04111798480153084,-0.14200395345687866,-0.2638390362262726,0.37578871846199036,-0.13982819020748138,0.2549230754375458,0.07198786735534668,0.056972604244947433,-0.28966301679611206,-0.04647322744131088,-0.07980260252952576,0.00641748309135437,-0.07697230577468872,0.02967558614909649,0.5619742274284363,-0.12196867167949677,0.2062808871269226,Russia,-0.3010098331289658,0.021314233572580617,2
Wizard Spider,0.4220864176750183,-0.2619321942329407,0.08324865996837616,0.10139232128858566,0.23460595309734344,-0.17389902472496033,-0.07177168130874634,0.002806488424539566,-0.35828134417533875,-0.0652649998664856,0.25163429975509644,-0.1189122200012207,0.10835380852222443,0.2757706344127655,-0.18433932960033417,0.08432931452989578,-0.05812421813607216,-0.08225707709789276,-0.3310447037220001,0.13512468338012695,0.2307089865207672,0.06448844075202942,-0.07659539580345154,-0.017164353281259537,-0.03375003859400749,0.14628349244594574,-0.1147598996758461,0.029873361811041832,-0.11765040457248688,0.066307932138443,0.13820317387580872,-0.18192286789417267,0.21140789985656738,-0.10243641585111618,0.20486609637737274,0.023266306146979332,0.04408254846930504,-0.356789231300354,0.5577813982963562,-0.026811059564352036,-0.11682959645986557,-0.14180707931518555,0.12099199742078781,-0.09497062861919403,0.16597701609134674,0.27936476469039917,-0.22706358134746552,0.10494872182607651,-0.04461991414427757,-0.33328700065612793,-0.06626346707344055,-0.13640959560871124,-0.022196166217327118,0.09011228382587433,-0.08853093534708023,-0.0004448496038094163,0.13268309831619263,-0.24469202756881714,0.10860496014356613,0.21927611529827118,0.19892536103725433,-0.2480393499135971,-0.17106062173843384,0.7506809830665588,Others,-0.3572114341319438,0.07316049036137796,4
Volt Typhoon,0.03858290612697601,-0.4794689416885376,0.016927821561694145,0.35324031114578247,0.3759881258010864,-0.1807846575975418,0.029379483312368393,0.026220306754112244,-0.18885478377342224,0.06371304392814636,0.21128331124782562,-0.07101099193096161,-0.059639278799295425,0.34767967462539673,-0.03582921251654625,-0.3202134370803833,0.014512544497847557,0.025081872940063477,-0.4478853642940521,0.16843701899051666,-0.04329942911863327,0.059102218598127365,0.081081323325634,-0.0917370542883873,-0.3837974965572357,-0.17512115836143494,-0.12426741421222687,-0.278043657541275,0.15951929986476898,0.23973020911216736,0.32089242339134216,-0.14069904386997223,-0.2460106611251831,-0.03418440371751785,-0.007259443402290344,-0.3102421164512634,0.19694340229034424,0.13059979677200317,-0.10942676663398743,-0.01534432452172041,0.29401135444641113,-0.38151535391807556,0.430583655834198,-0.04272036999464035,-0.15868744254112244,0.2356584370136261,-0.24000220000743866,-0.1401062160730362,0.19240614771842957,0.09685403853654861,0.18312251567840576,-0.15344083309173584,-0.2960413098335266,0.526607096195221,0.24671323597431183,-0.07182686775922775,-0.18621425330638885,-0.23245400190353394,0.1046481728553772,-0.20591510832309723,-0.08656439930200577,0.07077649235725403,-0.2683471739292145,-0.306397020816803,China,-0.4121851496950196,0.0010878758378574877,4
Tropic Trooper,-0.0625535324215889,-0.39987483620643616,0.23967795073986053,0.24584132432937622,-0.06189611554145813,-0.33179280161857605,0.24891595542430878,0.018503060564398766,-0.321220338344574,-0.011295727454125881,-0.25514304637908936,-0.3737235367298126,0.2050633728504181,0.03652304410934448,-0.337970495223999,-0.08227086067199707,0.3310436010360718,-0.23004479706287384,-0.21810951828956604,-0.33906859159469604,0.09840716421604156,0.1972724050283432,-0.04851428046822548,-0.3232996165752411,-0.542903482913971,-0.16469158232212067,0.002030805917456746,0.2389560043811798,-0.20634710788726807,0.42062610387802124,0.3966798186302185,-0.08346720784902573,-0.02701156586408615,0.062359195202589035,0.1130402609705925,0.44528284668922424,-0.33232197165489197,-0.2534835934638977,0.2052839994430542,-0.02534051239490509,-0.01778065413236618,0.01738893985748291,0.33432891964912415,0.19366419315338135,-0.28326430916786194,-0.1870192140340805,0.21682867407798767,-0.10674864053726196,0.04028203710913658,0.09754425287246704,-0.14840704202651978,0.40846797823905945,-0.09916103631258011,-0.22334420680999756,0.11815987527370453,0.025591157376766205,-0.10975372791290283,0.017010880634188652,-0.0928625538945198,-0.036883726716041565,-0.05972641706466675,0.05516011640429497,0.13517367839813232,0.22235044836997986,Others,-0.04090005603950442,-0.6299496055075193,4
MuddyWater,0.22237582504749298,-0.23077639937400818,-0.026314562186598778,-0.16537374258041382,0.110031358897686,-0.35303184390068054,-0.35902678966522217,-0.011055491864681244,-0.05787137895822525,-0.5181170701980591,-0.0656905397772789,-0.2523563802242279,0.051182206720113754,0.11804481595754623,0.16410213708877563,-0.17167983949184418,0.3042329251766205,0.13514266908168793,0.22142527997493744,-0.25784745812416077,0.08970000594854355,0.013499639928340912,-0.14099662005901337,-0.07917579263448715,-0.15480618178844452,0.32347697019577026,-0.16198232769966125,-0.12560106813907623,-0.06363680958747864,0.04209251329302788,0.3291330635547638,-0.24763086438179016,0.33425888419151306,-0.08840307593345642,0.15203018486499786,0.04769371077418327,0.21412856876850128,-0.2125040888786316,0.034324441105127335,-0.09539052098989487,0.5407329797744751,-0.06861185282468796,0.23480594158172607,-0.3243825137615204,-0.057603053748607635,-0.2656857371330261,-0.02410528063774109,0.041767437011003494,-0.0014310640981420875,-0.07956130057573318,-0.19100631773471832,-0.1217278465628624,-0.025453336536884308,0.09814146161079407,0.07841484248638153,-0.3400706946849823,-0.18581078946590424,0.11473096907138824,0.0075696660205721855,-0.00972871482372284,0.024253271520137787,0.13015612959861755,-0.4438164234161377,-0.0970199927687645,Iran,0.017205806501886887,0.11937432595502571,2
Storm-1811,0.186977818608284,-0.09561058133840561,-0.2812645435333252,0.032890357077121735,0.329226016998291,-0.12478069961071014,-0.2862374186515808,0.037107840180397034,-0.46319401264190674,-0.2531115710735321,-0.14883922040462494,-0.5014076828956604,-0.01260612066835165,-0.03188750520348549,-0.05998503789305687,-0.08001969754695892,0.6349912285804749,0.4013625681400299,0.0361931286752224,0.2500319182872772,0.10217013210058212,0.3659399151802063,0.264064759016037,0.01292503159493208,0.1580197513103485,-0.12708111107349396,-0.27513840794563293,0.23467935621738434,0.038827210664749146,-0.08656846731901169,-0.15786123275756836,-0.3035690486431122,-0.33550602197647095,0.1405303031206131,-0.18185777962207794,0.2662060260772705,0.23691768944263458,-0.15119512379169464,0.7611299753189087,0.04625628516077995,0.02074427157640457,0.041064031422138214,-0.17072774469852448,-0.003281372133642435,0.046375446021556854,0.11697430908679962,-0.1357225775718689,0.040681324899196625,-0.1450476199388504,-0.041672397404909134,0.07134205847978592,0.09807376563549042,-0.44197526574134827,0.05693786218762398,-0.3838171362876892,0.008530008606612682,-0.5568246245384216,0.2979798913002014,0.22981521487236023,-0.06327113509178162,0.13714289665222168,0.03450218588113785,0.09395608305931091,0.3401094079017639,Others,0.037876195084214186,-0.08642794848337877,4
Gamaredon Group,-0.3353419601917267,-0.2635609805583954,0.0057433065958321095,0.08172083646059036,-0.059299565851688385,-0.17343273758888245,-0.29182684421539307,-0.054290153086185455,-0.4502869248390198,-0.07220458984375,0.2160537838935852,-0.40502235293388367,-0.05604398623108864,-0.015545760281383991,-0.08912943303585052,-0.3162388801574707,-0.3955678343772888,0.4053248167037964,0.008914908394217491,-0.34247374534606934,0.2751830518245697,-0.05475308373570442,0.1810998022556305,-0.008434072136878967,-0.29043832421302795,0.12386193126440048,0.17225788533687592,0.2811874449253082,0.04855944216251373,0.12387349456548691,0.40874871611595154,0.10929293930530548,-0.02985149808228016,0.2649746537208557,0.2049129456281662,-0.16057804226875305,0.25468695163726807,0.13986247777938843,0.2147907316684723,0.132736936211586,0.121916264295578,0.23166488111019135,0.29693010449409485,-0.26168355345726013,-0.34921884536743164,-0.06310318410396576,-0.20979054272174835,-0.03018861822783947,0.09591688960790634,-0.1495254635810852,-0.28576281666755676,-0.00763610377907753,0.270338773727417,-0.05327494442462921,0.001572492066770792,0.09312499314546585,-0.11259009689092636,-0.0835438072681427,-0.019591527059674263,-0.22901834547519684,-0.12349452823400497,0.18228960037231445,-0.4765654504299164,-0.10212396085262299,Russia,-0.027077709212412145,0.07605177122018389,2
Gorgon Group,0.17224426567554474,-0.44902563095092773,-0.2613166570663452,-0.04361613839864731,0.16380435228347778,-0.039408642798662186,0.3152303099632263,-0.16967743635177612,-0.4735606610774994,-0.21083807945251465,0.3596136271953583,-0.07214812189340591,0.13056804239749908,0.15964622795581818,0.22163450717926025,0.09127664566040039,0.2728387415409088,-0.05584133416414261,0.2087365984916687,-0.2617563307285309,0.15899701416492462,0.19067791104316711,0.031667791306972504,-0.34003785252571106,0.06923503428697586,0.078590989112854,0.26759037375450134,0.6749190092086792,-0.06319621205329895,-0.26476749777793884,0.2033507376909256,-0.08606113493442535,-0.09216215461492538,0.46478480100631714,0.1913406252861023,-0.16680790483951569,0.10240370780229568,-0.054096758365631104,-0.3112390339374542,0.06018103286623955,-0.2103811502456665,0.31943970918655396,0.1251308172941208,0.09577625244855881,0.18447455763816833,0.4894276559352875,0.047285255044698715,-0.02955944463610649,0.0021759853698313236,-0.20052480697631836,0.08666840940713882,-0.10047003626823425,-0.2307964265346527,0.049874935299158096,0.1322374939918518,0.1863548308610916,0.12142909318208694,0.18530111014842987,0.054396070539951324,-0.3978230059146881,-0.24852000176906586,0.39703091979026794,-0.10455819964408875,0.20203261077404022,Others,0.1884036734556022,-0.2741284553519442,3
HAFNIUM,0.4623004198074341,-0.2849193811416626,0.3495805859565735,0.08102626353502274,-0.007876590825617313,-0.16121742129325867,0.2726331353187561,0.4455922245979309,-0.025595184415578842,0.0336611345410347,0.13659600913524628,-0.04924052581191063,-0.6054286956787109,-0.007888096384704113,-0.23923228681087494,-0.20438417792320251,0.411266028881073,-0.05299654230475426,-0.07681998610496521,-0.022938525304198265,0.3359799385070801,0.2171258181333542,0.35403677821159363,-0.05922272056341171,-0.09812933206558228,-0.22370921075344086,0.2850267291069031,-0.09127802401781082,-0.13304321467876434,0.34726205468177795,0.47829732298851013,0.007040437310934067,0.07973288744688034,0.008200755342841148,0.11296883225440979,-0.08588194102048874,0.33840104937553406,-0.10211042314767838,0.34986916184425354,0.4485798478126526,0.15138286352157593,0.028871169313788414,0.42471402883529663,0.2537499964237213,-0.20727130770683289,0.16658422350883484,0.4493021070957184,0.15915466845035553,-0.2520190477371216,-0.030626947060227394,0.10698910057544708,0.05807877331972122,0.0071920850314199924,0.1062311977148056,0.14492450654506683,-0.24810798466205597,-0.004140391014516354,-0.19139467179775238,0.006104689557105303,-0.45031121373176575,0.09833184629678726,0.2019285261631012,-0.044173840433359146,-0.20222966372966766,Others,-0.2374810201938134,0.19820372753039642,4
TA505,0.04897560179233551,-0.27973026037216187,0.03823988139629364,0.002870287513360381,0.2220483273267746,-0.07285667210817337,-0.2757300138473511,-0.3137388825416565,-0.16693027317523956,0.20164047181606293,0.09485504776239395,-0.3658624291419983,0.10517318546772003,0.22248901426792145,0.09061495214700699,-0.08510798960924149,0.18210208415985107,0.09493060410022736,-0.20690764486789703,-0.28770479559898376,0.03443717584013939,-0.4620240330696106,0.26915299892425537,-0.02329310216009617,0.5064915418624878,-0.0037718687672168016,0.41705334186553955,0.2558463513851166,0.3226037919521332,-0.029133442789316177,0.14856615662574768,0.13594619929790497,-0.12502530217170715,0.17815962433815002,0.026397472247481346,-0.08523311465978622,-0.1358058750629425,-0.4003804326057434,0.041315920650959015,-0.37463071942329407,-0.04920998960733414,0.3591860830783844,-0.02417558804154396,-0.2447163462638855,0.06933436542749405,0.17821918427944183,-0.06543340533971786,-0.01915327087044716,0.3566211462020874,0.028742142021656036,-0.19465044140815735,0.06286445260047913,-0.3153478503227234,0.24343426525592804,0.1481918841600418,-0.4459889829158783,-0.18391063809394836,-0.06905879825353622,-0.3628866970539093,-0.06995800137519836,-0.007966354489326477,-0.004409648012369871,-0.40319913625717163,0.348614901304245,Others,0.24537544280577878,0.15823128081241417,2
FIN8,0.07907027006149292,-0.49173471331596375,-0.06475768238306046,0.2554374933242798,-0.16278062760829926,0.18087616562843323,-0.03142976760864258,0.05326096713542938,-0.2337685376405716,-0.07700812071561813,0.19266897439956665,0.027035532519221306,-0.3095763623714447,0.17669731378555298,-0.16337351500988007,-0.04876556992530823,-0.37730270624160767,-0.2220745086669922,-0.1901652067899704,0.2240169197320938,0.2874526083469391,0.12496260553598404,0.12212204933166504,-0.2009475827217102,0.0037589245475828648,0.12344447523355484,0.11860308051109314,-0.00202222540974617,-0.4046271741390228,-0.10672266036272049,-0.09732235223054886,0.1438010334968567,-0.4231967628002167,-0.27319371700286865,-0.014507205225527287,-0.1716514527797699,0.5301273465156555,-0.6002740859985352,0.2197854220867157,0.09975363314151764,0.043210096657276154,0.1440008133649826,0.24130527675151825,-0.1078554317355156,0.2458004355430603,0.37554731965065,0.19221417605876923,0.02415451407432556,-0.16988679766654968,0.061058852821588516,-0.24406899511814117,0.11486449837684631,0.0466303825378418,0.22149212658405304,-0.06177666410803795,-0.2576490640640259,-0.49560680985450745,0.027439499273896217,-0.14794117212295532,-0.0865098312497139,0.005463604349642992,-0.1108669862151146,0.06453139334917068,0.34741875529289246,Others,-0.22576626968574454,0.14406277028126924,1
APT39,0.2359241396188736,-0.24957074224948883,0.0033816322684288025,0.365507036447525,0.21179984509944916,-0.039379578083753586,-0.1808483600616455,-0.06400633603334427,-0.6445419788360596,-0.0716358870267868,0.10221684724092484,-0.14058569073677063,0.2836807668209076,-0.055693164467811584,0.13645772635936737,0.20423831045627594,0.03447997197508812,-0.2176300436258316,0.035104282200336456,-0.1305653303861618,-0.3667699694633484,0.14866723120212555,0.054220981895923615,-0.11469008773565292,-0.2526349723339081,-0.2305479794740677,0.08843392133712769,-0.1997455507516861,0.07945891469717026,-0.03000929020345211,0.07464329898357391,-0.3642071783542633,0.178742453455925,0.4153090715408325,-0.33385926485061646,-0.05694596841931343,0.3433606028556824,-0.4751754105091095,0.0732978880405426,0.2727811932563782,0.12415419518947601,-0.21097739040851593,-0.04877303168177605,0.023669235408306122,0.2832578718662262,-0.09657687693834305,-0.04127546772360802,0.12742413580417633,0.08788622170686722,-0.035276859998703,0.04237055033445358,-0.10690704733133316,0.18693476915359497,0.2599988579750061,-0.11484483629465103,-0.10132326185703278,-0.14506690204143524,0.19387789070606232,0.23983687162399292,0.07729591429233551,0.03027023747563362,0.321184366941452,0.19687552750110626,0.15224668383598328,Iran,-0.29211437560401593,-0.20155765201421,4
FIN4,0.23114226758480072,-0.3283635675907135,0.29475313425064087,0.30946165323257446,0.10237037390470505,-0.26440665125846863,0.33635085821151733,-0.28787222504615784,-0.0743056982755661,0.25110727548599243,0.0004859395558014512,0.16899947822093964,-0.2635309100151062,0.3339644968509674,-0.2696133852005005,-0.05900292098522186,-0.26029932498931885,-0.22664788365364075,0.4458868205547333,-0.150107741355896,-0.011279938742518425,-0.0639871284365654,-0.03083520196378231,0.029389042407274246,-0.15965580940246582,0.08681933581829071,0.36036989092826843,0.14205533266067505,0.5941412448883057,-0.07185789942741394,0.0637114942073822,-0.29827067255973816,-0.5566959381103516,0.2130991816520691,0.21063454449176788,0.4465027153491974,0.3581681251525879,-0.7146672010421753,-0.06746649742126465,-0.0015596924349665642,0.2518150508403778,0.09405119717121124,0.09688304364681244,-0.028837649151682854,0.48817020654678345,-0.16888706386089325,-0.10217215120792389,0.17600755393505096,-0.05150085687637329,-0.31481796503067017,-0.019835442304611206,-0.3026766777038574,-0.028380505740642548,0.10614831000566483,0.1253442019224167,0.07143162935972214,-0.3069796860218048,-0.34390178322792053,0.2809380888938904,-0.3073141276836395,0.35260650515556335,-0.012414400465786457,0.03872715309262276,-0.24017471075057983,Others,0.5519629677164549,0.03428609564033097,3
Rocke,-0.24047386646270752,-0.6356328725814819,-0.20327982306480408,0.3474573493003845,0.35571858286857605,0.014566967263817787,-0.07476162165403366,-0.044326409697532654,-0.382983535528183,-0.4146423041820526,-0.1252869963645935,-0.27012497186660767,-0.4781726002693176,-0.07758009433746338,0.17053794860839844,-0.11095749586820602,-0.0024170842953026295,-0.1294867992401123,0.33292555809020996,-0.3587198853492737,-0.1019154042005539,0.11916946619749069,0.08270817995071411,-0.4633761942386627,0.15947973728179932,-0.07410408556461334,0.018520133569836617,0.1953524351119995,-0.08260667324066162,0.27745723724365234,0.4485982358455658,0.24599792063236237,0.01244997326284647,0.3356580138206482,-0.0032405771780759096,-0.36600908637046814,0.1725645661354065,0.030363185331225395,-0.2052135020494461,0.05586342141032219,0.413955420255661,0.2479696422815323,0.05050674080848694,0.15369106829166412,0.03428400680422783,0.1670675426721573,0.24221201241016388,0.14831840991973877,0.2990609407424927,-0.32847896218299866,0.1078253835439682,-0.04848890379071236,-0.31707197427749634,-0.11542181670665741,0.2851816415786743,0.17953868210315704,0.09380105882883072,0.42346858978271484,0.2805139124393463,0.45039457082748413,-0.1804579198360443,0.1896411031484604,-0.10398990660905838,0.17287185788154602,Others,-0.2603707427876174,-0.5158093069058679,4
menuPass,-0.05648594722151756,-0.07991694658994675,0.09988312423229218,0.10959095507860184,0.4093870222568512,0.032032184302806854,-0.12457672506570816,-0.03505499288439751,-0.19379116594791412,-0.031609393656253815,0.15482297539710999,-0.1171027272939682,-0.06465093791484833,-0.10485129058361053,0.24843354523181915,0.29450955986976624,0.2614955008029938,0.16760629415512085,0.0821063220500946,-0.14836791157722473,0.2850339114665985,0.20155958831310272,0.22270694375038147,-0.5230956077575684,-0.2712450325489044,-0.0713319182395935,0.28218069672584534,0.24782127141952515,0.3224464952945709,-0.12703923881053925,-0.10730664432048798,-0.4360000491142273,0.05890829488635063,-0.033819206058979034,0.23010313510894775,-0.0765419527888298,0.07151781767606735,-0.27678877115249634,0.29808858036994934,0.1543831080198288,0.260966956615448,-0.04895670339465141,0.17408812046051025,0.03891301900148392,0.11275015026330948,0.41380998492240906,-0.1077294573187828,-0.3639107048511505,-0.13048981130123138,0.18650521337985992,-0.19793906807899475,0.10315435379743576,-0.0243433378636837,0.2003944367170334,0.08241093158721924,0.0732417032122612,-0.06042991206049919,0.022311070933938026,-0.152203768491745,0.13417856395244598,0.05286127328872681,-0.07776384055614471,-0.42346513271331787,-0.07362058758735657,China,-0.26639718442740434,-0.23668689523499917,4
VOID MANTICORE,0.08384239673614502,-0.18241338431835175,0.35521170496940613,0.12480013072490692,0.14055882394313812,0.1049649640917778,-0.3723219931125641,0.39238590002059937,-0.3045474588871002,0.1721874177455902,-0.03167446702718735,0.13016830384731293,0.07029587775468826,0.3698189854621887,-0.17360468208789825,-0.013452398590743542,0.17033502459526062,0.3962535262107849,0.08631331473588943,0.36804625391960144,0.6345815658569336,0.09271791577339172,-0.016070710495114326,0.02113032154738903,0.06157590076327324,-0.07712677121162415,0.12064094096422195,-0.0338565818965435,0.1645156294107437,-0.09880390763282776,0.13030648231506348,-0.13608963787555695,0.10861394554376602,0.37422746419906616,0.040519628673791885,-0.06792671233415604,0.35334593057632446,0.19207939505577087,0.2301214188337326,0.03408943861722946,0.3843175768852234,0.28434252738952637,0.29210221767425537,-0.07267814874649048,0.262187123298645,-0.3152974247932434,0.27882787585258484,0.2164435237646103,0.05846794322133064,-0.56449294090271,0.07095034420490265,0.11751899868249893,-0.14624767005443573,0.396692156791687,-0.04658040404319763,0.26932671666145325,-0.05361016094684601,-0.26551297307014465,0.2394646257162094,-0.21926888823509216,0.04402230307459831,-0.03092806041240692,-0.12017222493886948,0.06806962937116623,Others,-0.23843559064943645,0.6633615675787677,2
APT32,-0.06397425383329391,-0.3984830677509308,0.3830554187297821,0.1741505265235901,0.07434072345495224,0.13687370717525482,-0.17077989876270294,-0.07607853412628174,-0.005085237789899111,0.2783110737800598,-0.24336059391498566,-0.054559074342250824,0.08154056966304779,0.1686713695526123,0.2171701192855835,-0.001894972869195044,-0.19367273151874542,0.1386132389307022,-0.17974790930747986,-0.39412224292755127,0.1029568612575531,0.18649238348007202,-0.2444658726453781,-0.15823492407798767,-0.05628107860684395,0.0574798509478569,0.1850995570421219,0.014672220684587955,-0.03255496546626091,0.04210161790251732,0.2314990907907486,0.21922196447849274,-0.004380069673061371,0.36052513122558594,0.09465274214744568,-0.21472662687301636,0.36516642570495605,0.022914109751582146,0.47299450635910034,0.20183812081813812,0.1998177021741867,-0.20064076781272888,-0.002657907083630562,-0.06611237674951553,0.1960095316171646,0.3693077564239502,-0.03831217437982559,0.19160473346710205,-0.08595027774572372,-0.19698476791381836,0.366026908159256,0.27451521158218384,-0.015187685377895832,-0.1200283095240593,-0.15965396165847778,-0.11097218096256256,-0.16262465715408325,-0.1893232762813568,-0.10928429663181305,-0.04345381259918213,-0.046901099383831024,0.14644594490528107,0.03741956129670143,0.2502616047859192,Others,-0.0827681352438762,0.0821078355454433,2
APT29,-0.023803409188985825,-0.05171632021665573,0.36096155643463135,-0.013608741573989391,0.21321316063404083,0.12851440906524658,0.22146034240722656,-0.07522974908351898,-0.10450605303049088,0.2974521815776825,-0.18298792839050293,0.16871613264083862,-0.07191068679094315,-0.06572075188159943,-0.288560152053833,-0.27418097853660583,0.06933986395597458,0.08273976296186447,0.034602049738168716,-0.2815302014350891,0.3862021863460541,-0.044084738940000534,0.04492715001106262,-0.12473660707473755,-0.15111352503299713,-0.17554953694343567,0.11318142712116241,0.10474391281604767,-0.24966301023960114,0.08786148577928543,0.22315265238285065,-0.42034536600112915,-0.20119749009609222,-0.2579258680343628,-0.546829104423523,-0.04530029743909836,-0.2377638965845108,-0.4708833694458008,0.30406656861305237,0.3594129979610443,0.7001471519470215,0.541345477104187,-0.07380658388137817,-0.18206273019313812,0.32431259751319885,-0.04944251850247383,0.06570836901664734,0.2547704875469208,-0.14887914061546326,-0.3254815638065338,0.1752202957868576,0.23969274759292603,-0.31484535336494446,0.26920926570892334,0.049541402608156204,-0.10692188143730164,-0.2872006595134735,0.0077095334418118,0.1578671634197235,-0.03718762472271919,-0.13822613656520844,0.1161365658044815,-0.4645213782787323,-0.10345733165740967,Russia,0.1699384087821585,0.16439211339693335,4
Earth Lusca,0.2601553201675415,0.10006386041641235,0.3345818519592285,0.0697321891784668,0.07709528505802155,0.19319118559360504,-0.2546463906764984,0.011723950505256653,-0.09703618288040161,-0.311295747756958,-0.10632694512605667,-0.5302305221557617,-0.12027233093976974,0.16688723862171173,-0.15746471285820007,0.03138820081949234,0.36678993701934814,0.09701086580753326,0.013592522591352463,0.08535955101251602,0.04485076293349266,0.2129581719636917,-0.08712064474821091,0.12344527989625931,-0.2468854933977127,0.24987351894378662,-0.02259828895330429,0.19112496078014374,-0.12500490248203278,-0.13955560326576233,0.19560210406780243,-0.11331158131361008,0.05461480841040611,-0.2756037712097168,-0.12151694297790527,0.01916689984500408,0.2910926043987274,-0.008688070811331272,-0.2534284293651581,-0.009351867251098156,0.2883681654930115,-0.24509678781032562,-0.13893377780914307,-0.1022307351231575,0.02487075887620449,-0.05446787178516388,0.11549543589353561,0.04486248642206192,-0.0325264111161232,-0.08204613626003265,0.21269533038139343,0.14510391652584076,-0.09204111993312836,0.11194345355033875,0.18962064385414124,0.01522982306778431,-0.32933497428894043,0.05936804786324501,-0.3412541449069977,0.05339215323328972,-0.05413985997438431,0.5764045715332031,-0.7634860277175903,0.2596189081668854,China,0.06518752708234328,0.3368042727615219,2
Sandworm Team,0.0019264185102656484,-0.24120040237903595,0.30696171522140503,0.3123582601547241,0.17773231863975525,-0.18256905674934387,-0.4272281229496002,0.11171408742666245,0.032113514840602875,0.07018774747848511,0.16030877828598022,-0.17424416542053223,-0.3186579644680023,0.554592490196228,-0.17686985433101654,-0.29478025436401367,0.11731752753257751,0.33073216676712036,-0.12705755233764648,0.03390447050333023,0.2226029634475708,0.1745942384004593,-0.06893423199653625,0.1745639443397522,-0.09431657940149307,-0.3426622450351715,0.3519984483718872,0.2468656599521637,0.23100249469280243,-0.09314803779125214,-0.010324190370738506,0.07344900816679001,0.41408461332321167,-0.02684120461344719,-0.17943131923675537,0.2285376787185669,0.16618011891841888,-0.28778550028800964,0.04000410437583923,-0.24304436147212982,0.01381174847483635,-0.3972182273864746,-0.00889462698251009,0.13496746122837067,0.08617521822452545,0.151414155960083,-0.27842292189598083,0.06006784737110138,0.1977841556072235,-0.19056354463100433,-0.0217518862336874,0.034926146268844604,-0.08907562494277954,0.32908427715301514,0.19377116858959198,-0.19454672932624817,-0.07434221357107162,0.030991781502962112,0.03220850229263306,-0.14189761877059937,0.010264799930155277,0.1839589774608612,-0.13271136581897736,0.05455332249403,Russia,-0.034609700197708246,0.5140907945290016,2
Threat Group-3390,0.29761987924575806,-0.1319669634103775,0.391201376914978,0.15685877203941345,0.22085437178611755,-0.07681216299533844,0.019248440861701965,0.007699741516262293,-0.13291582465171814,0.018753938376903534,0.14510032534599304,-0.11100882291793823,-0.186412513256073,-0.002020803978666663,0.40435442328453064,0.5440837740898132,-0.02295204997062683,0.1977056860923767,0.06421151757240295,0.17815573513507843,-0.0071778250858187675,-0.213992178440094,-0.2777147889137268,-0.11384256184101105,-0.4654906392097473,0.045853693038225174,0.404862642288208,0.451418936252594,-0.2748318016529083,0.21308526396751404,-0.028155677020549774,-0.340093731880188,0.143771231174469,-0.15185856819152832,-0.363551527261734,-0.02089858427643776,0.1014142856001854,-0.33172357082366943,0.20628909766674042,0.12997402250766754,0.09686699509620667,0.008282313123345375,0.21997328102588654,0.0393521785736084,0.010005922056734562,0.4113122522830963,-0.09094198048114777,0.09146308153867722,-0.3746870756149292,-0.1759013533592224,-0.12344544380903244,0.05100466310977936,0.050306536257267,0.09942521154880524,0.006491373758763075,0.19942720234394073,-0.09740997105836868,-0.09264294803142548,-0.1978486031293869,0.156342014670372,0.06849443912506104,0.10681305825710297,-0.20054908096790314,-0.035246722400188446,Others,-0.08506507770318465,-0.08084669715814947,4
APT-C-36,-0.09870078414678574,-0.013699915260076523,0.08742295205593109,-0.32098129391670227,-0.12142027169466019,-0.3924686312675476,-0.12912318110466003,-0.10318805277347565,0.13807746767997742,-0.2012193650007248,-0.16642874479293823,-0.36628425121307373,-0.25569769740104675,0.24285270273685455,-0.13576531410217285,0.016311848536133766,0.25844806432724,0.5773299336433411,0.12946096062660217,-0.3775438666343689,0.3301624655723572,0.1857292801141739,0.13636136054992676,0.14436450600624084,-0.3969176113605499,-0.1710786372423172,-0.07025282829999924,0.1648905724287033,-0.04869576171040535,-0.2573125958442688,0.0031066369265317917,-0.142605260014534,0.22486114501953125,0.017751192674040794,0.05883118882775307,-0.1916811615228653,0.2606910467147827,-0.09486979246139526,-0.12443777918815613,0.11500103026628494,-0.04381910711526871,0.2883515954017639,0.14256267249584198,-0.027417460456490517,0.19303691387176514,0.29041245579719543,0.0014049401506781578,0.2198091298341751,0.1630990207195282,-0.2319965362548828,0.25125348567962646,0.016839303076267242,-0.25806117057800293,0.06541529297828674,-0.37218746542930603,0.17185167968273163,-0.2540743052959442,-0.16154909133911133,0.24921686947345734,-0.437252014875412,0.02134583331644535,0.33236053586006165,-0.5776117444038391,0.15535569190979004,Others,0.4022880626678735,0.42928508423390266,2
Mofang,0.0884605199098587,-0.09751363843679428,0.1941463202238083,0.014122705906629562,0.01361156441271305,-0.2985144853591919,0.11919143795967102,-0.4640384614467621,-0.315201073884964,0.3294466435909271,0.07341894507408142,-0.2070470154285431,-0.0687752366065979,-0.025946445763111115,-0.13679563999176025,-0.10738168656826019,-0.014000766910612583,0.2982529103755951,0.484036386013031,0.016373395919799805,0.08122957497835159,-0.43850207328796387,-0.29987993836402893,-0.15226468443870544,-0.17614886164665222,-0.10118356347084045,0.1975184977054596,0.24551282823085785,-0.12054932117462158,-0.10392868518829346,-0.3293077349662781,-0.09476783126592636,-0.030023623257875443,0.2883313298225403,0.09596341848373413,0.056645382195711136,0.24446876347064972,-0.37808704376220703,-0.06756702065467834,0.07073748856782913,-0.2889833450317383,0.19351166486740112,-0.16097572445869446,0.366620272397995,0.11337362229824066,-0.04350489377975464,-0.039693690836429596,0.2686702013015747,-0.19020485877990723,-0.1635790914297104,0.16017918288707733,-0.08614317327737808,-0.26812097430229187,0.15290388464927673,-0.1475527435541153,0.1678769737482071,-0.7651607990264893,-0.11724443733692169,0.04483503848314285,-0.1608504056930542,0.3328736126422882,-0.04577106982469559,-0.19530926644802094,0.1709440052509308,Others,1.032481862832664,-0.06864998099001969,3
Transparent Tribe,0.04682853817939758,0.045211926102638245,0.07207230478525162,0.3312437832355499,0.06991565972566605,-0.335397332906723,0.0012322182301431894,-0.2790220379829407,-0.07833610475063324,0.3868730068206787,-0.30517494678497314,-0.49434977769851685,-0.260999858379364,-0.019759682938456535,0.13221043348312378,0.14780813455581665,0.12296268343925476,0.08801059424877167,0.3906797766685486,-0.4103836417198181,0.04738202691078186,-0.07185254245996475,-0.33235034346580505,0.11336556077003479,-0.2755802273750305,-0.28709539771080017,0.12735500931739807,0.33471155166625977,0.0010486546671018004,-0.3609663248062134,0.12688525021076202,-0.006480738054960966,-0.1436774730682373,-0.05706048756837845,0.20696982741355896,-0.09560426324605942,0.04859699308872223,-0.11723317205905914,-0.036198195070028305,0.2784936726093292,0.2157929539680481,0.46306952834129333,-0.07058105617761612,0.225073903799057,-0.015882326290011406,-0.16111262142658234,0.32583069801330566,0.3006032705307007,-0.14740201830863953,-0.21459192037582397,0.08975550532341003,0.04422491416335106,-0.08945293724536896,0.12871244549751282,-0.30754849314689636,-0.2682949900627136,-0.49357202649116516,-0.21379059553146362,-0.2303738296031952,0.06319952756166458,0.16892950236797333,0.15581770241260529,0.08886519819498062,0.21877998113632202,Others,0.9505339608797494,0.0009465749829414682,2
Naikon,-0.22327925264835358,-0.15879783034324646,0.07236871123313904,0.32605230808258057,0.1554124802350998,-0.28740817308425903,0.16128471493721008,-0.13903476297855377,-0.030284162610769272,0.3017067015171051,0.05719272792339325,-0.0573900006711483,0.00860241986811161,0.08855225145816803,-0.17407608032226562,0.5310653448104858,0.17061957716941833,0.10824987292289734,0.010907284915447235,-0.04133862629532814,0.12260884791612625,0.2694202661514282,-0.15837430953979492,-0.5465255379676819,-0.22853940725326538,0.07460464537143707,-0.371205598115921,0.07985883951187134,-0.1944635957479477,-0.0911787897348404,0.1418350785970688,0.30865609645843506,0.017306271940469742,0.06373177468776703,-0.4594240188598633,-0.31731942296028137,0.301314115524292,-0.3325335681438446,0.28769201040267944,-0.08766894042491913,0.06153245270252228,-0.24506255984306335,0.1556587964296341,0.1886674463748932,-0.047818660736083984,-0.0796792283654213,0.10894367843866348,-0.08739796280860901,0.0789119228720665,-0.3554462194442749,-0.30314335227012634,-0.029401205480098724,-0.5714786052703857,-0.1167406365275383,0.18825162947177887,0.14030417799949646,0.08332978934049606,0.2404959797859192,0.05785461887717247,-0.18853574991226196,-0.04539646953344345,-0.14088407158851624,-0.4929084777832031,0.4276932179927826,Others,-0.11553478598756231,-0.44182125713175846,3
Patchwork,0.21160770952701569,-0.13117524981498718,0.0019127416890114546,0.07059228420257568,0.0865795761346817,-0.06703811883926392,-0.11793361604213715,0.15650823712348938,-0.16160951554775238,-0.034377045929431915,0.46974074840545654,-0.3061148524284363,0.22423356771469116,0.23928050696849823,0.002004869980737567,-0.07212625443935394,0.02204255945980549,-0.25075605511665344,-0.037999868392944336,0.03700452670454979,-0.4253615736961365,-0.01769295148551464,-0.2800956070423126,-0.369253545999527,-0.08491469919681549,-0.24437326192855835,0.0893753170967102,0.03632582351565361,0.017207071185112,-0.10154377669095993,0.0005587328923866153,-0.17398777604103088,-0.013357240706682205,-0.022185353562235832,0.220632404088974,-0.06674151867628098,-0.19699591398239136,-0.4968578517436981,0.14379264414310455,-0.015397323295474052,0.23433004319667816,0.4004698693752289,0.13424742221832275,0.10411126911640167,-0.05527313053607941,0.2058919072151184,0.14954312145709991,0.002843012334778905,-0.16054844856262207,-0.1614442616701126,-0.31053948402404785,-0.19646772742271423,-0.09774302691221237,-0.021225104108452797,-0.12565399706363678,-0.1514817625284195,-0.24938702583312988,0.17284874618053436,-0.19505079090595245,0.16575191915035248,-0.3333524465560913,0.060700923204422,-0.4576873481273651,0.16892805695533752,Others,0.1409276616161904,-0.2553109894258125,4
APT41,-0.20667600631713867,-0.17378267645835876,0.2026456594467163,0.310959130525589,0.23601402342319489,-0.2258763313293457,-0.2830432653427124,-0.09508484601974487,-0.21346086263656616,-0.19142863154411316,0.2745191156864166,-0.12655167281627655,-0.08019668608903885,0.10640354454517365,0.0215452928096056,0.385908305644989,0.2945014536380768,-0.2539094090461731,-0.19538865983486176,0.26286664605140686,-0.10978812724351883,0.03501158580183983,-0.16507738828659058,0.03383427485823631,0.19958044588565826,-0.39390698075294495,0.3447864353656769,-0.15350446105003357,-0.10145597904920578,0.29876676201820374,0.5273041725158691,-0.12064466625452042,0.08130282163619995,0.049426738172769547,-0.08797520399093628,-0.3835247755050659,0.3540468215942383,-0.20142140984535217,0.20132999122142792,-0.185824915766716,0.3240736424922943,0.07308430224657059,0.09179063886404037,-0.007899409160017967,0.1615481823682785,0.36025768518447876,-0.10033591836690903,0.0813547670841217,0.2696099281311035,0.022013459354639053,0.2465726137161255,0.016866357997059822,0.07847384363412857,-0.14624066650867462,0.08189278841018677,-0.04588610678911209,-0.09017080813646317,0.05230705812573433,0.40165260434150696,0.36799508333206177,-0.09686258435249329,-0.3631885051727295,-0.2624343931674957,0.14994843304157257,China,-0.5307293321724171,-0.3206012694395777,4
Magic Hound,0.09750359505414963,-0.1816987842321396,0.20339074730873108,0.12635357677936554,0.1309126913547516,-0.35053494572639465,-0.10085666179656982,-0.02294185198843479,-0.09951312839984894,0.290475070476532,0.09247246384620667,-0.4228390157222748,-0.28843188285827637,0.17851944267749786,0.004657087381929159,-0.23426653444766998,0.22134888172149658,-0.08820204436779022,0.04408637061715126,0.25110137462615967,0.06700650602579117,0.0801401361823082,0.04339873790740967,0.10099384933710098,0.01992773823440075,-0.08327043056488037,0.12579093873500824,0.428754597902298,-0.043853867799043655,-0.025730689987540245,-0.1640969067811966,-0.32557007670402527,0.11350614577531815,0.047385454177856445,-0.16755129396915436,-0.11594570428133011,0.6262238621711731,0.023267759010195732,0.08471958339214325,0.11665958166122437,0.18809986114501953,-0.008325486443936825,0.16301070153713226,-0.39192110300064087,0.2494993954896927,-0.1123400405049324,0.06501837074756622,-0.04587298259139061,0.16100244224071503,-0.1584039032459259,-0.21940356492996216,0.38228434324264526,-0.36745691299438477,-0.1259957104921341,0.4318026006221771,-0.16446852684020996,-0.06564507633447647,-0.06851311028003693,0.15245792269706726,-0.1518329381942749,0.12390894442796707,0.24218079447746277,0.08118075877428055,0.19351661205291748,Iran,-0.1354287004434846,0.28634904551987694,2
ZIRCONIUM,0.367870032787323,-0.36085736751556396,0.38782447576522827,0.1299605667591095,0.21518568694591522,-0.1969430148601532,-0.10618335753679276,-0.19464705884456635,-0.21479855477809906,-0.0312681682407856,-0.054264288395643234,-0.004302931018173695,0.27010467648506165,0.059669069945812225,-0.058349281549453735,-0.31265878677368164,-0.21295806765556335,-0.07283272594213486,0.04486405476927757,-0.08524184674024582,-0.33605363965034485,-0.4049004316329956,0.5873497724533081,-0.12330252677202225,-0.037751004099845886,0.16295011341571808,0.30694273114204407,0.09886804223060608,0.19428418576717377,-0.10841156542301178,0.11842063814401627,0.024183493107557297,-0.28612011671066284,-0.10489407926797867,-0.4183119833469391,-0.240226611495018,-0.006057910621166229,0.03589987754821777,0.37941762804985046,-0.06523936241865158,0.5112776160240173,-0.16836170852184296,0.1541789323091507,0.23558728396892548,-0.04984726011753082,-0.3506937325000763,-0.19104544818401337,-0.07228823751211166,-0.37833648920059204,-0.2621973156929016,0.1664181798696518,-0.238167405128479,0.0068708001635968685,0.13077878952026367,-0.032482124865055084,-0.09574036300182343,-0.19103080034255981,-0.0014674612320959568,0.10342872142791748,0.003645919496193528,0.10524629056453705,0.3239789605140686,-0.5062920451164246,0.2560926377773285,Others,0.31770277618455695,0.2033727748629944,2
Orangeworm,-0.19180811941623688,-0.8218998312950134,0.25835373997688293,-0.22196657955646515,0.47752630710601807,-0.10420795530080795,0.1414002776145935,0.12239536643028259,-0.31980425119400024,-0.0494043342769146,-0.3863130509853363,-0.16906771063804626,-0.3971399962902069,0.2635420262813568,-0.3003953695297241,0.24597084522247314,-0.21778526902198792,-0.44730281829833984,0.14554134011268616,0.19090011715888977,0.26544156670570374,0.33821865916252136,-0.0496913380920887,0.36431118845939636,0.24599534273147583,0.2092999964952469,0.4791390895843506,-0.16307611763477325,-0.4142433702945709,-0.0041785710491240025,-0.021030640229582787,0.2325180023908615,0.07445458322763443,0.3526677191257477,-0.10264032334089279,0.21584902703762054,0.1517404019832611,-0.6178962588310242,0.9543766975402832,-0.2937217950820923,-0.12540704011917114,0.05556486174464226,0.258268266916275,-0.11740719527006149,0.15805795788764954,-0.16610212624073029,-0.017637960612773895,0.43002453446388245,0.12898914515972137,0.37792637944221497,-0.3057147264480591,-0.10653696209192276,0.2508734166622162,0.031404655426740646,-0.0840878114104271,0.29024583101272583,-0.336575984954834,-0.20154668390750885,0.15759313106536865,0.1169944554567337,-0.5148981809616089,0.5533490180969238,0.3410734236240387,-0.06600664556026459,Others,-0.7401676804116732,-0.27556973393512213,1
TeamTNT,-0.32152071595191956,-0.5874968767166138,-0.029337143525481224,0.2985505163669586,0.3351672887802124,0.262923926115036,-0.37150079011917114,0.10695977509021759,-0.3700909912586212,-0.045833099633455276,-0.369478315114975,-0.3930162787437439,-0.3022700548171997,-0.06468768417835236,0.2539377510547638,-0.14623035490512848,0.13767188787460327,-0.4157223701477051,0.13024906814098358,0.035365793853998184,-0.10323040932416916,-0.05639255419373512,-0.05537322908639908,-0.32546266913414,0.014320568181574345,0.07592683285474777,0.2803764343261719,0.12862753868103027,0.09387996047735214,0.39936885237693787,0.1853349804878235,0.07181743532419205,0.14768271148204803,0.030738534405827522,-0.14666706323623657,0.17237049341201782,0.07542774081230164,0.1016814187169075,-0.19756188988685608,-0.07569976150989532,0.3369380235671997,-0.0010769999353215098,0.3324040174484253,0.0034776697866618633,-0.03965946286916733,0.24227280914783478,-0.12527784705162048,0.2650451064109802,0.1721956878900528,0.24361000955104828,0.06098029762506485,-0.18863418698310852,-0.7215217351913452,-0.09207939356565475,-0.04589594900608063,0.27696770429611206,-0.0556817352771759,0.15705889463424683,0.01053650863468647,0.26088687777519226,0.031452033668756485,0.1520085632801056,-0.4178469181060791,0.4588663578033447,Others,-0.354593161761892,-0.4210724129768732,4
APT37,-0.1671850085258484,-0.32057857513427734,-0.0267023965716362,0.28431299328804016,0.15998388826847076,0.11772699654102325,-0.3237658441066742,0.023916160687804222,0.01335491519421339,-0.32030707597732544,0.05432811379432678,-0.4699282944202423,0.26222366094589233,0.44291165471076965,-0.0925891250371933,0.11864619702100754,-0.02567017450928688,-0.0752231776714325,0.2988038659095764,-0.07062999904155731,-0.014649514108896255,-0.3531453013420105,-0.10859689861536026,0.04093628376722336,0.08398454636335373,-0.3608502447605133,0.13877736032009125,0.03446135297417641,0.26258954405784607,0.05638253316283226,0.26236259937286377,0.19604173302650452,0.11773552745580673,-0.010833526030182838,0.1928664892911911,0.04573390632867813,-0.13758987188339233,-0.4152722656726837,0.0941346138715744,0.05454858019948006,0.23548181354999542,-0.06824041157960892,0.16408175230026245,-0.2533488869667053,0.07000868767499924,-0.36222487688064575,0.3377735912799835,-0.10415828973054886,-0.47589564323425293,-0.40437445044517517,0.09858423471450806,0.09116248041391373,0.2353501170873642,-0.196394145488739,0.4481876492500305,0.2562704384326935,-0.15101201832294464,0.0403507724404335,0.045455269515514374,-0.27071413397789,-0.3770522177219391,0.3234870135784149,-0.3467610776424408,0.1286243051290512,North Korea,0.23156497649121635,-0.3927500639095252,3
POLONIUM,0.3097062110900879,-0.011980759911239147,0.3760983943939209,-0.07147244364023209,0.20641455054283142,-0.36112120747566223,-0.146928071975708,0.04000219702720642,-0.678871750831604,-0.08433616161346436,-0.13550260663032532,0.44486552476882935,-0.2370126098394394,-0.13551516830921173,-0.1743481308221817,-0.009325876832008362,-0.07432293146848679,-0.24441556632518768,0.21619752049446106,-0.06197325885295868,0.43990689516067505,0.10186212509870529,0.47503402829170227,0.34948214888572693,-0.6099824905395508,0.1544613391160965,0.6806947588920593,0.07183323800563812,0.11469618231058121,-0.4005011320114136,0.11798510700464249,-0.19726350903511047,0.5199331641197205,-0.3663068115711212,-0.24251456558704376,-0.005958036053925753,0.3940892219543457,0.09170950204133987,-0.01606682874262333,-0.11035715043544769,0.18522843718528748,-0.30304184556007385,0.3290775418281555,-0.35311827063560486,0.00997363030910492,0.0496695339679718,0.4056873321533203,-0.07939163595438004,-0.274140864610672,-0.6246731281280518,-0.12110530585050583,0.007337498478591442,0.3562418818473816,0.23083160817623138,0.2979801595211029,-0.21139158308506012,-0.2903294861316681,0.4307590425014496,0.14481139183044434,-0.2544917166233063,0.409274160861969,0.2295113354921341,-0.6105963587760925,-0.00749564915895462,Iran,-0.1209003376398961,1.0547177797784204,2
Scattered Spider,0.396976500749588,-0.3787626028060913,0.0620335191488266,0.1658884435892105,0.43350449204444885,0.12263907492160797,-0.09545234590768814,0.15472255647182465,-0.24972522258758545,-0.33766236901283264,-0.0847056582570076,0.21255940198898315,-0.22795116901397705,0.2233135998249054,0.0297225471585989,0.05106957629323006,0.048183903098106384,0.09237300604581833,-0.07479636371135712,-0.02449744939804077,0.03364141285419464,0.2027769833803177,0.45516911149024963,0.1127965971827507,0.17575597763061523,-0.14113546907901764,0.1637728214263916,0.13522568345069885,0.26034015417099,-0.11550640314817429,0.28706973791122437,-0.39222630858421326,-0.227640300989151,-0.031091881915926933,0.20931367576122284,-0.14666949212551117,0.19934125244617462,-0.14431239664554596,0.3827474117279053,-0.27776917815208435,0.2436947524547577,-0.0633736103773117,0.17796437442302704,-0.020282071083784103,-0.2866131067276001,0.12797951698303223,0.2694183588027954,0.34949520230293274,0.3263702392578125,-0.4175501763820648,-0.12999695539474487,-0.26137855648994446,-0.8025102615356445,0.014223728328943253,0.06153316795825958,-0.037376292049884796,-0.3443968892097473,-0.3213929235935211,0.2100318819284439,-0.039306577295064926,0.29292622208595276,0.026065029203891754,-0.08579682558774948,-0.01387005764991045,Others,-0.22527226072571616,0.5333346178753526,4
Aquatic Panda,0.04419036954641342,-0.3062640428543091,-0.17807543277740479,0.20055709779262543,0.22409196197986603,-0.20831049978733063,-0.3726928234100342,0.04303109273314476,-0.3352080285549164,-0.10582038015127182,0.08664295822381973,-0.10644813627004623,-0.2793392837047577,0.17011769115924835,-0.20480649173259735,0.06674925237894058,0.2542620897293091,-0.1890019327402115,-0.29120922088623047,0.2520214319229126,0.030822083353996277,0.1579049527645111,-0.2612451910972595,0.07056498527526855,0.05994680896401405,0.47083115577697754,-0.03682124242186546,-0.15451329946517944,0.0031036902219057083,-0.1496826857328415,0.15578019618988037,-0.013580250553786755,-0.03200218826532364,-0.0912698432803154,-0.02067571133375168,-0.35504522919654846,0.2999792695045471,-0.18439774215221405,0.3039521276950836,0.30202069878578186,0.115252785384655,-0.0027137557044625282,0.10901094228029251,-0.024999603629112244,0.35878533124923706,0.3172703981399536,0.22122722864151,-0.0486515536904335,0.4218909740447998,0.15935596823692322,-0.19962018728256226,-0.04519589990377426,-0.4497115910053253,0.0010109033901244402,0.3141963481903076,0.23127605020999908,0.019041871652007103,-0.12685348093509674,0.05944094434380531,0.33476322889328003,-0.38020917773246765,-0.2464108169078827,-0.43363848328590393,0.476657897233963,China,-0.5961792837597092,-0.13010401025774618,4
Saint Bear,0.21330764889717102,0.05050938203930855,0.05908694863319397,0.04020323231816292,0.11181529611349106,-0.16096104681491852,-0.6160098314285278,-0.21596097946166992,0.007576022297143936,0.13223253190517426,0.08657125383615494,0.027174251154065132,0.18205779790878296,-0.0681275799870491,0.05347754806280136,0.08423849940299988,0.013404762372374535,-0.17832784354686737,-0.14803019165992737,-0.21146097779273987,-0.18432217836380005,-0.1534479856491089,0.0824725329875946,0.1281515210866928,-0.059119950979948044,0.13139502704143524,0.38227608799934387,0.18964578211307526,0.19676434993743896,0.08002359420061111,-0.006902489811182022,-0.023893307894468307,0.30796539783477783,0.21557721495628357,0.2636317014694214,-0.3223700523376465,0.020601335912942886,-0.11479923129081726,-0.006613531615585089,-0.0205980334430933,-0.12153035402297974,0.2767692506313324,0.11537415534257889,0.26598283648490906,-0.1651351898908615,0.5882439017295837,0.15956354141235352,0.19846665859222412,0.13238023221492767,0.02070911042392254,0.27800992131233215,0.3145167827606201,-0.4661538004875183,-0.04001571983098984,0.01400124654173851,-0.20570436120033264,-0.7409162521362305,0.27169618010520935,0.2016226053237915,-0.31847766041755676,0.1936279535293579,0.10561724752187729,-0.2420426905155182,0.48134902119636536,Others,0.5374287521127941,0.30396432292387277,2
CopyKittens,-0.2499064803123474,0.02939424104988575,0.27145588397979736,0.1172417476773262,-0.10045350342988968,-0.41361966729164124,0.1667761206626892,0.01763024367392063,-0.4798097014427185,-0.314071923494339,0.3934660255908966,0.20291082561016083,-0.03140264376997948,0.11408205330371857,-0.27157682180404663,-0.1476118564605713,0.5500695109367371,-0.10462119430303574,-0.25701647996902466,0.2608153223991394,0.0670497938990593,0.5446580052375793,0.30367904901504517,-0.3305859863758087,0.17972049117088318,0.4598725140094757,0.33558937907218933,0.3748256266117096,0.4275936782360077,-0.31922656297683716,0.11371532827615738,0.2854159474372864,0.39242053031921387,0.001087415381334722,0.19529007375240326,-0.3843507170677185,0.5408933162689209,0.10322175920009613,-0.06106608361005783,-0.4455795884132385,0.1549568772315979,0.2982734441757202,-0.35884419083595276,-0.6570661664009094,-0.10141545534133911,0.6088701486587524,0.2548302412033081,-0.11654338240623474,-0.2806580364704132,-0.04659353941679001,-0.049328625202178955,0.10758188366889954,-0.1062360405921936,0.13980787992477417,0.060734231024980545,-0.3723004162311554,-0.2456074208021164,-0.33105775713920593,0.11702776700258255,0.008931799791753292,0.10481709986925125,0.08764484524726868,-0.3377174139022827,-0.047866012901067734,Others,-0.43877186174088195,0.20155205375251686,4
Mustard Tempest,0.26505178213119507,0.09920826554298401,0.28615710139274597,0.33142128586769104,0.3030506670475006,-0.06233523413538933,-0.06995471566915512,0.08694284409284592,0.1522350162267685,0.2276630401611328,-0.3121313750743866,-0.7002098560333252,-0.33768466114997864,0.13458554446697235,-0.06393098086118698,-0.014314047060906887,-0.11629226803779602,0.0456056110560894,0.057662252336740494,0.029041582718491554,-0.018797531723976135,0.16749067604541779,-0.5745285153388977,0.3146187365055084,-0.4381013810634613,-0.31928378343582153,0.1604951173067093,0.11331077665090561,0.31544366478919983,-0.3545877933502197,0.07999376207590103,0.42300912737846375,-0.16466963291168213,-0.10710202157497406,-0.04280300438404083,0.1411469429731369,0.3167114853858948,0.17669008672237396,0.052979156374931335,-0.059774212539196014,-0.07414811849594116,0.5425646305084229,0.11604197323322296,-0.10582651942968369,0.05838743969798088,-0.06959101557731628,-0.1942709982395172,-0.0570540651679039,-0.12604710459709167,-0.3520570695400238,0.13133636116981506,-0.24811716377735138,-0.2826440632343292,0.43763279914855957,-0.2683175504207611,-0.030954856425523758,-0.5643290877342224,-0.27017220854759216,-0.5680083632469177,0.4100985527038574,0.008923237212002277,0.14040793478488922,-0.20199887454509735,0.3328659236431122,Others,0.553074629572949,0.393611962147608,2
APT19,0.1095319539308548,-0.5761632323265076,0.2515633702278137,-0.008320523425936699,-0.028574245050549507,-0.1366039663553238,-0.012328303419053555,-0.026548001915216446,0.053088195621967316,-0.18838921189308167,0.12485289573669434,-0.2812596559524536,0.35225698351860046,0.16355450451374054,-0.18382936716079712,0.06741629540920258,0.42810818552970886,0.14228419959545135,0.0669034868478775,0.03526591137051582,-0.16946004331111908,0.0228946004062891,-0.054299015551805496,-0.07770445942878723,-0.268505722284317,0.30629390478134155,0.19108836352825165,0.31714126467704773,0.13440845906734467,0.12361080944538116,0.12079772353172302,0.28563183546066284,0.14477254450321198,0.15137620270252228,0.001551116001792252,0.049466829746961594,0.3245963156223297,-0.13696232438087463,0.2747670114040375,-0.09504381567239761,-0.038118261843919754,0.12752948701381683,-0.25277891755104065,-0.050761628895998,-0.05792570486664772,0.3962106704711914,0.176641047000885,0.25305601954460144,-0.16315297782421112,0.14382988214492798,-0.14212489128112793,0.07076172530651093,-0.2750723958015442,-0.2789333760738373,0.005079776514321566,-0.07008901983499527,-0.10575329512357712,0.01047576405107975,-0.0486796498298645,-0.2578068673610687,-0.5087075233459473,0.20693418383598328,0.1371329426765442,0.3850671052932739,China,0.059755602793918595,-0.36165472208097754,2
Windshift,-0.1341245025396347,-0.17549598217010498,-0.19064746797084808,0.05446743220090866,0.14597798883914948,-0.13398443162441254,-0.05961061269044876,0.11590869724750519,0.11477739363908768,-0.40570777654647827,-0.06480789184570312,-0.5626762509346008,-0.09099805355072021,0.5025992393493652,-0.31238219141960144,-0.20450416207313538,-0.15651150047779083,0.058202698826789856,0.33689162135124207,0.001574975554831326,0.15425583720207214,0.03578373044729233,-0.17237183451652527,-0.2972646951675415,-0.08085890114307404,-0.10184517502784729,0.04233431816101074,0.0898904949426651,0.13968801498413086,-0.006544117350131273,0.17086370289325714,0.1955828219652176,-0.09820627421140671,-0.1637454628944397,-0.3032463490962982,0.024709312245249748,0.18472377955913544,-0.14529189467430115,0.3411824703216553,0.06257565319538116,-0.13377338647842407,-0.02690768986940384,0.08376041799783707,0.07651150971651077,0.2838848829269409,-0.3620883524417877,-0.040157876908779144,-0.04149386286735535,-0.38161277770996094,-0.10161572694778442,0.1174633577466011,-0.2051033079624176,-0.12495649605989456,-0.2575688660144806,0.4123477637767792,0.08163053542375565,-0.5866344571113586,0.06965463608503342,0.13249501585960388,-0.08540820330381393,-0.04772979021072388,0.1056886613368988,-0.03574417158961296,0.20547768473625183,Others,0.46901478555270143,-0.2981580805213522,3
Silence,0.16200852394104004,-0.1517830491065979,-0.3297959268093109,-0.007116145920008421,0.10609843581914902,0.0605398453772068,-0.10546175390481949,0.12672460079193115,-0.19720470905303955,-0.06860992312431335,0.4285031855106354,0.08376478403806686,0.10650013387203217,-0.07360521703958511,-0.060864392668008804,0.286193311214447,-0.05311444774270058,0.004037730395793915,-0.17656464874744415,-0.30541136860847473,0.2956904172897339,0.22798125445842743,-0.322081983089447,-0.03641536831855774,0.04741216450929642,-0.2046060413122177,0.31829944252967834,-0.011572782881557941,0.13088589906692505,-0.3494376242160797,0.030397828668355942,0.1391552835702896,0.3487006425857544,0.5637519359588623,0.13514509797096252,-0.23651228845119476,0.11896415799856186,-0.42827558517456055,-0.10308503359556198,-0.06289536505937576,0.3590642213821411,0.032805994153022766,0.24381360411643982,-0.29529693722724915,0.46703624725341797,0.2860451638698578,0.024259410798549652,0.14484815299510956,0.16563819348812103,-0.2821332812309265,0.0740182176232338,0.35959088802337646,-0.14365048706531525,0.18035952746868134,0.18233820796012878,-0.11265484243631363,-0.1940557360649109,-0.045039474964141846,-0.022878609597682953,-0.24992072582244873,-0.169029101729393,-0.13183434307575226,-0.10431352257728577,0.22727102041244507,Others,-0.13943851540369928,0.13048476409942658,4
Moonstone Sleet,0.1782747060060501,-0.3443748652935028,0.22503386437892914,-0.13079912960529327,0.12770643830299377,-0.032190319150686264,0.015583465807139874,0.16728408634662628,0.23466317355632782,-0.12001989036798477,0.02381720580160618,-0.7998904585838318,-0.05281596630811691,0.20335984230041504,0.14114713668823242,-0.04037216305732727,-0.011807745322585106,0.2166505753993988,-0.17104771733283997,-0.2670193314552307,0.3224906027317047,-0.1248152032494545,0.19732320308685303,-0.03424162417650223,-0.06512612849473953,-0.3943769037723541,0.35363543033599854,0.06294753402471542,-0.0663551390171051,0.034187160432338715,0.09037309139966965,-0.023037558421492577,-0.16130131483078003,-0.17467911541461945,-0.3840300738811493,-0.23127742111682892,0.27123838663101196,-0.013496002182364464,0.06395938992500305,-0.37383049726486206,0.0782802626490593,-0.24674780666828156,-0.021749412640929222,0.25395387411117554,-0.008593082427978516,0.12769682705402374,0.17424394190311432,0.004371132701635361,0.04619603604078293,0.05203523859381676,0.15829381346702576,-0.0685732364654541,-0.02339627407491207,0.014522561803460121,0.026747461408376694,0.16758663952350616,-0.5175091624259949,-0.19828449189662933,0.5650390386581421,-0.23220056295394897,0.3020898997783661,0.06832511723041534,0.2924555540084839,0.5703037977218628,Others,0.3022608006532955,0.39716096550923097,2
FIN6,-0.0373409129679203,-0.07252267748117447,-0.05781446769833565,0.17612874507904053,0.26976004242897034,0.10491955280303955,-0.05705957114696503,0.09847697615623474,-0.09166745841503143,0.017202360555529594,0.12337581068277359,0.27724599838256836,0.09953026473522186,-0.06715782731771469,-0.1334342360496521,0.039796002209186554,-0.21616627275943756,0.06700272113084793,-0.08730863779783249,0.15698234736919403,0.09186762571334839,0.1205277144908905,0.24003714323043823,-0.5975558161735535,0.3390965461730957,-0.1322242170572281,-0.12759386003017426,0.12182389944791794,0.2217111438512802,0.36037546396255493,0.2603946030139923,0.12242476642131805,0.41288629174232483,0.014225143939256668,0.12124238908290863,-0.2791184186935425,0.5090076327323914,-0.4831809401512146,-0.007319618947803974,0.02068004198372364,0.37677404284477234,-0.09971319884061813,0.306120365858078,0.24234387278556824,0.07733424007892609,0.26200178265571594,0.06564046442508698,-0.17212073504924774,-0.12423292547464371,-0.24279950559139252,-0.40600669384002686,0.1994587779045105,0.10449513792991638,0.11236914247274399,-0.1267198622226715,-0.3468424379825592,-0.5193016529083252,-0.23670652508735657,0.16334278881549835,-0.1313883513212204,-0.07446858286857605,-0.08560909330844879,0.009153670631349087,0.42317113280296326,Others,-0.3258757044131877,-0.011471636633575342,4
LAPSUS$,0.29445603489875793,-0.29275497794151306,0.4242364764213562,0.1328945904970169,0.921596348285675,0.1591579020023346,-0.1803591102361679,0.1918506622314453,-0.14432819187641144,0.15754075348377228,-0.13313354551792145,0.3809058666229248,-0.27115458250045776,0.44807949662208557,-0.3862560987472534,0.02078782580792904,0.23008550703525543,0.5445348024368286,-0.1311332732439041,-0.055967628955841064,0.0069786119274795055,0.0255777295678854,0.5098351240158081,0.44148358702659607,-0.06199490278959274,-0.516625702381134,0.12235064059495926,0.1028738021850586,0.018127785995602608,-0.018581660464406013,0.09893571585416794,-0.4132935404777527,0.12810440361499786,-0.1487826406955719,0.0475834459066391,-0.08102262020111084,0.25871944427490234,-0.10437711328268051,0.15737207233905792,-0.0981191098690033,0.16165979206562042,0.12055528908967972,0.07117528468370438,-0.1265285462141037,-0.4533918797969818,0.4045518636703491,0.06705470383167267,0.170800119638443,-0.361897736787796,-0.2628204822540283,-0.07825213670730591,0.027595335617661476,-0.12354952841997147,-0.1970994472503662,0.24681225419044495,-0.2125011533498764,-0.3920033574104309,-0.11514797806739807,0.31048059463500977,-0.21253664791584015,0.0962168350815773,-0.24379219114780426,-0.2444499284029007,0.02718283422291279,Others,-0.09428273018051855,0.6341710394460932,4
Play,0.1439446061849594,-0.377413809299469,-0.24134615063667297,0.23009254038333893,0.22010073065757751,-0.03942113369703293,0.07882049679756165,0.3092947006225586,-0.1131572425365448,-0.10698776692152023,-0.05516872927546501,0.01180336531251669,-0.38916632533073425,0.30974626541137695,0.21362286806106567,-0.15714053809642792,0.09052073955535889,-0.39742282032966614,-0.02067374438047409,0.12372852861881256,0.23588985204696655,0.32404348254203796,-0.06556655466556549,-0.25042352080345154,-0.24297821521759033,0.20774781703948975,0.358167439699173,-0.22553740441799164,-0.16509509086608887,0.12513603270053864,0.3057384490966797,0.43414410948753357,0.07843995094299316,0.16046054661273956,-0.40682607889175415,0.12559638917446136,0.2151876986026764,-0.17553985118865967,0.41737431287765503,-0.09713543951511383,-0.21103104948997498,0.22855578362941742,0.4590260088443756,-0.13326671719551086,0.2008194774389267,0.273826539516449,0.40198636054992676,0.2223597913980484,0.1797398030757904,0.21603213250637054,-0.19903574883937836,0.2452818602323532,-0.22666843235492706,0.1862536519765854,0.12564413249492645,-0.0939256101846695,-0.10289059579372406,-0.015543964691460133,0.17731395363807678,0.15860645473003387,0.05111047625541687,-0.26527532935142517,-0.354050874710083,-0.047936711460351944,Others,-0.7987887886525739,0.0236043641920129,1
BlackTech,-0.17730899155139923,0.08619976043701172,0.01974201202392578,0.4930163025856018,0.33705371618270874,-0.21125389635562897,0.13102082908153534,-0.3160761296749115,-0.015708772465586662,-0.06572113931179047,0.10598801076412201,-0.040801022201776505,-0.1423029601573944,-0.2657766342163086,0.031653326004743576,0.02161719836294651,-0.12038207799196243,0.29030242562294006,0.29657453298568726,-0.10196209698915482,0.03975658118724823,0.10659220814704895,-0.22598053514957428,-0.44838449358940125,-0.1985471546649933,0.1989176720380783,0.07962579280138016,0.17437006533145905,-0.2674192786216736,-0.27522143721580505,0.002662299433723092,-0.6120799779891968,0.009408417157828808,0.32970932126045227,0.1807374209165573,0.3643365204334259,-0.13701274991035461,-0.7593439817428589,0.3376722037792206,-0.033784061670303345,0.09065865725278854,0.006795723456889391,-0.22269557416439056,0.32518017292022705,-0.23696205019950867,0.06630236655473709,0.34092631936073303,-0.3153555691242218,0.233469620347023,-0.22335228323936462,0.15365910530090332,-0.3758203089237213,-0.15056557953357697,0.4026234745979309,0.14825095236301422,0.0399107001721859,-0.3616087734699249,0.26699626445770264,-0.3982609212398529,0.11916851997375488,-0.3699125051498413,0.08285742253065109,-0.1993694305419922,0.33792465925216675,China,0.497942163505815,-0.3477811885898699,3
FIN7,0.023044221103191376,-0.17493513226509094,-0.06560695916414261,0.15111039578914642,-0.06886662542819977,-0.21829204261302948,0.07966845482587814,0.12843634188175201,-0.2855599522590637,-0.371645987033844,-0.08618101477622986,-0.21496538817882538,0.020071901381015778,-0.16480910778045654,-0.05260796472430229,-0.024456122890114784,-0.36749622225761414,0.4217701554298401,-0.20214447379112244,-0.13411268591880798,-0.008921953849494457,-0.02889415994286537,-0.123829685151577,0.25836673378944397,-0.2685927152633667,-0.1310376077890396,0.14661158621311188,0.3439456820487976,0.13795001804828644,-0.16281403601169586,0.5385847687721252,-0.08505655825138092,0.26409074664115906,0.3105718493461609,-0.1483938843011856,-0.18670164048671722,0.1539178192615509,0.22323034703731537,0.21511203050613403,-0.05159004405140877,0.2203991860151291,-0.10432549566030502,0.008173556067049503,-0.1464545577764511,-0.06673204898834229,0.0031725289300084114,0.2647121846675873,0.07440987229347229,-0.13399621844291687,0.04973866045475006,-0.04679490253329277,0.19028054177761078,-0.060827773064374924,0.40452176332473755,0.06609214097261429,-0.3434285521507263,-0.08367275446653366,-0.1739751398563385,0.1699538379907608,-0.13874180614948273,0.061689749360084534,-0.15913766622543335,-0.208870068192482,0.741150438785553,Others,-0.0458114311633799,0.2761104472182961,2
OilRig,0.023020997643470764,-0.20822978019714355,-0.027602367103099823,0.509956955909729,0.12358520179986954,0.30648502707481384,-0.12139920890331268,-0.001213256735354662,-0.13832330703735352,0.10639884322881699,0.13976284861564636,-0.26171112060546875,0.07460081577301025,0.06407079845666885,0.1215880960226059,0.2022344022989273,-0.15276998281478882,0.13522998988628387,-0.21346256136894226,0.34581536054611206,-0.14731480181217194,-0.1534523367881775,0.12842266261577606,-0.20895616710186005,-0.15358932316303253,-0.11194927245378494,0.2406502068042755,0.08358687162399292,-0.03551794961094856,-0.07461673766374588,0.04053967073559761,-0.1529293656349182,0.3731291890144348,-0.04350048303604126,0.14185631275177002,-0.04948510229587555,0.11547446995973587,-0.43326884508132935,0.292216956615448,0.05239415913820267,0.20495547354221344,0.1156720370054245,0.44694745540618896,-0.15899309515953064,-0.16626659035682678,-0.29498764872550964,-0.29398155212402344,0.18970072269439697,-0.04618121311068535,0.345794141292572,0.2310369461774826,0.16495101153850555,-0.0395515114068985,0.2602328062057495,0.010345513932406902,-0.08351019024848938,-0.2987078130245209,-0.09774811565876007,0.09367833286523819,-0.21663637459278107,-0.06625249236822128,-0.1254906952381134,0.05023270100355148,0.3598070442676544,Iran,-0.17867596059311436,-0.17878055810922006,4
INC Ransom,0.09813643991947174,-0.06793007999658585,-0.18353807926177979,0.42276859283447266,0.26738104224205017,-0.010176320560276508,-0.05075724050402641,0.21481354534626007,-0.5056743621826172,-0.16620585322380066,-0.12890388071537018,-0.11546961963176727,-0.17829683423042297,0.13003778457641602,0.020089594647288322,-0.2010650634765625,0.03632546588778496,-0.3163921535015106,-0.12243808805942535,0.10383781045675278,0.6222847700119019,0.22105850279331207,0.00011980081035289913,-0.2310459464788437,-0.20571725070476532,-0.32241442799568176,-0.3027069568634033,0.007844182662665844,0.008224064484238625,0.14986248314380646,0.16903190314769745,-0.45669376850128174,-0.03523968532681465,0.4589468538761139,-0.1727333813905716,0.10703212767839432,0.3322257101535797,-0.25684764981269836,-0.005766529589891434,-0.6794354915618896,0.28807055950164795,-0.145431786775589,0.5000127553939819,-0.21157518029212952,0.14786770939826965,0.31902527809143066,0.10870712250471115,-0.10662275552749634,0.06005818024277687,-0.22365111112594604,0.21701152622699738,0.26662692427635193,-0.08172163367271423,0.1093912422657013,-0.15826714038848877,-0.22375871241092682,0.14441649615764618,-0.17876704037189484,-0.0203858632594347,0.08980926126241684,0.12087245285511017,-0.37062957882881165,0.05683879926800728,0.2999130189418793,Others,-0.7834780111963965,0.052855793291993594,1
Aoqin Dragon,-0.23400446772575378,0.10971979051828384,-0.360352098941803,0.25912827253341675,0.22763364017009735,-0.6849299669265747,-0.5347909927368164,-0.13524484634399414,-0.5419123768806458,-0.16535328328609467,-0.018594615161418915,0.15159571170806885,-0.028368817642331123,-0.05912681668996811,0.20483753085136414,-0.41612744331359863,0.07402615994215012,-0.17065955698490143,-0.015450568869709969,-0.2548747956752777,0.062245145440101624,-0.04551753029227257,-0.15021024644374847,-0.1890425831079483,-0.0988021045923233,-0.24855361878871918,0.33005499839782715,0.18944166600704193,0.3011254072189331,0.18917928636074066,0.04778297245502472,-0.023540841415524483,-0.044430069625377655,0.28539326786994934,-0.2660457491874695,0.22719743847846985,-0.5128980278968811,-0.11698472499847412,0.5762501955032349,0.10490377992391586,0.4193442761898041,-0.3475634455680847,0.15851886570453644,0.2808656394481659,-0.3176354765892029,0.34595027565956116,-0.47606638073921204,0.2117699235677719,-0.42589738965034485,-0.030589869245886803,0.28094491362571716,0.41681790351867676,-0.29216957092285156,-0.4261639714241028,0.038826003670692444,-0.3063620328903198,-0.3739716410636902,0.11415071785449982,-0.12026146799325943,0.1998399794101715,0.35378846526145935,0.17757049202919006,-0.004711248446255922,0.1655312031507492,Others,0.3114607095326389,-0.5990409877820789,4
MirrorFace,-0.06477078050374985,-0.10972163826227188,-0.016326915472745895,0.29398369789123535,0.21835950016975403,0.023760845884680748,0.08280498534440994,-0.30920279026031494,-0.3038182258605957,-0.05264923721551895,0.3012343645095825,-0.3733842074871063,0.06679636240005493,0.15803919732570648,0.0727202519774437,0.06261303275823593,0.31044942140579224,-0.02646120823919773,0.1982329785823822,0.3802550733089447,0.39734748005867004,0.36766061186790466,0.12433060258626938,0.08535803854465485,-0.1885654628276825,0.2265925407409668,-0.09167225658893585,-0.12456442415714264,-0.09817768633365631,0.04122135415673256,-0.09316583722829819,-0.2968412935733795,-0.1291070282459259,-0.09409826248884201,0.10266779363155365,-0.15394391119480133,0.29148799180984497,-0.09117954224348068,0.31687211990356445,-0.18745170533657074,-0.012359431013464928,0.040493808686733246,0.22410720586776733,0.06958583742380142,-0.046896565705537796,0.39336758852005005,0.37242504954338074,0.03983553871512413,0.1087653860449791,0.5585669875144958,-0.05155469477176666,0.21811543405056,0.09071212261915207,0.024599069729447365,0.3564828634262085,-0.012534674257040024,-0.7046858072280884,-0.2722384035587311,0.31062382459640503,-0.04225270822644234,0.20405621826648712,0.13071297109127045,-0.1452581286430359,0.09550248086452484,Others,-0.35556944799827794,-0.1498475348889967,4
Molerats,0.19093486666679382,-0.2627294063568115,0.10283689200878143,0.0881718322634697,0.12577426433563232,-0.0716741532087326,0.0412956066429615,-0.3147750794887543,-0.15568141639232635,-0.15551979839801788,0.3480457663536072,-0.15594536066055298,-0.003637129906564951,0.0967918187379837,-0.23602640628814697,-0.10262740403413773,0.07002215087413788,0.25519004464149475,0.4329102635383606,-0.16927389800548553,-0.38454246520996094,-0.2294829934835434,0.14767253398895264,-0.2867189347743988,0.18937605619430542,-0.05407993122935295,0.2740325331687927,0.1810430884361267,0.05591617897152901,-0.18573488295078278,-0.004008413292467594,0.019911611452698708,-0.008566261269152164,0.3026185631752014,0.016221966594457626,-0.4474326968193054,0.03958483785390854,-0.1768227517604828,-0.15220336616039276,-0.3464910686016083,-0.04891412705183029,0.2734021246433258,0.10980682820081711,0.12877219915390015,0.09730992466211319,-0.1508650928735733,-0.030273081734776497,0.029311811551451683,-0.17674888670444489,-0.14637839794158936,0.2947676181793213,0.1061263307929039,-0.1352510303258896,0.21352404356002808,0.15562158823013306,-0.2925304174423218,-0.20544466376304626,-0.154156893491745,-0.05755713954567909,-0.1460440754890442,0.3028050363063812,0.03859984502196312,-0.3964991867542267,0.2737593650817871,Others,0.536605066396876,0.04018249756458947,2
Chimera,0.09145655483007431,-0.3700321316719055,0.28628262877464294,0.09173909574747086,0.5724157691001892,0.16325703263282776,0.43542101979255676,0.235026553273201,-0.3743041753768921,0.04060408100485802,0.09210649132728577,-0.13955411314964294,-0.19156299531459808,0.30354204773902893,-0.013004645705223083,0.10367175191640854,0.12897230684757233,0.13053911924362183,-0.4733917713165283,0.08598964661359787,-0.038998089730739594,0.2680070400238037,-0.06345569342374802,-0.24098993837833405,-0.015122772194445133,-0.033050067722797394,0.10184790939092636,-0.26988276839256287,-0.29058024287223816,-0.026935303583741188,-0.24550579488277435,-0.30642032623291016,-0.20969460904598236,0.26125410199165344,-0.007749323267489672,-0.037186793982982635,0.24059776961803436,-0.06296012550592422,0.3065612316131592,0.14368747174739838,0.3429511785507202,-0.1743016093969345,0.5052205324172974,-0.1477290838956833,-0.2892872095108032,-0.07157446444034576,0.04622279852628708,-0.03506555035710335,0.10402824729681015,-0.03475772961974144,-0.23382221162319183,0.149271622300148,0.21726815402507782,-0.019114406779408455,0.13730187714099884,0.14568746089935303,0.07354675233364105,-0.10377618670463562,-0.07026787847280502,0.011427892372012138,0.11099910736083984,-0.0041903844103217125,-0.2539331614971161,0.18155086040496826,China,-0.677190797177249,0.0008793352916012274,4
UNC3886,-0.09433265030384064,0.11955559253692627,-0.11381129920482635,0.7782431244850159,0.409923791885376,-0.5708691477775574,0.09959801286458969,-0.009418484754860401,-0.16541998088359833,-0.552990198135376,0.026061484590172768,0.10303763300180435,-0.46521276235580444,-0.23550298810005188,0.12746866047382355,-0.4043256640434265,0.13202375173568726,0.013345088809728622,-0.3602873384952545,0.02761617675423622,-0.2691832482814789,-0.048977743834257126,0.0563274621963501,-0.20460066199302673,0.21979348361492157,0.25158026814460754,0.009128927253186703,0.17364051938056946,0.09643267095088959,0.3009473383426666,-0.09332841634750366,0.16733485460281372,0.26901036500930786,0.17312712967395782,-0.20824891328811646,-0.19490525126457214,-0.09301828593015671,-0.285072922706604,0.14243842661380768,0.18398168683052063,0.588446319103241,0.38478583097457886,-0.0031052823178470135,-0.29542574286460876,-0.11592359095811844,0.1570889800786972,0.2274138182401657,-0.12345290184020996,-0.14230498671531677,-0.4173917770385742,0.19723765552043915,-0.01966099813580513,-0.21619638800621033,0.3437633216381073,-0.05894317477941513,-0.07424657791852951,0.034821514040231705,-0.2637918293476105,0.47170689702033997,0.1754254698753357,-0.3463158905506134,0.1807256042957306,-0.23542587459087372,0.10247717797756195,Others,-0.3204947162490766,-0.2779503876630439,4
HEXANE,0.1378769725561142,-0.6398418545722961,0.08923998475074768,0.40840914845466614,0.43865740299224854,-0.0956847071647644,-0.08872681856155396,0.14937831461429596,0.10972210019826889,-0.10723462700843811,-0.1572939157485962,-0.3600580394268036,0.25193747878074646,0.29436972737312317,-0.05580808222293854,-0.11227453500032425,-0.08824632316827774,0.07628902792930603,-0.05141882225871086,-0.13646294176578522,0.035715166479349136,-0.0267006978392601,-0.038124341517686844,0.07672559469938278,-0.23979447782039642,-0.19903910160064697,0.23092690110206604,-0.0569993294775486,-0.39038801193237305,-0.22554387152194977,0.17052359879016876,-0.21600840985774994,0.028756439685821533,-0.29134809970855713,-0.2742316424846649,-0.38421884179115295,0.5819726586341858,0.04176926612854004,-0.20609618723392487,0.2775038480758667,-0.0784187763929367,-0.022952908650040627,0.22605231404304504,-0.445627361536026,-0.06359323114156723,0.03430323302745819,-0.17278772592544556,-0.0217758622020483,-0.19108673930168152,-0.11538788676261902,-0.015356904827058315,-0.0569029301404953,-0.010089023970067501,-0.0018738595535978675,0.17975446581840515,-0.4645961821079254,-0.12237498909235,-0.06118152663111687,-0.10276218503713608,-0.5880657434463501,0.2238711416721344,-0.22122099995613098,-0.025202585384249687,-0.13388921320438385,Others,0.06710980128774671,0.41613812090957114,2
Sowbug,0.06998433917760849,-0.017204241827130318,0.40370890498161316,0.198765367269516,0.37033823132514954,-0.3976380527019501,0.010660674422979355,0.22824466228485107,-0.3124677240848541,0.008350618183612823,-0.1595933735370636,-0.2960098683834076,-0.10395997017621994,0.19616158306598663,0.08775491267442703,0.12181098014116287,-0.07722590118646622,-0.5237236618995667,-0.39161571860313416,-0.4008236825466156,0.21853657066822052,0.5999113917350769,0.16003099083900452,-0.36999019980430603,-0.4569774866104126,-0.23329275846481323,0.1758503019809723,-0.2788929045200348,0.5692691206932068,-0.1618610918521881,-0.25737422704696655,-0.05483616515994072,-0.35751497745513916,0.3922860622406006,0.013476239517331123,0.07235634326934814,0.3871917128562927,-0.40522265434265137,0.042652808129787445,0.035376109182834625,0.23470349609851837,0.26310035586357117,0.1966170221567154,-0.30518555641174316,-0.13209566473960876,-0.04191051423549652,-0.04109629988670349,-0.1788581907749176,-0.3883625268936157,0.3585129976272583,0.09131016582250595,-0.11512312293052673,-0.13331238925457,-0.16563233733177185,0.08017055690288544,-0.02064353972673416,0.26508763432502747,-0.24452075362205505,-0.025675436481833458,0.4311414062976837,0.11017505824565887,-0.023004302754998207,0.13060355186462402,0.023428091779351234,Others,-0.3922446710891501,-0.43189862790937306,4
Mustang Panda,-0.09994649887084961,-0.14647631347179413,0.2633322775363922,0.5411344170570374,-0.044614676386117935,-0.1271461844444275,-0.11482397466897964,0.5136096477508545,-0.18009965121746063,-0.1017814502120018,-0.25240933895111084,-0.013525710441172123,0.21833428740501404,-0.018743377178907394,-0.21856771409511566,-0.19691202044487,-0.0317985936999321,0.3442961275577545,-0.11270705610513687,-0.5198028683662415,-0.06169326603412628,0.48277702927589417,0.12299409508705139,-0.3769870698451996,-0.15125945210456848,0.15734854340553284,-0.004960635676980019,0.289742648601532,-0.2971891462802887,0.03467316925525665,-0.14797189831733704,-0.1679513305425644,0.06471874564886093,-0.024801453575491905,0.3457394242286682,-0.25984928011894226,-0.07103825360536575,-0.17892654240131378,-0.03534417599439621,0.1317099630832672,-0.11303653568029404,-0.1751452088356018,0.14669468998908997,-0.007561577018350363,0.0333290696144104,-0.04495365917682648,0.11641328781843185,-0.14961709082126617,-0.23279114067554474,-0.21315892040729523,0.16906093060970306,0.2096244990825653,-0.011662278324365616,0.19603519141674042,0.21114420890808105,0.07234979420900345,-0.5262996554374695,-0.3672381043434143,0.03031790815293789,0.02800476737320423,-0.008923233486711979,0.02046254649758339,-0.33601507544517517,0.08523813635110855,China,0.041772315328669846,0.16622359696546907,2
WIRTE,-0.0857330784201622,-0.40452784299850464,0.19134189188480377,0.0727100819349289,0.2773122489452362,-0.2305581420660019,-0.05693763494491577,-0.20895916223526,-0.07914500683546066,-0.2506029009819031,-0.0639132708311081,-0.4452950060367584,-0.022649988532066345,0.15641503036022186,-0.07871510833501816,-0.15355916321277618,0.20827069878578186,0.5068379044532776,0.09288281202316284,-0.1296909600496292,-0.16332238912582397,-0.0106055848300457,-0.13401946425437927,0.11105051636695862,-0.04867003858089447,0.3178066313266754,0.2509556710720062,0.015023306012153625,-0.22408170998096466,-0.2634586691856384,-0.39699989557266235,-0.22725652158260345,0.05373994633555412,0.4734066426753998,0.17709173262119293,0.10879184305667877,0.2503385543823242,-0.0876263752579689,0.10872647166252136,-0.18883676826953888,0.10226025432348251,0.41000473499298096,0.1910656988620758,0.22619517147541046,0.009521679021418095,0.08832594007253647,-0.21752256155014038,0.07485077530145645,0.2658310532569885,-0.13589151203632355,-0.02602715976536274,0.06111797317862511,-0.10502775758504868,0.04738165810704231,-0.1420852541923523,0.1677095741033554,-0.30274561047554016,-0.020604930818080902,-0.2869085669517517,-0.3351132869720459,0.06435607373714447,-0.07791474461555481,-0.1220683678984642,0.060486022382974625,Others,0.3478942689640823,0.20465177978148677,2
Medusa Group,0.42356330156326294,-0.23549145460128784,0.03317048028111458,0.33248263597488403,0.030217856168746948,0.23518270254135132,-0.20011577010154724,0.05376119911670685,-0.08841352164745331,-0.27427318692207336,0.03882850706577301,0.11363235116004944,0.21785035729408264,0.2884349226951599,0.11302393674850464,-0.3092104196548462,-0.15414130687713623,-0.43495234847068787,-0.21742013096809387,-0.12752699851989746,0.26709282398223877,0.1087476909160614,-0.016587408259510994,-0.0668419674038887,-0.029704252257943153,0.10295869410037994,0.2341909259557724,0.4437382221221924,-0.13450577855110168,0.20092535018920898,0.2004309743642807,-0.27207452058792114,0.21088197827339172,0.2150339037179947,-0.1535033881664276,0.09735269099473953,0.2239307016134262,-0.2833593487739563,0.22619248926639557,-0.5113451480865479,0.29635053873062134,-0.0268250685185194,0.2580627202987671,-0.15394660830497742,-0.08313994109630585,0.33301857113838196,-0.04645976424217224,-0.17327003180980682,-0.07810449600219727,-0.25167709589004517,-0.3512919247150421,0.28373461961746216,-0.04655516892671585,0.22621338069438934,0.22598949074745178,0.41887617111206055,0.013962142169475555,-0.27064064145088196,-0.03618033230304718,-0.23711855709552765,0.03758050873875618,-0.06710484623908997,-0.11467316746711731,0.17163291573524475,Others,-0.52853391920021,0.3724773720949234,1
Moses Staff,0.21552854776382446,-0.3647305369377136,0.387687087059021,0.07340428978204727,0.2745867371559143,-0.05585002154111862,-0.003590632928535342,-0.23150040209293365,0.03535428270697594,0.07088915258646011,-0.0026763316709548235,-0.367499977350235,0.10136012732982635,-0.23637300729751587,0.007432409096509218,0.22453902661800385,0.26930662989616394,-0.35385438799858093,0.00517175393179059,0.43246278166770935,0.18408605456352234,0.20089636743068695,0.12096302956342697,-0.2880685329437256,-0.3926224112510681,0.010364296846091747,0.3879006505012512,-0.05546027421951294,0.05386863648891449,0.12683112919330597,0.09250079095363617,-0.11908570677042007,0.5475549697875977,0.059568360447883606,-0.11368046700954437,-0.15122640132904053,0.22995717823505402,-0.29628393054008484,0.5136871933937073,-0.3277519643306732,-0.4529644846916199,0.16951531171798706,0.10708116739988327,-0.17478981614112854,0.0026655131950974464,-0.030055131763219833,0.21149520576000214,-0.07996504753828049,0.21717363595962524,0.3305152356624603,0.1220058724284172,0.22477440536022186,-0.5245934128761292,0.4354047477245331,-0.07901132106781006,0.37583255767822266,-0.2814120054244995,-0.3873078227043152,0.20780310034751892,0.23938260972499847,0.3039441406726837,0.23434340953826904,0.2138291597366333,-0.029580019414424896,Others,-0.5391146113771174,-0.08713720815245062,4
LazyScripter,-0.121913380920887,-0.0940253734588623,0.1984562873840332,0.029689714312553406,-0.19356505572795868,0.11316965520381927,-0.07811110466718674,0.07847639918327332,-0.10410714894533157,-0.2062426507472992,-0.17892815172672272,0.003990926779806614,-0.2784203886985779,0.03032439947128296,-0.17435170710086823,-0.1461055427789688,0.07314544916152954,0.03801506757736206,-0.23130762577056885,-0.3140496015548706,0.09393194317817688,-0.009210951626300812,-0.15475448966026306,0.015797119587659836,0.13869896531105042,0.2891576290130615,0.4336661696434021,0.2765491008758545,0.2603608965873718,-0.05826399475336075,0.30315420031547546,-0.06480437517166138,-0.008947745896875858,0.34459275007247925,0.004024106543511152,0.016494974493980408,0.2511807382106781,-0.006804846692830324,0.08553322404623032,0.1554824560880661,-0.027003221213817596,0.20124663412570953,0.17796650528907776,-0.02209457941353321,0.33619794249534607,-0.12375552952289581,-0.08774303644895554,-0.13520097732543945,-0.06618039309978485,-0.010577017441391945,0.2940191626548767,-0.20595446228981018,-0.1622319370508194,-0.11522652208805084,-0.1001502126455307,-0.5188742280006409,-0.5852511525154114,0.23138977587223053,-0.023633472621440887,-0.28233423829078674,0.06121314689517021,0.006362398155033588,-0.25862494111061096,0.5214161276817322,Others,0.520374115685495,0.2949538797823156,2
BRONZE BUTLER,-0.04172360897064209,-0.17675405740737915,0.1256531924009323,-0.13223031163215637,0.4771694839000702,-0.17850510776042938,-0.2259906679391861,0.30396631360054016,-0.06350557506084442,-0.16530121862888336,0.22334113717079163,-0.19102783501148224,-0.1520742028951645,0.22490684688091278,0.17605853080749512,-0.07722081243991852,0.20564542710781097,0.05405756086111069,-0.19578248262405396,0.03467912971973419,0.23730166256427765,0.06889651715755463,-0.07262232899665833,-0.25302866101264954,-0.3852999806404114,0.3019322454929352,-0.05252862721681595,0.3628956079483032,0.1510264128446579,-0.10711562633514404,0.07790447771549225,-0.11553683131933212,-0.36746931076049805,0.37333163619041443,0.0074744257144629955,0.09949559718370438,-0.08814083784818649,-0.26529574394226074,-0.05632027983665466,0.09411082416772842,0.4908510446548462,-0.003503676038235426,0.14569628238677979,0.11972996592521667,-0.22270359098911285,-0.12258262932300568,0.18736019730567932,0.17692677676677704,-0.22614328563213348,-0.041152920573949814,0.25017955899238586,-0.03939982131123543,0.040353696793317795,-0.07597571611404419,0.11445055902004242,-0.21125176548957825,-0.12710429728031158,0.28099536895751953,0.0730946883559227,0.27681872248649597,-0.682771623134613,0.1049269437789917,-0.30705034732818604,-0.19817619025707245,China,0.10988471342389781,-0.3582647496099679,4
GOLD SOUTHFIELD,0.12397678196430206,-0.5197210311889648,0.09993074089288712,-0.23655149340629578,-0.1472400575876236,0.032900720834732056,-0.1594277024269104,0.2991078495979309,-0.23449908196926117,-0.09041149169206619,-0.05749307572841644,0.3737636208534241,-0.5332146883010864,0.25370481610298157,0.27929481863975525,-0.1755039244890213,0.2789135277271271,0.48834678530693054,-0.04107784479856491,0.2649538218975067,0.4529833197593689,-0.13425996899604797,-0.16687029600143433,-0.24456116557121277,-0.712258517742157,-0.28061792254447937,0.38282862305641174,-0.10572747886180878,0.11164431273937225,-0.003280553501099348,0.20967784523963928,-0.4320760667324066,0.643323540687561,0.34570562839508057,-0.4141422510147095,0.17943602800369263,0.23705627024173737,-0.03407518193125725,-0.06054319813847542,-0.5664833188056946,0.3717755377292633,0.41556328535079956,0.20512016117572784,-0.4054087996482849,0.3419473171234131,0.27556031942367554,0.27592939138412476,-0.17548498511314392,-0.10433067381381989,0.15080022811889648,-0.08776307106018066,-0.09093528240919113,0.04478652402758598,0.3333317041397095,-0.10760634392499924,-0.46813222765922546,-0.0935603454709053,0.16155290603637695,-0.01848754845559597,0.18681539595127106,-0.18423117697238922,-0.02868620678782463,0.032158996909856796,0.3886736333370209,Others,-0.44831715720967497,0.48394679891753384,1
Salt Typhoon,0.33935776352882385,-0.43385905027389526,-0.05088907480239868,0.5010284185409546,0.39143842458724976,-0.12954097986221313,0.10197484493255615,-0.1321711391210556,-0.49402904510498047,-0.36616048216819763,-0.6296284794807434,0.03339105099439621,-0.5613360404968262,-0.39668866991996765,0.18554919958114624,-0.22057171165943146,-0.2045554220676422,0.27722999453544617,0.32670167088508606,0.16752135753631592,0.049767449498176575,0.2182607650756836,-0.17949005961418152,-0.6328540444374084,0.37132811546325684,-0.09542100876569748,-0.042113713920116425,-0.047368526458740234,0.2786691188812256,0.18072253465652466,0.28776025772094727,-0.048190098255872726,0.21550625562667847,-0.5957717299461365,0.507608950138092,0.042975667864084244,0.44369617104530334,-0.11665148288011551,0.02795451320707798,-0.3350573182106018,0.4431949257850647,-0.28594380617141724,-0.19022688269615173,0.1792682707309723,-0.3403835594654083,-0.0162411630153656,0.05187125876545906,0.08517006039619446,0.3490154445171356,0.18629923462867737,-0.24273966252803802,0.35537123680114746,-0.3041549623012543,0.5680428743362427,-0.2518477439880371,0.024872295558452606,-0.18364809453487396,-0.0016275852685794234,0.21039272844791412,-0.02970024198293686,-0.4313353896141052,0.4299047887325287,-0.14392191171646118,0.5968301892280579,Others,-0.46226794149686345,-0.0024417952177980353,4
Group5,0.37145674228668213,-0.5220555663108826,-0.20787428319454193,-0.15449179708957672,-0.029642125591635704,-0.4844989478588104,-0.3584395945072174,0.15329225361347198,-0.45626145601272583,0.46399152278900146,0.09775577485561371,-0.03718678653240204,-0.07535658776760101,-0.247288778424263,0.2128390669822693,0.288848340511322,0.15804803371429443,0.16222235560417175,-0.22542375326156616,-0.20728060603141785,0.1334279179573059,-0.28859806060791016,-0.09623822569847107,-0.2793162763118744,-0.640117347240448,-0.4004127085208893,0.23595976829528809,0.07836996018886566,0.44018664956092834,0.4837448000907898,-0.20491698384284973,0.2542096972465515,-0.11585373431444168,0.3505743443965912,-0.21201834082603455,0.06035197526216507,0.33093729615211487,-0.425314337015152,-0.24241644144058228,0.31405603885650635,0.1302250325679779,0.07415831834077835,0.10793893784284592,-0.54482501745224,0.21844331920146942,0.09269654005765915,-0.2046789526939392,0.2387084811925888,-0.1341983675956726,0.34166380763053894,-0.11626576632261276,0.17193245887756348,-0.26064395904541016,0.3351971507072449,0.09539669007062912,0.1402125358581543,-0.5041866302490234,-0.03049631416797638,0.634090781211853,0.29791784286499023,-0.19878733158111572,-0.06880742311477661,0.4817162752151489,-0.09755183011293411,Others,0.005653311606007589,-0.5368658803917397,4
APT38,0.489984929561615,-0.0939771756529808,0.005449352785944939,0.7375337481498718,0.17217110097408295,0.40450161695480347,-0.008207349106669426,-0.13073013722896576,-0.2731756269931793,-0.1919049620628357,0.07955652475357056,-0.4534531533718109,0.12922263145446777,0.18413300812244415,-0.23267386853694916,0.014122547581791878,0.15613053739070892,-0.02549268864095211,-0.11841623485088348,-0.6387539505958557,0.10169538110494614,-0.17961013317108154,-0.4401419460773468,-0.09287162125110626,0.25023457407951355,-0.20646698772907257,0.4356403946876526,-0.00516303488984704,0.22512833774089813,0.18380087614059448,-0.023975472897291183,0.16716641187667847,-0.1514514684677124,0.02583753876388073,-0.14928919076919556,-0.15364976227283478,0.0980101227760315,-0.20678509771823883,0.3117814362049103,-0.15544867515563965,0.4266950488090515,0.2543668746948242,-0.01988835446536541,-0.2436738908290863,0.06542333215475082,0.19695572555065155,-0.006622267421334982,-0.08692806959152222,-0.02437533251941204,0.14082320034503937,0.04278198257088661,0.17514829337596893,0.08054077625274658,0.10029637068510056,0.3965572714805603,0.07741663604974747,0.11593388766050339,0.013090385124087334,-0.09344980120658875,-0.1493566334247589,-0.15500515699386597,0.18341518938541412,0.02126295305788517,0.019578859210014343,North Korea,-0.13278996389590852,-0.19535319825299502,4
Lazarus Group,0.05387471988797188,-0.24077223241329193,0.445743203163147,0.3009689450263977,0.2714628577232361,-0.14310115575790405,-0.09259151667356491,0.037130702286958694,-0.2279117852449417,0.15219736099243164,-0.010978253558278084,-0.5464874505996704,0.4160110354423523,-0.13045746088027954,-0.2043674737215042,-0.06692461669445038,0.15703214704990387,0.1452876478433609,0.04022620990872383,-0.1882520467042923,0.11586140841245651,0.026828370988368988,-0.2906792163848877,-0.06714928150177002,0.1316051334142685,0.03642113506793976,0.22267009317874908,0.27947998046875,0.03159195929765701,-0.06388155370950699,0.18912917375564575,-0.033313896507024765,0.32185277342796326,-0.08245182782411575,0.18303140997886658,-0.19459661841392517,0.08560275286436081,-0.033913660794496536,0.2651021182537079,0.13296644389629364,0.34451743960380554,-0.2566649615764618,0.18320390582084656,-0.03368431702256203,-0.07070892304182053,0.27660349011421204,0.2772005498409271,-0.30868637561798096,-0.20122678577899933,-0.1327817291021347,0.027903348207473755,-0.18133218586444855,0.019684650003910065,0.5172419548034668,-0.16435973346233368,0.16217206418514252,0.04539647698402405,0.16263948380947113,0.39627477526664734,-0.11308612674474716,0.03921779245138168,-0.005481864791363478,-0.03117007203400135,-0.12416841089725494,North Korea,-0.043669126312277554,0.08986898485766445,2
admin@338,-0.036034248769283295,-0.29983219504356384,0.08088985085487366,0.23805877566337585,0.4778807461261749,-0.19439560174942017,-0.10943162441253662,-0.046173714101314545,0.03978745639324188,0.1895476132631302,-0.10077066719532013,-0.24568690359592438,-0.1290620118379593,0.14706970751285553,0.1517636626958847,0.40264225006103516,0.25264668464660645,-0.5704175233840942,-0.1615627259016037,-0.0881311222910881,-0.008513357490301132,0.13788005709648132,-0.3905726969242096,-0.26872536540031433,-0.3555298149585724,0.19381020963191986,-0.06328711658716202,-0.11804161220788956,0.061778295785188675,-0.13711073994636536,0.08550072461366653,-0.09726974368095398,-0.13652293384075165,0.04761887341737747,-0.07197088748216629,0.29639118909835815,0.08374793827533722,-0.22834214568138123,-0.07878086715936661,0.04259296506643295,0.10400910675525665,-0.07968159765005112,0.2833901047706604,-0.28297489881515503,-0.47339510917663574,-0.040432292968034744,-0.0673547238111496,0.0008647831273265183,-0.15618866682052612,0.34986889362335205,0.5225388407707214,0.0017324150539934635,-0.23198233544826508,-0.09882200509309769,0.19485504925251007,0.007481175474822521,-0.15353091061115265,-0.31952425837516785,0.08537813276052475,-0.14883175492286682,0.24696838855743408,0.12205640226602554,-0.24210353195667267,0.15889126062393188,Others,0.1128681113132806,-0.5797815581948179,4
Darkhotel,0.18097911775112152,-0.17086970806121826,0.054742246866226196,0.1802443265914917,0.3400525152683258,-0.5750289559364319,-0.21565429866313934,-0.24978524446487427,-0.148305743932724,-0.014771796762943268,0.14453892409801483,-0.3672598898410797,0.054419901221990585,-0.10811322182416916,-0.058162763714790344,-0.05488845705986023,-0.1014551892876625,0.0856628492474556,0.06258349120616913,-0.04676499590277672,-0.15997320413589478,0.005789054557681084,-0.15596851706504822,-0.22497336566448212,-0.5734631419181824,0.12673795223236084,0.1621103584766388,0.14308097958564758,0.33593034744262695,0.101395383477211,0.12156865000724792,0.3643723726272583,-0.17825347185134888,0.1168682724237442,0.06410547345876694,-0.16843277215957642,-0.0679573118686676,-0.04794064909219742,0.18639279901981354,-0.20012980699539185,-0.008053933270275593,0.10243047773838043,0.2096356898546219,0.15340237319469452,-0.5117623209953308,-0.20805829763412476,0.04384946450591087,0.01564088463783264,-0.4564988613128662,0.2870897352695465,0.28407609462738037,0.37400299310684204,-0.45611289143562317,-0.11027637869119644,0.09210103005170822,0.10668449103832245,-0.15630897879600525,0.04782314598560333,0.35532763600349426,0.18479138612747192,0.0639592707157135,-0.3053378164768219,-0.1749284714460373,-0.00968520250171423,Others,0.3189871793941197,-0.54878046386533,3
RedCurl,-0.35988283157348633,-0.3576163053512573,0.37454405426979065,0.24651777744293213,0.006280547007918358,-0.07825527340173721,-0.11718779802322388,0.13674776256084442,-0.19667871296405792,0.42241859436035156,0.016713963821530342,-0.3379507064819336,-0.5282182693481445,0.21869921684265137,-0.07001707702875137,-0.23069602251052856,0.14208778738975525,0.0007440006593242288,0.06739670783281326,-0.17293350398540497,0.18476809561252594,-0.12127285450696945,0.2651887536048889,-0.24030929803848267,-0.12345027178525925,0.28568536043167114,-0.08881521224975586,0.031330473721027374,0.51655113697052,-0.03319358453154564,0.134090393781662,0.023908402770757675,-0.06281537562608719,0.31651827692985535,0.20798827707767487,-0.009973801672458649,0.2221546769142151,-0.5393429398536682,0.0031513934955000877,-0.2583756148815155,0.3999986946582794,-0.03550129383802414,0.18711969256401062,0.1378774344921112,0.008945793844759464,-0.3108222782611847,0.26686060428619385,0.11688851565122604,-0.12534452974796295,-0.20281487703323364,-0.05117187276482582,0.0809844359755516,0.23796257376670837,-0.10069417953491211,0.2571253776550293,-0.3191542327404022,-0.09161543101072311,-0.0024420469999313354,0.09679152071475983,0.2565266191959381,0.25334233045578003,-0.02816079370677471,-0.1020299568772316,-0.10405469685792923,Others,-0.012185378145811575,-0.0632431015082264,4
APT3,-0.13494805991649628,-0.3294088542461395,0.04277755692601204,0.18224072456359863,0.10382893681526184,-0.23860985040664673,-0.19575415551662445,0.18172700703144073,-0.10676243156194687,0.11973953247070312,-0.04749726504087448,-0.3020949065685272,-0.06483279168605804,-0.02817690186202526,0.147385835647583,0.06573724001646042,0.4226871728897095,-0.2826736867427826,0.12443598359823227,-0.017719503492116928,-0.35421478748321533,0.06400544196367264,-0.26556670665740967,-0.2595311403274536,0.25979161262512207,-0.19408158957958221,-0.07611291110515594,-0.1444902867078781,0.1428447812795639,0.10773859918117523,0.27035585045814514,0.09065715968608856,0.11262364685535431,0.007310154382139444,-0.1482742726802826,-0.20990832149982452,0.24630418419837952,-0.4774214029312134,0.5188855528831482,-0.11208179593086243,0.1401410847902298,-0.024813251569867134,-0.1572965681552887,-0.37602296471595764,-0.05340840294957161,0.10853040218353271,-0.25181326270103455,-0.023092444986104965,0.01658831164240837,-0.023452013731002808,-0.20815925300121307,0.28441256284713745,0.06264045089483261,0.035873930901288986,-0.031892579048871994,-0.2233899086713791,-0.16025850176811218,-0.2554838955402374,0.17469239234924316,-0.03500305116176605,0.06944160163402557,0.11810927838087082,-0.533325731754303,-0.165273055434227,Others,-0.43892571564773647,-0.31280959677490183,4
Cobalt Group,0.057956717908382416,-0.1516888439655304,0.1937318593263626,-0.029204130172729492,-0.4338497519493103,0.05450977757573128,0.2899458110332489,-0.17478850483894348,-0.1507515013217926,-0.34966355562210083,-0.2304619401693344,0.17142407596111298,-0.05827270448207855,0.3315809965133667,0.07410562038421631,-0.009190667420625687,-0.18753282725811005,0.19887977838516235,-0.16783462464809418,0.00562245212495327,-0.24243886768817902,-0.3532954454421997,-0.46611878275871277,-0.08571156114339828,0.005292870569974184,-0.18896989524364471,0.16022692620754242,-0.012709531933069229,-0.20027907192707062,0.2412150651216507,0.11212611943483353,-0.11438559740781784,0.10335145890712738,0.2932267189025879,-0.04894164577126503,0.029428793117403984,0.3326268792152405,-0.8014737367630005,-0.09572752565145493,-0.20803871750831604,0.31467923521995544,0.056420352309942245,0.36680975556373596,0.06711133569478989,0.22244173288345337,-0.03903979808092117,0.28334224224090576,-0.17036528885364532,-0.25946927070617676,0.023154698312282562,-0.1575891077518463,0.16864228248596191,-0.1843603253364563,-0.0843219980597496,-0.0746569037437439,-0.21661753952503204,-0.2594614624977112,0.05311498045921326,0.01883890852332115,-0.1771560162305832,-0.34431472420692444,-0.03822850063443184,-0.19077569246292114,0.6020290851593018,Others,0.05720259708098161,-0.11461209154777875,1
Stealth Falcon,0.05756555125117302,-0.6521297693252563,0.3158881962299347,0.24467530846595764,0.36485689878463745,0.03407101333141327,-0.30839312076568604,0.03879984840750694,0.054782524704933167,-0.1650322675704956,0.12048186361789703,-0.17650142312049866,0.2676338851451874,0.40280091762542725,-0.16045956313610077,-0.02734522335231304,-0.15521863102912903,0.006125958636403084,0.12418246269226074,0.21124063432216644,-0.3922184109687805,0.05224990472197533,0.21590623259544373,-0.055911798030138016,-0.12994661927223206,0.13345035910606384,-0.22117945551872253,0.020680071786046028,0.08204486966133118,0.1513848453760147,0.18836776912212372,0.12470846623182297,0.3593473434448242,-0.0799875557422638,-0.11542303115129471,-0.7294976711273193,0.11768879741430283,-0.06973277032375336,0.3535005748271942,-0.14161311089992523,0.11385086923837662,-0.048716600984334946,0.3334972858428955,0.1137213408946991,-0.1449897289276123,-0.2464318424463272,-0.3321307301521301,0.4857103228569031,-0.36987537145614624,0.09027852863073349,-0.23325128853321075,-0.10985920578241348,0.3836245536804199,0.13561120629310608,0.12775662541389465,-0.056216850876808167,-0.1753586232662201,-0.15643753111362457,0.14178983867168427,-0.040618762373924255,-0.03416315093636513,0.033642563968896866,0.044326506555080414,0.26660919189453125,Others,-0.31347034574151494,-0.08952460449908535,4
Agrius,0.12743213772773743,0.04221564903855324,0.08765704184770584,0.6850314140319824,0.40692269802093506,-0.083882175385952,0.06399434059858322,0.29413437843322754,-0.3609016239643097,-0.009165793657302856,-0.0012092131655663252,-0.15607473254203796,0.12229105830192566,0.21438808739185333,0.30100977420806885,-0.31416231393814087,0.35760289430618286,0.09496895223855972,0.013577050529420376,0.20590370893478394,0.27700215578079224,0.08164337277412415,0.17645983397960663,-0.29818615317344666,0.049241408705711365,0.3233536183834076,0.08038726449012756,-0.13225798308849335,0.0032512799371033907,0.1953374445438385,0.015510647557675838,-0.3366895616054535,0.28649988770484924,0.26483237743377686,-0.4341873824596405,-0.1411784291267395,0.09850326925516129,-0.1968030333518982,0.3856508731842041,0.45818430185317993,0.19572991132736206,-0.20564089715480804,0.14115741848945618,0.45475637912750244,0.19962942600250244,0.2671246826648712,-0.21458910405635834,-0.17765167355537415,0.20366589725017548,-0.05345618352293968,-0.006098798476159573,0.3438092768192291,0.12144728004932404,0.030144982039928436,-0.012842987664043903,-0.11623270064592361,0.18902616202831268,0.09227804839611053,-0.13810622692108154,-0.11680126190185547,-0.15023188292980194,-0.1626615673303604,-0.36685290932655334,0.06964834034442902,Others,-0.6862033820723493,0.038164794451440616,4
Indrik Spider,0.3903670310974121,-0.22701196372509003,-0.0354280062019825,0.34083449840545654,0.4514666199684143,0.1077757403254509,-0.23413321375846863,0.10390739887952805,-0.29673391580581665,0.17667947709560394,0.1334226280450821,-0.22746482491493225,-0.2697163224220276,0.03850724920630455,0.2602648138999939,0.20393909513950348,0.08996964246034622,0.07326647639274597,-0.3738826513290405,0.3525111973285675,0.15650632977485657,-0.05768286809325218,-0.19120678305625916,0.29139548540115356,0.25013822317123413,0.49742451310157776,0.12063299119472504,-0.007915649563074112,0.08512363582849503,-0.03473744913935661,0.23844890296459198,-0.15914979577064514,-0.17649555206298828,-0.05031871423125267,-0.029110509902238846,-0.023936375975608826,0.23027585446834564,-0.43139997124671936,-0.1510285884141922,-0.08397892862558365,-0.0651896595954895,-0.15510451793670654,-0.07810474932193756,0.023585723713040352,-0.3000102937221527,0.48820528388023376,-0.00044335529673844576,0.2638845443725586,0.32257214188575745,-0.39379650354385376,0.06901103258132935,0.1822998821735382,-0.047204483300447464,0.5791672468185425,-0.17905163764953613,0.029112383723258972,0.008234976790845394,-0.15899688005447388,0.04284168779850006,-0.33532267808914185,0.10006522387266159,0.06699366122484207,-0.6611655950546265,0.22651442885398865,Russia,-0.31496453277830844,0.5807463710909202,4
Akira,0.25544142723083496,0.1412179172039032,0.059753671288490295,0.3351985216140747,0.262742280960083,0.23927366733551025,0.04067332670092583,0.4911119043827057,-0.5562257766723633,-0.24114590883255005,-0.06336183100938797,-0.02586471475660801,-0.1289863884449005,0.5913869738578796,0.22533974051475525,-0.1628148853778839,0.2589149475097656,-0.20394396781921387,-0.11194450408220291,0.30571553111076355,0.36206990480422974,0.2703467011451721,0.27279597520828247,0.06566841900348663,-0.15718595683574677,-0.19377340376377106,0.010147597640752792,0.27966412901878357,-0.18455778062343597,-0.3626572787761688,-0.3334519565105438,-0.28887978196144104,-0.17951133847236633,0.27501076459884644,-0.4020805060863495,-0.11421998590230942,0.2042229324579239,-0.18269233405590057,-0.1698036640882492,-0.21294884383678436,0.15456430613994598,0.15730394423007965,0.36417829990386963,-0.19101496040821075,0.004568583332002163,0.4524485170841217,0.648149847984314,0.4350796341896057,-0.16906429827213287,0.01363383885473013,-0.3288874924182892,0.025343909859657288,0.01407487690448761,0.20957507193088531,-0.33206653594970703,-0.3420204818248749,-0.0024532910902053118,0.1892412155866623,0.016966547816991806,-0.16394127905368805,-0.14420102536678314,-0.34982988238334656,-0.6767200231552124,0.24974332749843597,Others,-0.6663898055025496,0.577686950859753,1
Confucius,0.17093802988529205,-0.23311418294906616,0.3396635353565216,0.09855467081069946,-0.11557777971029282,-0.1661723107099533,0.32238778471946716,0.07937413454055786,-0.5238702297210693,-0.19790500402450562,-0.07320336997509003,-0.02707843668758869,0.016381138935685158,0.0297393836081028,-0.17469212412834167,-0.14222751557826996,-0.011561550199985504,-0.2793824076652527,0.1851026564836502,-0.25530752539634705,0.2152366042137146,0.22685672342777252,-0.42821478843688965,-0.07648539543151855,-0.0009986746590584517,0.0214969702064991,0.24158884584903717,0.12751489877700806,0.0009541130275465548,0.061562880873680115,-0.03753004968166351,-0.28251948952674866,0.02530057355761528,0.1365671455860138,0.14687298238277435,-0.07845708727836609,-0.19383274018764496,0.07022295147180557,0.15133623778820038,0.12221898883581161,0.19115912914276123,0.1446143537759781,0.2879672050476074,0.4684927761554718,-0.16220207512378693,-0.2751263380050659,-0.012517941184341908,0.15527597069740295,-0.12830820679664612,-0.1547735333442688,-0.11530479043722153,-0.18048647046089172,0.17684882879257202,0.007990541867911816,0.00741346413269639,-0.3242868483066559,-0.4301104247570038,0.12822945415973663,-0.061641547828912735,-0.3352275788784027,0.2399274855852127,0.3030119240283966,-0.42261454463005066,0.13981282711029053,Others,0.42546432202097034,0.0862429118436799,2
Velvet Ant,-0.11752136051654816,0.0004774999397341162,-0.38218533992767334,0.31665605306625366,0.48354649543762207,-0.2150091528892517,0.3590084910392761,-0.61189204454422,-0.31030571460723877,-0.24144373834133148,-0.29112911224365234,-0.19884562492370605,-0.47096171975135803,0.09141675382852554,-0.2114199697971344,-0.3086894750595093,0.18313024938106537,-0.06872126460075378,-0.27278661727905273,-0.16680477559566498,0.24303162097930908,0.35751837491989136,-0.2915656566619873,0.02922021597623825,-0.29968294501304626,-0.24539519846439362,-0.21155381202697754,0.11385378986597061,-0.2979702949523926,-0.1601649969816208,0.1589692085981369,0.4263004958629608,0.356110543012619,0.15483692288398743,0.043214913457632065,0.040484700351953506,0.21684902906417847,-0.2758635878562927,0.24295549094676971,-0.27444300055503845,0.7166496515274048,-0.25218525528907776,0.3890841603279114,-0.12149748206138611,0.3118264675140381,0.36122646927833557,0.05204193294048309,0.3495218753814697,0.16961826384067535,0.041326854377985,-0.08358041942119598,0.2673249840736389,-0.251071035861969,-0.08305570483207703,-0.29922711849212646,0.34485113620758057,0.04509718343615532,-0.0631059780716896,0.33923035860061646,0.07698141038417816,0.08629275858402252,0.24955518543720245,0.0019440733594819903,0.1214045062661171,Others,-0.6005148089691448,-0.36157016649707846,1
Sea Turtle,-0.1789608597755432,-0.29995056986808777,-0.19675365090370178,0.3490830361843109,0.7471799254417419,-0.361528605222702,-0.0992761179804802,0.15487758815288544,-0.2727161943912506,-0.1483667641878128,-0.46821150183677673,0.17549070715904236,-0.5272350311279297,0.2533932626247406,-0.15535780787467957,-0.1803208738565445,0.027161214500665665,0.44958552718162537,0.36562076210975647,-0.1232794001698494,0.3378237187862396,0.07950884848833084,-0.021380512043833733,-0.4057132303714752,-0.29145491123199463,0.24583449959754944,0.40390822291374207,-0.1873110830783844,-0.14178940653800964,0.03344668447971344,0.11895906180143356,-0.3413959741592407,0.45412731170654297,-0.2778483033180237,-0.29141679406166077,0.2562464475631714,-0.12242314219474792,0.02238524705171585,-0.03206668794155121,0.10626831650733948,0.32497715950012207,0.48598068952560425,0.2619466185569763,0.049982402473688126,-0.010110823437571526,0.45407503843307495,0.42833587527275085,-0.30130016803741455,0.25651541352272034,-0.20133128762245178,-0.018670476973056793,0.06368987262248993,0.32821211218833923,0.11930505931377411,-0.07145755738019943,0.042364414781332016,-0.16118821501731873,-0.26508888602256775,0.08029842376708984,-0.018635697662830353,0.12364748865365982,0.4333533048629761,0.2956710159778595,0.074092797935009,Others,-0.20184553374784073,0.26822394341618844,4
BITTER,-0.3133406341075897,-0.16870471835136414,0.19360506534576416,0.016651909798383713,-0.0696970671415329,-0.543082594871521,-0.20151668787002563,-0.16510756313800812,0.09554947167634964,-0.016614997759461403,-0.2286008596420288,-0.18878541886806488,-0.08682124316692352,-0.1370074450969696,0.008270513266324997,0.46720150113105774,0.013795087113976479,-0.08221741765737534,-0.227659672498703,-0.21395578980445862,0.2000620812177658,-0.4710875153541565,0.10359585285186768,-0.08937685936689377,0.04162699356675148,-0.47784632444381714,0.2356170117855072,0.3217482268810272,-0.06830644607543945,0.4137389361858368,-0.1241675466299057,0.04307644069194794,-0.07830347120761871,-0.18799778819084167,-0.10208362340927124,-0.011709742248058319,-0.08668622374534607,-0.2878436744213104,0.07175757735967636,0.3098548352718353,0.2482614368200302,0.34314024448394775,0.20960992574691772,-0.03292396292090416,-0.20181511342525482,-0.11698660999536514,0.22580182552337646,0.22008615732192993,-0.012101118452847004,-0.2984371483325958,-0.14868341386318207,-0.03550122305750847,-0.27188995480537415,0.08536133170127869,-0.32083481550216675,-0.052543845027685165,-0.4667288362979889,-0.48662424087524414,-0.19696493446826935,-0.29731786251068115,-0.1149149015545845,0.19133104383945465,-0.12377671897411346,0.5627409219741821,Others,0.6188951595211698,-0.28485401850559183,3
AppleJeus,0.75607830286026,-0.2411542385816574,0.03475712239742279,0.49749982357025146,0.13273823261260986,-0.18882621824741364,-0.6879762411117554,0.23440290987491608,-0.26274338364601135,-0.062193699181079865,-0.5039583444595337,0.10392992943525314,0.058329738676548004,0.5554078817367554,0.42841780185699463,-0.25642889738082886,-0.010816807858645916,0.22462821006774902,0.49861234426498413,0.043941132724285126,0.9084829092025757,-0.06084458529949188,-0.1482972651720047,-0.29662662744522095,-0.3984887897968292,-0.18404467403888702,0.13982407748699188,-0.32358261942863464,-0.1200864240527153,0.07371517270803452,0.3044029474258423,-0.3953911364078522,0.2131841629743576,0.2178746610879898,-0.2578967213630676,0.11033836752176285,0.10065881162881851,-0.20443472266197205,-0.02525182254612446,-0.9709193706512451,0.014745884574949741,0.38685664534568787,0.4206017255783081,-0.4943080544471741,-0.05868913605809212,-0.15911267697811127,0.6970217823982239,-0.15904253721237183,0.15895022451877594,-0.10559123009443283,0.08807515352964401,0.02548699453473091,0.10130047053098679,-0.14627480506896973,-0.5695322155952454,-0.2526697516441345,-0.19772523641586304,-0.4173508882522583,0.09832726418972015,0.026163719594478607,-0.11650542169809341,-0.16536572575569153,-0.21124672889709473,-0.15560297667980194,North Korea,-0.4263961978922172,0.7934778472878883,1
Carbanak,-0.13279743492603302,-0.02009173296391964,0.08433651179075241,0.5510990619659424,-0.12305150181055069,-0.4272567629814148,-0.04187735170125961,-0.10315735638141632,-0.3226065933704376,0.06079959496855736,-0.32338282465934753,-0.04357592761516571,-0.06698670983314514,-0.09564538300037384,-0.35726621747016907,0.1452760398387909,0.00776181323453784,-0.24622593820095062,0.19950616359710693,-0.16710959374904633,-0.11011075973510742,0.08170303702354431,0.04731818288564682,0.12314827740192413,-0.33995646238327026,0.0010847521480172873,0.36120396852493286,0.16341179609298706,0.43411433696746826,-0.12850837409496307,-0.1619282364845276,0.1693512350320816,0.4098424017429352,0.13087500631809235,-0.306822806596756,0.3876553475856781,0.5676040053367615,0.06962142139673233,0.09340933710336685,-0.3253868818283081,0.5772141814231873,-0.23381808400154114,-0.0009506126516498625,-0.5151880383491516,-0.05583208426833153,0.39037391543388367,0.2727823257446289,-0.15529683232307434,-0.09232191741466522,-0.15735985338687897,-0.29740023612976074,-0.21107837557792664,-0.119602270424366,0.14456601440906525,-0.27505481243133545,-0.20799115300178528,0.5076899528503418,0.09316129982471466,0.24205800890922546,-0.2629796266555786,-0.5556662082672119,-0.11665549129247665,-0.6796903610229492,0.9412570595741272,Others,-0.3723201098248398,-0.014810441834201285,1
APT33,0.3019331991672516,-0.5838795304298401,0.06728346645832062,0.01140440721064806,0.15773418545722961,-0.2482684701681137,0.1610901653766632,-0.031019246205687523,0.008547979407012463,-0.11081983894109726,0.08019901812076569,-0.0404907763004303,-0.1894146353006363,-0.09080341458320618,0.030412303283810616,-0.17653727531433105,-0.0007711161742918193,0.09111884236335754,0.33481311798095703,-0.13896781206130981,0.23524212837219238,-0.03598681837320328,0.20561005175113678,-0.24180012941360474,0.13881094753742218,0.035001687705516815,-0.01171202678233385,-0.04726283252239227,-0.04218569025397301,-0.07082205265760422,-0.07666013389825821,0.002521730726584792,0.36171162128448486,-0.23465804755687714,0.3056449294090271,-0.0797979012131691,0.12839969992637634,-0.857013463973999,-0.13171333074569702,0.28569039702415466,0.37045201659202576,-0.03621720150113106,0.125263512134552,0.14714984595775604,0.002878163941204548,-0.11133190989494324,-0.22254708409309387,0.6361743211746216,-0.290643572807312,-0.056711237877607346,0.12418999522924423,0.006117662880569696,-0.10376206040382385,0.36921989917755127,-0.18162034451961517,-0.6645185351371765,-0.11826902627944946,-0.07075846195220947,0.12507925927639008,-0.09476177394390106,-0.05673251301050186,-0.15132839977741241,-0.030425457283854485,0.09930237382650375,Iran,0.26527090001713943,-0.07640655928611279,4
BlackByte,0.25720369815826416,-0.01486028078943491,0.12910865247249603,0.27194273471832275,0.09096740931272507,-0.0485190711915493,0.019735844805836678,-0.016530798748135567,-0.27592796087265015,-0.09949160367250443,0.06053139269351959,-0.1802670657634735,0.09676460176706314,0.3591419756412506,0.1395493745803833,0.11961844563484192,-0.5194272398948669,0.07532601058483124,0.01133595872670412,-0.09369093179702759,0.27819883823394775,0.33639878034591675,0.24795785546302795,-0.04782626032829285,-0.12997236847877502,-0.19096405804157257,-0.10853493958711624,0.0044237542897462845,-0.042001836001873016,0.364738792181015,0.0376647487282753,-0.05033702775835991,-0.08063528686761856,0.215876504778862,-0.2882409989833832,-0.23134995996952057,0.3150041401386261,-0.25374820828437805,0.38554647564888,-0.24851016700267792,-0.06409046053886414,0.06717968732118607,0.5583258271217346,0.04117349907755852,-0.012126726098358631,0.5319932699203491,-0.18448477983474731,-0.2686002850532532,0.08122847229242325,0.14687758684158325,-0.1214086189866066,0.08809296786785126,-0.18179230391979218,0.029368432238698006,-0.2024482786655426,0.18383687734603882,0.21823246777057648,-0.0192397627979517,0.049262117594480515,-0.18216131627559662,-0.13507646322250366,0.4145806133747101,-0.18336911499500275,0.556107759475708,Others,-0.677397596118489,0.0526234899262138,1
FIN13,0.054889027029275894,-0.16487330198287964,0.20099598169326782,0.41575172543525696,0.19354723393917084,-0.32003432512283325,-0.00871692318469286,-0.17751605808734894,-0.4303697943687439,-0.1350875049829483,-0.2808629274368286,-0.08750299364328384,-0.24606117606163025,0.29253655672073364,0.30424758791923523,0.20008526742458344,0.19567182660102844,0.05506410077214241,0.01388165820389986,0.030513247475028038,0.021822718903422356,0.02585405856370926,-0.010505727492272854,-0.375380277633667,-0.0496336854994297,0.0016969067510217428,-0.03161948174238205,0.07475274056196213,0.2023918479681015,-0.039215296506881714,0.2031143754720688,-0.44905999302864075,-0.16415788233280182,-0.06440369784832001,-0.056079428642988205,-0.26853328943252563,0.2547587752342224,-0.05405755341053009,0.6235319375991821,0.04225665330886841,0.07079318910837173,-0.4012834429740906,0.3112456798553467,-0.08838251978158951,0.31873077154159546,-0.06644308567047119,0.11829964816570282,0.060485292226076126,0.23598593473434448,0.28755635023117065,-0.05961957573890686,0.028471602126955986,-0.28071731328964233,-0.10951463878154755,-0.1194133386015892,-0.26195645332336426,0.0868992730975151,-0.48760539293289185,0.10667173564434052,0.18977423012256622,-0.1216873824596405,0.12888386845588684,-0.0936497300863266,-0.09466393291950226,Others,-0.619372884822175,-0.2755812545253782,4
ToddyCat,0.03813759610056877,-0.03405245766043663,-0.23889324069023132,-0.05916979908943176,0.3763122856616974,-0.14525888860225677,0.42172250151634216,0.40821123123168945,-0.5712754726409912,-0.040562380105257034,-0.12291793525218964,-0.034877412021160126,-0.18585284054279327,0.014104867354035378,-0.2029281109571457,-0.05578937008976936,0.06446774303913116,-0.19263575971126556,-0.06248670816421509,0.010094630531966686,0.3803023397922516,0.5940040946006775,-0.22579586505889893,-0.48484137654304504,0.21911630034446716,-0.20555876195430756,-0.10193520784378052,0.2292303442955017,-0.2689679265022278,-0.012766680680215359,0.08349089324474335,0.16833306849002838,0.17626534402370453,0.11110729724168777,-0.3447667062282562,-0.04100869596004486,0.28948938846588135,-0.13879813253879547,0.27032503485679626,-0.13051454722881317,0.1988593190908432,0.004989027511328459,0.3649487793445587,-0.11041921377182007,-0.4053095281124115,-0.030578162521123886,-0.15565232932567596,-0.23403893411159515,-0.16550540924072266,0.16214951872825623,-0.2955262362957001,-0.05467192828655243,-0.08525900542736053,0.21781504154205322,0.3030804693698883,0.11866351962089539,-0.10488415509462357,-0.2630690932273865,-0.1767590194940567,-0.16228680312633514,-0.04853641986846924,0.20649193227291107,-0.5495792627334595,0.05601382628083229,Others,-0.5495950652517988,-0.26509873487349156,4
Dragonfly,0.37984105944633484,-0.23468318581581116,0.10793016105890274,0.386775940656662,0.11860564351081848,0.014812937937676907,0.11032263189554214,0.17070627212524414,-0.0771404355764389,0.23804950714111328,0.07840760052204132,0.062028877437114716,-0.06315122544765472,0.2866270840167999,0.2687050700187683,0.3381209671497345,0.218962162733078,0.009511962532997131,0.11139164119958878,0.20387540757656097,-0.00207694829441607,0.35724151134490967,-0.23347772657871246,-0.08248758316040039,-0.2446049004793167,-0.39082491397857666,0.1459076851606369,0.15228812396526337,0.3098803162574768,0.3390853703022003,0.2969207763671875,-0.3461320102214813,-0.06302845478057861,-0.10351032763719559,-0.037837620824575424,0.04315740615129471,0.12131299823522568,0.04501431807875633,0.12992405891418457,0.1210327073931694,0.26757389307022095,0.16164955496788025,-0.21405024826526642,-0.027665115892887115,0.0032073291949927807,0.08271855115890503,-0.32261115312576294,0.010354056023061275,0.11934103816747665,-0.044817641377449036,-0.14493319392204285,0.15734626352787018,0.305257111787796,0.25142979621887207,0.13966190814971924,-0.28721854090690613,-0.27886101603507996,-0.2575528919696808,0.2948097288608551,0.04842185229063034,-0.058390967547893524,0.33631113171577454,-0.1791914403438568,0.40424177050590515,Russia,-0.17072450931601152,0.009214469033573215,4
Suckfly,-0.09076821804046631,0.01362513191998005,0.6339680552482605,0.3269899785518646,0.39195510745048523,-0.1781998723745346,0.21667227149009705,0.13950416445732117,-0.21227964758872986,-0.041639525443315506,0.09092583507299423,0.024962397292256355,0.29944145679473877,-0.2304125726222992,0.12755660712718964,0.23494459688663483,-0.5130931735038757,-0.3243725299835205,0.026899879798293114,0.057839587330818176,-0.15322983264923096,0.5480479001998901,0.3936404287815094,-0.6038147211074829,-0.29091840982437134,-0.10072792321443558,0.5019813179969788,-0.2562411427497864,0.4652799665927887,-0.06735694408416748,-0.12134116888046265,-0.3449987471103668,0.20027092099189758,0.3257518708705902,0.24560019373893738,-0.015320663340389729,-0.0026560418773442507,-0.6448374390602112,-0.14006143808364868,-0.2470879703760147,-0.1410893052816391,0.14171621203422546,0.3171848952770233,-0.18647517263889313,0.08462756127119064,0.43577080965042114,0.08781489729881287,-0.5325555205345154,-0.031781669706106186,-0.312045693397522,0.21303150057792664,0.47607332468032837,-0.4874260127544403,-0.06579327583312988,-0.10229620337486267,-0.13855774700641632,0.09058879315853119,-0.0443541444838047,0.21150842308998108,0.11838582158088684,0.2674873173236847,-0.0872730165719986,-0.16099177300930023,0.3580281436443329,Others,-0.52482462775339,0.024956212526971243,4
Axiom,0.21555665135383606,0.10357485711574554,0.12440004199743271,0.04029558226466179,0.5325718522071838,-0.3404001295566559,-0.4117588698863983,0.2879159450531006,0.11078648269176483,0.0485445111989975,-0.1403825283050537,-0.06459633260965347,0.030437709763646126,0.2229498326778412,-0.20548692345619202,-0.0987279936671257,-0.2577010989189148,0.06750126928091049,0.5266975164413452,0.10584038496017456,0.18442440032958984,0.18776537477970123,-0.35892733931541443,-0.14011330902576447,-0.39301344752311707,-0.6493118405342102,0.08647073805332184,-0.5682247877120972,0.360991895198822,-0.025646675378084183,0.4791496694087982,-0.7269822359085083,0.35091784596443176,-0.023922838270664215,-0.13089406490325928,0.015439112670719624,0.17577336728572845,-0.40230700373649597,0.00833902321755886,0.24778471887111664,0.07005003839731216,0.5011502504348755,0.15102435648441315,-0.03985001891851425,-0.22780048847198486,0.4678741991519928,0.5050342082977295,-0.3882424235343933,-0.09643551707267761,0.07795290648937225,0.19952091574668884,0.3139319121837616,0.027820127084851265,-0.14291420578956604,-0.32879963517189026,-0.31291618943214417,-0.019117621704936028,-0.26633697748184204,0.17562410235404968,-0.06437622010707855,-0.4126027822494507,0.5401189923286438,-0.1471492499113083,-0.07678016275167465,Others,-0.20056457521882026,0.17739963255781255,4
LuminousMoth,0.09557574987411499,0.25784415006637573,0.30167052149772644,0.32176467776298523,0.11373879760503769,-0.47157859802246094,-0.15426531434059143,0.327182412147522,-0.11817251145839691,-0.06697342544794083,0.10647696256637573,-0.4318615794181824,0.07601026445627213,-0.03134099394083023,0.13019298017024994,-0.001215034513734281,-0.47589632868766785,0.1394856870174408,0.23803788423538208,-0.18188638985157013,-0.40791991353034973,0.486022412776947,-0.0630946084856987,0.23542369902133942,-0.18312697112560272,-0.09003826230764389,0.5716779828071594,0.3393195569515228,-0.21553270518779755,-0.26563653349876404,0.5523818731307983,0.12752018868923187,-0.12271750718355179,0.009857455268502235,-0.07132168114185333,-0.12209783494472504,-0.16868263483047485,-0.028306273743510246,0.5543932914733887,-0.009113265201449394,0.15640364587306976,-0.08530683815479279,0.2436957210302353,0.3576467037200928,0.031494755297899246,0.1708594411611557,0.1656147688627243,0.31042900681495667,-0.024997316300868988,-0.09859247505664825,-0.24488840997219086,0.0941864475607872,-0.061661262065172195,0.11261611431837082,-0.1692066788673401,-0.06437285989522934,-0.3739759922027588,-0.11254164576530457,-0.367054283618927,0.1866142451763153,0.0645413026213646,0.14301419258117676,-0.058420393615961075,0.19878055155277252,Others,0.11263295655086109,0.32950361900655106,2
Evilnum,0.3748890161514282,0.05008914694190025,0.06312572211027145,0.13485272228717804,-0.1606474667787552,-0.0652303546667099,-0.31610894203186035,-0.17685559391975403,0.1239364743232727,-0.29655009508132935,0.37015512585639954,-0.2995988130569458,-0.0053869932889938354,0.06769180297851562,0.06694629043340683,-0.1470959335565567,0.01944981887936592,0.678521990776062,0.20259611308574677,-0.06989749521017075,-0.6260780692100525,0.12495293468236923,-0.2938307523727417,-0.041426800191402435,-0.03253109008073807,0.28563448786735535,0.023094400763511658,-0.19865259528160095,-0.0315987691283226,0.27488312125205994,0.18286126852035522,-0.09298758208751678,-0.29666659235954285,0.06159593164920807,0.13254347443580627,0.18984459340572357,0.1803300678730011,-0.5577833652496338,0.06069885939359665,-0.27389711141586304,0.20028282701969147,-0.04403843730688095,0.5191531181335449,-0.32370200753211975,0.19485563039779663,-0.09630506485700607,-0.16006839275360107,0.24985036253929138,0.18607904016971588,-0.5414510369300842,0.0832170620560646,0.2701932489871979,-0.44715049862861633,0.2998408079147339,-0.010601723566651344,-0.048130542039871216,-0.7805792689323425,0.3300579786300659,-0.09666701406240463,0.0002791263395920396,-0.2131633758544922,-0.083644337952137,-0.030557431280612946,-0.18388670682907104,Others,0.32021646641374285,0.24654455201595143,2
GALLIUM,-0.12039802968502045,-0.09672710299491882,0.16597141325473785,0.25973087549209595,0.3057548403739929,-0.0005961952265352011,-0.1595160812139511,0.10033886879682541,-0.10741879791021347,-0.3742832839488983,0.26433485746383667,-0.3388717770576477,-0.10663711279630661,0.21317361295223236,0.13490977883338928,0.036768510937690735,0.3462941646575928,-0.052006129175424576,-0.17707374691963196,0.14189264178276062,0.05746540427207947,0.17925991117954254,-0.02522370032966137,-0.3562230169773102,-0.1857391893863678,-0.24725985527038574,0.02178581990301609,-0.26890575885772705,0.1159069761633873,-0.09751071780920029,-0.046998705714941025,-0.22149813175201416,0.2585970163345337,-0.09508241713047028,-0.20129285752773285,-0.26610198616981506,-0.1809358447790146,-0.1578325480222702,0.5751886367797852,-0.06620654463768005,0.2316342294216156,-0.16849754750728607,-0.03093564324080944,-0.061662640422582626,0.2080366462469101,0.4661606252193451,-0.1347714066505432,0.08827108144760132,-0.03472018614411354,-0.22422775626182556,0.118921659886837,0.23893554508686066,0.13621333241462708,0.28051939606666565,-0.19229267537593842,0.09932231903076172,-0.06587733328342438,-0.23846875131130219,-0.08764456957578659,0.24670617282390594,0.3190675675868988,0.2076626420021057,-0.3962779939174652,-0.0611313059926033,China,-0.6114529911757096,-0.02826321797522062,4
Malteiro,0.34949439764022827,-0.3294297754764557,-0.052796315401792526,0.3385513722896576,0.1815699338912964,-0.11015671491622925,-0.4257161319255829,-0.4483826160430908,-0.23293517529964447,-0.02777031809091568,0.014491899870336056,-0.25602298974990845,0.505281388759613,0.34536993503570557,0.05014443024992943,0.007161620073020458,0.27979567646980286,0.17772184312343597,0.5572507381439209,-0.24113841354846954,0.4519357979297638,-0.26812708377838135,0.29298797249794006,-0.29168635606765747,-0.06453927606344223,-0.07007784396409988,-0.12939848005771637,-0.08082826435565948,-0.024880915880203247,0.33744245767593384,0.3323904871940613,0.2577751874923706,0.010509571060538292,0.24035784602165222,-0.3076467216014862,-0.03795694559812546,0.11027926206588745,-0.4861026704311371,-0.19395431876182556,-0.22040778398513794,-0.45235246419906616,0.23246042430400848,0.3053552210330963,0.07559230178594589,-0.15577463805675507,-0.20250976085662842,0.1272687017917633,0.23180489242076874,0.01608661562204361,0.2357255071401596,-0.049945734441280365,-0.43015429377555847,-0.29444167017936707,-0.08720201998949051,0.1850534826517105,-0.3625183403491974,-0.21973611414432526,-0.11857464164495468,0.20297633111476898,0.04168829321861267,-0.05239919200539589,-0.3116082549095154,-0.09871356934309006,0.16803838312625885,Others,0.272775021542368,-0.3995177905606913,3
Silent Librarian,-0.04734375327825546,-0.02706478163599968,0.10949000716209412,0.47556278109550476,0.3072969913482666,-0.35732191801071167,0.23359759151935577,0.4183855354785919,0.14944344758987427,0.38461387157440186,0.38102832436561584,-0.2309824824333191,-0.3346228003501892,-0.07254848629236221,-0.18460828065872192,-0.5396410822868347,-0.3262544870376587,0.16378629207611084,0.10655003041028976,-0.31202778220176697,-0.05765492469072342,0.4098066985607147,0.04998163506388664,0.2767896354198456,-0.19760581851005554,-0.18120206892490387,0.8673155903816223,0.010295086540281773,-0.19102102518081665,-0.6092419624328613,0.04283105209469795,-0.5068454146385193,0.19557549059391022,-0.27166062593460083,-0.1636190414428711,0.09478013962507248,-0.08627225458621979,-0.17534740269184113,0.1667252629995346,0.12964341044425964,0.24133418500423431,-0.05152944102883339,0.059506606310606,-0.08003296703100204,-0.11332107335329056,0.12570081651210785,-0.009225880727171898,0.09585686028003693,0.4390980899333954,-0.36935779452323914,0.11272861063480377,-0.24990597367286682,-0.3453029692173004,0.1379467248916626,0.05026492103934288,-0.24297840893268585,-0.5673953890800476,-0.007497088517993689,-0.029689902439713478,-0.5423240661621094,0.06734585762023926,-0.35920214653015137,-0.06208039075136185,0.19509246945381165,Others,0.5183304702877363,0.9470227979314908,2
Leviathan,0.22236458957195282,-0.25905805826187134,0.3579014539718628,-0.1676173210144043,0.4084964394569397,-0.2727908790111542,-0.05916940048336983,-0.15446263551712036,-0.38840627670288086,-0.17688584327697754,-0.03864862024784088,-0.2537517845630646,0.44074708223342896,0.25361037254333496,-0.014010577462613583,-0.2725411355495453,-0.2767306864261627,0.21632371842861176,-0.014172879047691822,0.2698030471801758,-0.017559630796313286,-0.07328937947750092,0.07137484103441238,-0.15375250577926636,-0.13152529299259186,-0.31720593571662903,0.34356915950775146,0.11255243420600891,-0.07624294608831406,-0.20299534499645233,-0.09343919903039932,-0.572422981262207,0.06944200396537781,0.04441212862730026,0.028970081359148026,0.05490003898739815,0.13789072632789612,-0.18922317028045654,-0.3226143717765808,0.41471943259239197,-0.013127767480909824,0.07769643515348434,-0.30803602933883667,0.1835213005542755,0.17729008197784424,0.123926542699337,0.16893048584461212,-0.04175965115427971,-0.09414754062891006,-0.4009191691875458,-0.1397707164287567,0.07778118550777435,-0.14128334820270538,0.3573992848396301,-0.3191901445388794,0.09763287752866745,-0.2314351499080658,-0.3367214798927307,-0.1303681880235672,0.19588224589824677,-0.13294486701488495,0.16178883612155914,-0.2882624864578247,0.10261350125074387,Others,0.19002810064364492,0.3593088152481513,2
Winter Vivern,0.17947418987751007,-0.1296655535697937,0.18095621466636658,-0.026756346225738525,0.0811299979686737,-0.22009766101837158,-0.3741685748100281,0.2596431374549866,-0.14002521336078644,0.036446113139390945,0.07933676242828369,-0.18324434757232666,-0.09088211506605148,0.04189051315188408,-0.2190260887145996,-0.14500637352466583,0.2116955816745758,0.1886426955461502,0.1657486855983734,0.03431515395641327,-0.08380346745252609,0.011875374242663383,0.26255181431770325,-0.2465467005968094,-0.26391667127609253,0.170376256108284,0.3000238537788391,-0.20347724854946136,0.4739813208580017,0.2896031439304352,-0.17838458716869354,-0.1810399293899536,0.1907132863998413,0.2892732322216034,-0.16598278284072876,-0.005699391942471266,0.16163378953933716,0.4661071002483368,0.28662118315696716,0.10927977412939072,0.21200187504291534,0.1382535696029663,0.24475347995758057,0.300699383020401,0.1332492083311081,-0.24812273681163788,0.09043139964342117,0.08538565784692764,0.25626304745674133,-0.03307952731847763,0.049573421478271484,-0.06148041784763336,0.1080232486128807,-0.08238886296749115,0.05573659390211105,-0.03815886750817299,-0.44736042618751526,-0.10959568619728088,-0.021707579493522644,-0.03170434758067131,-0.14384149014949799,0.4750964641571045,-0.08726122975349426,0.6491082310676575,Others,0.1342406100804145,0.18895608942589073,2
BlackOasis,-0.6177200675010681,-0.12149955332279205,0.012026727199554443,0.19537155330181122,-0.3112682104110718,-0.18094010651111603,-0.04354087635874748,0.34550634026527405,0.27975407242774963,-0.3745008707046509,-0.14881554245948792,-0.8787469863891602,-0.5015603303909302,0.453671932220459,-0.03593010827898979,-0.2026320844888687,0.23049379885196686,-0.006791462656110525,0.15656539797782898,-0.34459206461906433,0.2712421715259552,0.14087162911891937,0.6584388017654419,-0.33927780389785767,0.07146543264389038,-0.6536243557929993,-0.14394019544124603,-0.18348485231399536,0.14708714187145233,0.07175038754940033,0.38532233238220215,-0.16138970851898193,0.33469581604003906,-0.12047213315963745,-0.12086673080921173,-0.09042283147573471,0.18409939110279083,-0.4677518606185913,-0.12317810952663422,-0.34676045179367065,-0.12871666252613068,-0.17663681507110596,-0.3115105628967285,0.0025991066358983517,0.29618602991104126,0.21855759620666504,-0.077382393181324,0.17917239665985107,-0.17858143150806427,-0.5538761615753174,0.20528030395507812,-0.02783254347741604,0.482793927192688,-0.00857093557715416,0.5243009924888611,0.632402777671814,-0.3646368086338043,-0.05402148887515068,0.12856662273406982,0.24463458359241486,-0.005755261983722448,0.035498734563589096,-0.8423672318458557,0.35032978653907776,Others,-0.12479079261694138,-0.06852240587962503,3
CURIUM,0.3704198896884918,0.146501824259758,0.25063395500183105,0.21687591075897217,0.3610552251338959,-0.19594338536262512,-0.0739823579788208,0.06405318528413773,0.02145209163427353,0.1959741860628128,-0.16944269835948944,-0.32361719012260437,0.17068491876125336,0.492786705493927,0.06738314777612686,-0.35050681233406067,0.17288517951965332,0.252914160490036,-0.05182858556509018,0.233743816614151,0.21673643589019775,0.21549423038959503,-0.32061365246772766,-0.009119522757828236,-0.2676054537296295,-0.18579567968845367,0.01933947764337063,0.10714230686426163,0.0735861212015152,-0.37330248951911926,0.1669265627861023,-0.009968998841941357,0.065062515437603,-0.025538397952914238,-0.3475635051727295,-0.15335839986801147,0.16084110736846924,0.32075387239456177,0.28256461024284363,0.23036879301071167,0.22694195806980133,0.37553858757019043,-0.2650734782218933,0.4624977707862854,-0.23522834479808807,-0.19384828209877014,0.012981483712792397,-0.22143800556659698,-0.2379070520401001,-0.2606038749217987,0.11918364465236664,-0.1356748640537262,-0.04239805042743683,0.3947336971759796,-0.002408670959994197,0.13748213648796082,-0.48739340901374817,-0.21262529492378235,0.022490156814455986,-0.13991858065128326,0.309253454208374,0.41258716583251953,0.2310606688261032,0.2999705672264099,Russia,0.5832115134494231,0.5234796666567807,2
Blue Mockingbird,-0.0551774762570858,-0.22309894859790802,0.09231195598840714,-0.06707923114299774,0.28974971175193787,-0.057539645582437515,-0.030413854867219925,-0.0149439238011837,-0.41202783584594727,-0.17431996762752533,-0.17712613940238953,-0.25585606694221497,0.12792694568634033,-0.17184533178806305,-0.6668916344642639,0.16363313794136047,-0.06828420609235764,-0.2099725306034088,-0.036684706807136536,0.027808310464024544,0.3715325891971588,0.23784464597702026,0.05252157151699066,0.08176511526107788,0.05665675923228264,0.30716651678085327,0.20997750759124756,0.03017251379787922,-0.12049116939306259,0.01847769133746624,0.1485401839017868,0.1089685782790184,0.19388951361179352,0.050378113985061646,-0.45979952812194824,-0.255927175283432,0.7453739047050476,-0.4098423719406128,-0.19790878891944885,-0.2537890076637268,0.19196517765522003,-0.06637335568666458,-0.2944057881832123,-0.08488467335700989,0.3297220468521118,0.6282699704170227,-0.062477655708789825,0.18860985338687897,-0.006986537482589483,0.18257060647010803,-0.003976393025368452,0.18022094666957855,-0.19192063808441162,-0.14927513897418976,-0.22459955513477325,-0.17959003150463104,-0.16146349906921387,-0.5079874396324158,-0.012872029095888138,0.15903596580028534,-0.38678398728370667,0.03478146344423294,-0.10010773688554764,0.257063090801239,Others,-0.5647818962566304,-0.04695828968330585,1
BackdoorDiplomacy,-0.43111884593963623,0.06651479005813599,0.12265322357416153,0.4572606682777405,0.07555752247571945,-0.3367677927017212,0.005774231627583504,-0.2390337437391281,-0.2996666729450226,-0.07707832008600235,-0.24612194299697876,-0.6998956203460693,-0.056002743542194366,-0.13567937910556793,0.09604658931493759,0.12146904319524765,0.6311855316162109,0.18269403278827667,-0.10230337828397751,0.1577550619840622,-0.0059419660829007626,-0.07997798919677734,0.2790902256965637,-0.6472036838531494,-0.20453448593616486,-0.5140009522438049,-0.03109549917280674,-0.16318637132644653,-0.17774665355682373,0.48087817430496216,0.24986709654331207,0.09246472269296646,0.2915589511394501,0.02489059790968895,-0.1951286345720291,0.22692960500717163,0.08485357463359833,-0.31148743629455566,0.18461762368679047,0.19365333020687103,-0.03481590375304222,-0.3599652945995331,0.11598660796880722,-0.16554945707321167,-0.020083408802747726,-0.08169398456811905,0.16208039224147797,-0.4005381464958191,0.1332796961069107,-0.5308802127838135,0.11050109565258026,-0.13471415638923645,-0.22099077701568604,0.06884881108999252,-0.24764806032180786,0.38957175612449646,-0.04302646219730377,-0.40834134817123413,-0.2277873307466507,0.042621586471796036,-0.1484636515378952,0.12592294812202454,-0.5300197005271912,0.01416026707738638,Others,-0.3464446650412587,-0.6574364406672039,4
Cinnamon Tempest,0.1453578770160675,-0.038741230964660645,0.20597626268863678,0.17275498807430267,0.19175401329994202,-0.32996681332588196,-0.12500283122062683,-0.020416246727108955,-0.6496468782424927,-0.37706512212753296,-0.32666537165641785,0.027020666748285294,-0.009252045303583145,-0.05478852614760399,-0.12295857816934586,0.2757343053817749,0.006705503445118666,0.21037371456623077,0.16282638907432556,0.4729267358779907,0.39743679761886597,0.3969365954399109,0.22672106325626373,-0.06846097111701965,-0.07142874598503113,0.3700249195098877,0.2660047113895416,-0.021654445677995682,-0.06969059258699417,-0.14518029987812042,0.13404418528079987,0.08537094295024872,-0.13509626686573029,0.18644502758979797,-0.33521735668182373,-0.05861612409353256,0.4265366196632385,-0.2842825949192047,0.29850420355796814,-0.49219006299972534,-0.023252936080098152,-0.1107369139790535,0.1802467405796051,0.05549692362546921,-0.1782412976026535,-0.1995464265346527,0.24606235325336456,0.019921839237213135,0.3047192692756653,-0.25533559918403625,0.035736333578825,0.546804666519165,-0.12284062057733536,0.2256823033094406,0.07702154666185379,0.03130263462662697,0.05081149563193321,0.21235360205173492,0.09216313809156418,0.1215582862496376,-0.35757142305374146,0.015064643695950508,-0.6254932880401611,-0.11092853546142578,Others,-0.7263712672956972,0.21773164919119495,1
Ke3chang,0.09545741975307465,-0.013023382984101772,0.16597066819667816,0.06756722182035446,0.5769520998001099,0.08181901276111603,0.13216347992420197,0.3630795180797577,0.1146346852183342,-0.04435896500945091,0.20502455532550812,-0.2556871175765991,-0.22676436603069305,0.19250956177711487,-0.07915213704109192,0.09802358597517014,0.18760079145431519,-0.021262474358081818,0.24168895184993744,-0.10867093503475189,0.14564943313598633,0.40098291635513306,0.3542564809322357,-0.08506276458501816,-0.3708973228931427,-0.14220760762691498,-0.004601963330060244,0.01672685518860817,0.24694408476352692,0.454755574464798,0.2940638065338135,-0.31618475914001465,0.10829928517341614,0.3569827675819397,-0.1382226049900055,0.28344982862472534,0.13844914734363556,-0.20555050671100616,0.3210170865058899,0.038633912801742554,0.0156997162848711,-0.20306256413459778,0.191490039229393,0.1729935258626938,0.09003651142120361,0.04446344077587128,0.05036117509007454,0.4021918475627899,-0.052820008248090744,0.4232831597328186,0.1097068339586258,-0.0828322321176529,0.23995651304721832,0.12621116638183594,0.12149553000926971,0.20309077203273773,-0.05709041655063629,-0.3629530370235443,0.24708887934684753,0.012457403354346752,-0.11882010102272034,-0.03378494456410408,-0.3425392210483551,0.33469220995903015,China,-0.44664288429640375,-0.2829676035550189,4
APT42,0.28907278180122375,-0.46241000294685364,0.04664207994937897,0.2322990596294403,-0.11468501389026642,-0.004529287107288837,-0.5990375876426697,0.37264469265937805,-0.09097963571548462,0.24009288847446442,0.07939590513706207,-0.08821693807840347,-0.22194549441337585,0.33606764674186707,-0.4454728960990906,0.22768040001392365,0.27191442251205444,0.25734174251556396,-0.3297293484210968,-0.3405422866344452,-0.3421866297721863,0.2292126566171646,0.1315566748380661,0.05105508118867874,-0.13933296501636505,0.00732588954269886,0.055583007633686066,0.32608562707901,-0.08279866725206375,-0.350678414106369,0.45064687728881836,0.002465747529640794,-0.07645878195762634,-0.08630026131868362,-0.04283503070473671,-0.15130753815174103,0.5475319623947144,-0.5151755213737488,-0.06945282965898514,-0.1754036694765091,0.16950105130672455,0.4103144109249115,0.19019657373428345,0.03466930612921715,-0.18697795271873474,-0.14408355951309204,-0.18246068060398102,0.0055893841199576855,-0.04709789529442787,0.29895487427711487,-0.11974485218524933,-0.3583078980445862,-0.20984959602355957,-0.09520577639341354,-0.1875467747449875,0.22686266899108887,-0.23150180280208588,-0.07360651344060898,0.27689045667648315,-0.1027829572558403,0.1803654581308365,0.2727753221988678,0.35619157552719116,0.10817894339561462,Others,0.15438814369297285,0.21532587958804594,2
Machete,0.2195858359336853,0.10803980380296707,0.012279197573661804,0.2343185693025589,0.3140774667263031,-0.1993066966533661,0.05436082184314728,-0.2275732010602951,-0.1120423898100853,0.08912210166454315,-0.02572941966354847,-0.37282851338386536,-0.051620204001665115,0.13984651863574982,-0.2504957616329193,0.2867024540901184,0.09308181703090668,0.026864301413297653,0.36203163862228394,-0.207429900765419,-0.034512411803007126,-0.07694713771343231,-0.09680476039648056,-0.10347748547792435,0.0546858087182045,0.0883491113781929,0.15034539997577667,0.011956274509429932,0.28277450799942017,-0.5196190476417542,-0.09623338282108307,0.06335373222827911,-0.40274539589881897,0.06676299124956131,-0.024851618334650993,-0.08456096053123474,0.0997794046998024,-0.4477711617946625,-0.058711934834718704,-0.052222855389118195,0.30221349000930786,0.2536829113960266,-0.07085495442152023,0.01465652696788311,0.168007954955101,-0.3920634388923645,0.028690706938505173,-0.04441213980317116,-0.11939661204814911,-0.26774218678474426,0.4810735583305359,0.059678856283426285,0.0346863754093647,0.05387312173843384,0.11178039759397507,-0.4403630495071411,-0.16474397480487823,0.04504642263054848,0.02823038026690483,0.0012906695483252406,-0.13561931252479553,0.37166354060173035,-0.40346968173980713,0.19278523325920105,Others,0.6573860422544137,-0.1376413959047684,3
Leafminer,0.40860217809677124,-0.03520604223012924,0.18402360379695892,0.05452405661344528,0.5277813673019409,0.18950770795345306,0.3000866174697876,0.04625498130917549,0.4614114761352539,0.4224075675010681,0.2677951753139496,-0.09796546399593353,-0.12247014045715332,0.10389978438615799,0.46462854743003845,-0.19309164583683014,0.3359484374523163,0.048023514449596405,0.32182222604751587,0.01763351820409298,-0.18008984625339508,0.0644664466381073,-0.022402126342058182,-0.45935624837875366,-0.022040167823433876,0.3160113990306854,0.2155313491821289,-0.25310465693473816,0.13405673205852509,0.21584367752075195,0.4772239625453949,-0.09178785234689713,0.5195896029472351,0.14819826185703278,-0.017435207962989807,-0.07343921810388565,0.35353389382362366,-0.6751145124435425,-0.23887547850608826,0.21195301413536072,0.43940892815589905,-0.09643030911684036,0.32247427105903625,-0.3566250205039978,0.022373922169208527,-0.2215270698070526,-0.23932817578315735,0.407397985458374,0.15620580315589905,-0.0475710891187191,-0.12092147022485733,-0.10804425925016403,-0.240774467587471,-0.010408032685518265,0.3476763069629669,-0.6332765817642212,-0.1679536998271942,-0.15431563556194305,-0.22266511619091034,-0.10802099108695984,-0.05373319983482361,-0.2193157821893692,-0.11995222419500351,-0.020484276115894318,Iran,-0.077187743799249,0.05686456095831076,4
Tonto Team,0.22824162244796753,-0.33351531624794006,0.4213457703590393,0.2261425256729126,0.027070151641964912,-0.3853572607040405,0.010251952335238457,-0.30851486325263977,-0.15737250447273254,-0.3754742741584778,-0.16842558979988098,0.3227185904979706,0.1115000918507576,0.03753264248371124,0.38165926933288574,0.6805810332298279,0.2059381604194641,-0.07685945183038712,-0.2069210559129715,-0.2311476618051529,0.13118566572666168,0.19769048690795898,-0.15183790028095245,-0.40177828073501587,-0.4221828281879425,-0.35179051756858826,0.10821972787380219,-0.46400636434555054,0.020324135199189186,-0.1746150255203247,0.008586376905441284,-0.1810758411884308,-0.16139723360538483,0.004617196042090654,-0.019938286393880844,0.11540341377258301,0.014703543856739998,-0.5696657299995422,0.06792356818914413,0.4116218090057373,0.3337007761001587,0.1055779978632927,-0.027858193963766098,-0.22989240288734436,-0.21923339366912842,-0.09892041236162186,-0.16717050969600677,-0.32927221059799194,-0.32579505443573,-0.2685949206352234,0.5158899426460266,0.21444830298423767,-0.24134863913059235,0.17206694185733795,0.128631591796875,0.03159620240330696,0.028491569682955742,0.01901983469724655,0.03025166317820549,-0.01558933686465025,0.1974610686302185,0.3428245484828949,0.007586789783090353,0.058202940970659256,Others,0.1524544377819015,-0.4570739014967257,4
Andariel,0.15574850142002106,-0.13600097596645355,0.1792917549610138,0.09483268857002258,0.3150010108947754,-0.4832378923892975,-0.10010121017694473,-0.07794297486543655,0.1694907397031784,-0.11668261885643005,0.2557752728462219,-0.5421198606491089,-0.3525814712047577,0.2729901671409607,-0.22390662133693695,-0.08567875623703003,0.23958976566791534,-0.31657153367996216,0.3641040623188019,0.38180968165397644,0.09966418147087097,-0.05258535221219063,-0.5074707269668579,-0.23726119101047516,-0.18480125069618225,-0.4941929280757904,0.05727466568350792,0.3513956367969513,-0.041026901453733444,0.22328360378742218,0.08682192116975784,-0.2886129319667816,0.16437120735645294,-0.06543333828449249,0.15140673518180847,0.23059561848640442,0.12816466391086578,-0.06820627301931381,-0.04256727918982506,0.24564486742019653,0.02355935610830784,-0.12909811735153198,0.16541217267513275,-0.13411813974380493,-0.4295653998851776,-0.07401935011148453,0.20294496417045593,0.018138298764824867,-0.4791996479034424,-0.09856898337602615,0.4487661123275757,0.36035796999931335,-0.12967711687088013,-0.2429848611354828,0.32239869236946106,-0.08712826669216156,-0.07077185809612274,-0.11723389476537704,-0.29361197352409363,-0.2811914384365082,-0.026931697502732277,0.3437870442867279,0.02379610762000084,-0.034123919904232025,North Korea,0.45513016713160054,-0.5135308402384349,3
PROMETHIUM,0.011462805792689323,0.30727124214172363,-0.00854436680674553,0.579232931137085,0.29236847162246704,-0.36672741174697876,0.23495852947235107,-0.15736588835716248,0.13049086928367615,0.03926575183868408,0.13637840747833252,-0.1817055493593216,0.1130656898021698,-0.25214144587516785,-0.39311903715133667,0.06727850437164307,-0.10777881741523743,0.24701592326164246,0.1626003384590149,0.11739137023687363,-0.06130048260092735,0.05507491156458855,-0.05283656716346741,-0.5489808917045593,-0.5664087533950806,0.28789982199668884,0.36915135383605957,0.27630099654197693,-0.2382461428642273,-0.0649012103676796,0.060517072677612305,0.2499770075082779,0.20459681749343872,-0.08381520211696625,-0.08613397181034088,0.0010977396741509438,-0.19273072481155396,-0.1673099398612976,0.5099554061889648,-0.03671443089842796,0.1993291676044464,0.31763502955436707,-0.0632365271449089,-0.19684146344661713,0.014942220412194729,0.2863585948944092,0.662204921245575,0.029695263132452965,-0.16197970509529114,-0.4790523648262024,0.2794557511806488,-0.07680614292621613,-0.4059489369392395,-0.15746307373046875,-0.18605463206768036,-0.08585958182811737,0.0890941470861435,-0.2550256848335266,0.1441987305879593,0.11853386461734772,-0.3409063220024109,-0.08283872902393341,-0.09027411788702011,0.7871322631835938,Others,0.18781866855021154,-0.3426581013408142,3
APT5,0.43347007036209106,-0.05740729346871376,-0.1964128613471985,0.4037860333919525,0.2538025379180908,-0.08678527921438217,-0.1511361002922058,0.14495986700057983,-0.30506426095962524,0.054851874709129333,-0.08169027417898178,-0.17356015741825104,-0.6219313740730286,-0.03406029939651489,-0.039989959448575974,-0.2576250433921814,0.6236199736595154,-0.11838559061288834,0.05349435657262802,-0.1709604263305664,-0.11476266384124756,0.08069156855344772,-0.26082363724708557,-0.103859081864357,0.04906748980283737,-0.024415111169219017,-0.12598195672035217,0.0914120301604271,0.0619569756090641,0.05667876452207565,0.07858289778232574,-0.37177392840385437,0.09652508050203323,0.301559180021286,0.03879575803875923,-0.29503461718559265,0.3320416212081909,-0.4421025216579437,0.16239996254444122,0.44458210468292236,-0.06853037327528,0.00602040346711874,0.04913190379738808,-0.16091163456439972,0.3163720667362213,0.2609948515892029,0.007385388948023319,-0.21282796561717987,-0.13938958942890167,0.27262163162231445,0.29407232999801636,0.23433232307434082,-0.13395622372627258,0.3557864725589752,0.11118726432323456,0.29611724615097046,0.20778317749500275,-0.2700328528881073,0.3972015380859375,0.20532581210136414,-0.2416021078824997,-0.03243252635002136,-0.4094924330711365,-0.29893627762794495,Others,-0.5295510139530599,-0.2676068390988496,4
PLATINUM,0.3808004856109619,0.12509970366954803,-0.2978878915309906,0.20154336094856262,0.10794401913881302,-0.34707939624786377,-0.1646353006362915,-0.18601036071777344,0.04429151862859726,-0.18097969889640808,0.07802821695804596,0.1792820692062378,-0.37228044867515564,0.00375594524666667,0.07403792440891266,0.13502980768680573,0.13692361116409302,0.04887986183166504,0.01279508788138628,0.003686408046633005,0.2603749632835388,-0.34692808985710144,-0.07979362457990646,-0.4561068117618561,0.026258697733283043,-0.4446101784706116,0.523751437664032,0.09337861090898514,0.2357046753168106,0.1609921008348465,-0.03781537711620331,0.49284395575523376,-0.22899681329727173,0.06656710058450699,-0.0015592791605740786,0.07609470933675766,0.4329153001308441,-0.4960108995437622,0.3537924587726593,0.6069632172584534,0.22532771527767181,-0.3686487376689911,0.1855265349149704,-0.062360577285289764,0.11679806560277939,0.060837045311927795,-0.22889146208763123,-0.04802015423774719,-0.6650787591934204,-0.2508810758590698,0.529230535030365,-0.14677557349205017,-0.05427948758006096,-0.2992931604385376,-0.05871448665857315,0.012630190700292587,-0.3227747976779938,-0.5755301117897034,-0.10601960122585297,-0.1935707926750183,-0.36747682094573975,0.04798459634184837,-0.07730705291032791,0.007552632130682468,Others,0.4788992003030357,-0.6327886634857782,3
Ember Bear,0.07454199343919754,-0.010867956094443798,0.10846971720457077,0.47908273339271545,-0.08790716528892517,-0.18546663224697113,-0.010649858973920345,0.460975706577301,-0.2553769052028656,-0.019567111507058144,0.09323988854885101,0.06463254988193512,-0.0919683575630188,0.2597973942756653,0.13101287186145782,-0.03061727248132229,-0.28998786211013794,0.21383562684059143,-0.1708575189113617,0.16085433959960938,0.4103021025657654,0.024540197104215622,-0.06638721376657486,-0.08493640273809433,-0.0485282801091671,-0.044543299823999405,0.2785203456878662,-0.015414247289299965,0.20660357177257538,-0.015072518959641457,0.18574199080467224,-0.39217594265937805,0.5625642538070679,-0.06927937269210815,-0.10443099588155746,-0.24314121901988983,-0.23717086017131805,-0.4536880850791931,0.01848641224205494,0.7634857892990112,0.45180612802505493,-0.3087247610092163,0.21256282925605774,0.0807730183005333,0.15716610848903656,-0.18445569276809692,-0.3323093354701996,0.13289625942707062,0.2689637243747711,-0.07362934947013855,-0.13158468902111053,0.18590927124023438,-0.3756495714187622,-0.1483755260705948,0.11339554190635681,-0.024605531245470047,0.16362924873828888,-0.2648495137691498,0.027026601135730743,0.09273594617843628,-0.04633703455328941,0.4301176965236664,-0.34515562653541565,0.2804162800312042,Others,-0.41506056142653136,0.16816329637633703,4
Sidewinder,-0.04916078969836235,-0.25223857164382935,0.04307429492473602,0.02657274715602398,0.09638435393571854,-0.21872574090957642,0.001753995893523097,0.03467347100377083,-0.11568599194288254,-0.2268417328596115,-0.07841784507036209,-0.33512723445892334,0.021818531677126884,0.17817267775535583,-0.060060836374759674,-0.2442026436328888,0.20996087789535522,-0.08702778071165085,-0.07551475614309311,-0.3041209280490875,-0.21538841724395752,-0.03830898925662041,-0.26057007908821106,-0.15649829804897308,-0.37712615728378296,0.21528030931949615,-0.14541250467300415,-0.05970387160778046,0.16021005809307098,0.19828476011753082,0.047443512827157974,2.565084650996141e-05,-0.07941832393407822,0.3104511797428131,-0.10616147518157959,0.19694784283638,-0.10371352732181549,-0.09391523897647858,0.1840168535709381,0.09007133543491364,0.019126709550619125,0.16608543694019318,0.08528333902359009,0.051995258778333664,-0.017578579485416412,-0.2039170116186142,0.30928105115890503,0.11909199506044388,-0.08463945239782333,-0.005329911597073078,-0.21035665273666382,-0.2002146989107132,-0.1350254863500595,0.14273220300674438,0.15420520305633545,-0.1723797619342804,-0.5294770002365112,-0.013831100426614285,-0.1685592234134674,-0.1699080467224121,0.09892044216394424,0.02774602733552456,-0.22709691524505615,0.2224961370229721,Others,0.3861632187664436,-0.22703803424255095,2
DarkHydrus,-0.20718154311180115,-0.5445020198822021,-0.081802599132061,0.24315781891345978,-0.3618084192276001,-0.2803838849067688,0.4938204288482666,-0.24713033437728882,-0.22921232879161835,-0.08283912390470505,0.2073216289281845,0.4659316837787628,-0.0057043950073421,0.3393693268299103,-0.05480892211198807,0.10374858230352402,0.4562320113182068,0.061037205159664154,0.3033730685710907,0.18286406993865967,0.4921407699584961,0.4839496910572052,-0.3841768801212311,-0.22064702212810516,-0.06110302358865738,-0.18934541940689087,0.08333400636911392,0.5415148735046387,0.1811135858297348,0.020044676959514618,0.23201577365398407,-0.11184077709913254,-0.24499113857746124,0.33680883049964905,0.046320442110300064,0.09623312950134277,0.06981450319290161,0.1537180244922638,-0.15303802490234375,0.05521422252058983,0.062206611037254333,0.5081868171691895,-0.3587559163570404,0.0027140630409121513,-0.3932495713233948,0.24661502242088318,-0.2857334613800049,0.02850528433918953,-0.19423231482505798,0.06886066496372223,-0.05831268057227135,0.2580401599407196,0.1215781643986702,0.043571338057518005,0.1526813507080078,-0.12631237506866455,-0.36453408002853394,-0.21226611733436584,0.11911993473768234,-0.412093847990036,0.1890316605567932,0.27259185910224915,-0.3291797935962677,0.41224563121795654,Others,0.42738199099362273,-0.4028815626467712,3
TA551,-0.08570268750190735,-0.48550012707710266,0.40382954478263855,-0.19996720552444458,-0.013866864144802094,-0.29636290669441223,-0.18168997764587402,0.07813882827758789,0.12613514065742493,-0.5910547971725464,0.01074536144733429,-0.1801193505525589,-0.07566732168197632,0.1553429216146469,-0.5270364284515381,-0.4241202175617218,0.33682912588119507,-0.08915017545223236,-0.2065037339925766,-0.05358410254120827,0.38064801692962646,-0.28549277782440186,-0.16663162410259247,-0.00244335038587451,0.1382158249616623,0.15317247807979584,0.5932357907295227,0.14880751073360443,0.027608027681708336,0.10244950652122498,0.16510988771915436,-0.2200702279806137,0.03177564963698387,0.2700751721858978,0.19157357513904572,0.3077952265739441,0.2739253044128418,-0.1262725293636322,0.2642251253128052,0.1450262814760208,0.12454400211572647,-0.026702919974923134,-0.11717776954174042,0.05102204158902168,-0.11000222712755203,0.371326208114624,-0.05325769633054733,-0.1005840077996254,-0.0460357703268528,0.09372751414775848,0.3583432137966156,-0.20211301743984222,-0.1601853221654892,-0.4429825246334076,-0.18794631958007812,-0.5465384721755981,-0.29066112637519836,0.17416006326675415,-0.027704816311597824,-0.3647576868534088,-0.5451432466506958,-0.13791345059871674,-0.03998057171702385,0.062481839209795,Others,0.4136304063218259,-0.07034892650127472,2
TA578,0.29388293623924255,0.4713316857814789,0.3359624743461609,-0.16059510409832,-0.2504928410053253,0.004159805830568075,0.03238527849316597,-0.1846994161605835,-0.2043488770723343,0.34045836329460144,0.21114081144332886,0.0909295529127121,-0.48302844166755676,0.0024519951548427343,-0.16281236708164215,-0.8365543484687805,-0.19344107806682587,-0.0020822298247367144,0.07609021663665771,-0.31622231006622314,-0.1322515904903412,0.13818570971488953,-0.20263485610485077,0.05305067077279091,-0.15694484114646912,0.16537237167358398,0.35729777812957764,-0.2538447678089142,0.13250377774238586,-0.10570909082889557,0.18503062427043915,-0.03508083149790764,0.4070625305175781,0.2019273340702057,0.0681123360991478,-0.09995733946561813,0.20529088377952576,-0.06647853553295135,-0.15898938477039337,-0.08389419317245483,0.026396723464131355,-0.27854490280151367,0.31615301966667175,-0.027727173641324043,0.018379447981715202,-0.12829050421714783,0.0376107282936573,-0.08287191390991211,0.33870407938957214,-0.32517728209495544,0.45954686403274536,-0.08730439841747284,-0.14968322217464447,0.5798916220664978,0.058859359472990036,-0.25362834334373474,-1.0770741701126099,0.40969768166542053,-0.04722769930958748,-0.43899160623550415,0.20049631595611572,0.14702877402305603,-0.5373168587684631,0.3984796106815338,Others,0.6968862092271281,1.0891811443090258,2
Metador,-0.007422137074172497,-0.43972256779670715,0.04339578002691269,-0.048918019980192184,0.20209328830242157,-0.41398248076438904,0.0028506407979875803,0.2803691625595093,-0.47777533531188965,-0.2258923053741455,-0.18542778491973877,-0.35312408208847046,-0.20491762459278107,-0.47521427273750305,-0.2316417545080185,0.12390728294849396,-0.08514298498630524,-0.36611807346343994,-0.03756260871887207,0.003472774289548397,0.381729394197464,-0.038109615445137024,0.1903911828994751,-0.28162580728530884,0.20565877854824066,-0.17977094650268555,0.4937865734100342,0.14816462993621826,-0.06683013588190079,0.625982403755188,-0.34347212314605713,0.3321622312068939,-0.26009711623191833,0.05226551368832588,-0.08526622503995895,0.04814332351088524,-0.04291556030511856,-0.5786486268043518,-0.1446818709373474,0.3670470118522644,-0.32533958554267883,0.1250970959663391,0.3750922679901123,-0.24246296286582947,0.1960126906633377,-0.0041338736191391945,-0.12525618076324463,0.11721525341272354,0.04823800548911095,-0.2617591321468353,0.0909762904047966,0.3803071975708008,-0.02086009457707405,0.17933225631713867,-0.28940466046333313,-0.20858292281627655,-0.44215407967567444,-0.395345538854599,0.11354270577430725,-0.11692368239164352,-0.33130887150764465,0.08043476194143295,0.06335672736167908,-0.015405832789838314,Others,-0.11114996844297885,-0.36914486018948744,4
EXOTIC LILY,-0.13681761920452118,-0.05786944180727005,0.29430729150772095,0.15192586183547974,0.15677662193775177,-0.19185476005077362,-0.38797688484191895,0.05993729084730148,0.26191654801368713,0.40984612703323364,-0.11590897291898727,-0.16529282927513123,-0.30413818359375,0.2914169728755951,0.04510597512125969,-0.47973164916038513,-0.29464176297187805,-0.19389493763446808,-0.16402781009674072,-0.2570595443248749,0.23412734270095825,0.10980767011642456,-0.37064486742019653,-0.12351194024085999,0.22577455639839172,-0.3339211046695709,0.3762478530406952,0.40463608503341675,-0.1963600069284439,-0.26836517453193665,-0.058155450969934464,-0.17346397042274475,-0.01794893480837345,-0.06136050820350647,-0.10298091918230057,-0.016158955171704292,0.34443408250808716,-0.24136151373386383,-0.08429436385631561,0.07727111130952835,0.06027023121714592,0.1014479249715805,-0.13239742815494537,0.24493497610092163,-0.380519837141037,-0.07347352057695389,-0.12726745009422302,-0.22845813632011414,0.058960504829883575,-0.2516566812992096,0.24041204154491425,-0.2778541147708893,-0.15173672139644623,0.09080170094966888,-0.12387533485889435,-0.08462052047252655,-1.0451631546020508,0.23624326288700104,0.18797923624515533,-0.37112531065940857,0.21339459717273712,-0.30483195185661316,0.0618303045630455,0.26727378368377686,Others,1.0608056935813897,0.6495298901305111,2
Higaisa,-0.33856528997421265,-0.22847391664981842,0.4514702558517456,-0.09913317859172821,0.2600201964378357,-0.32563167810440063,0.13830532133579254,-0.11587000638246536,-0.37949419021606445,-0.00934826023876667,-0.029923126101493835,-0.07831466943025589,0.3487018346786499,0.21749988198280334,-0.02373473346233368,-0.10636740922927856,0.25035417079925537,0.10442116111516953,0.13831700384616852,-0.0718214213848114,-0.3259729743003845,-0.06540700048208237,-0.3823109269142151,-0.26977410912513733,0.002748362021520734,0.17259526252746582,0.04173676297068596,0.32105913758277893,-0.2289266586303711,-0.008291702717542648,-0.31398946046829224,0.04896552488207817,-0.002946233842521906,0.444264680147171,-0.11394193023443222,-0.293841689825058,-0.23826421797275543,0.05024661496281624,0.010592322796583176,-0.2802729606628418,0.15674713253974915,-0.11854361742734909,0.45212122797966003,0.25300341844558716,-0.23576875030994415,-0.09893089532852173,0.369613915681839,0.26405856013298035,-0.21733343601226807,0.1209147721529007,0.08205199986696243,-0.1214534193277359,-0.21207697689533234,0.159887433052063,-0.1635698527097702,0.07995092123746872,-0.22664518654346466,-0.1760348528623581,0.30326536297798157,-0.3147832453250885,-0.23704132437705994,0.29570385813713074,-0.3757968544960022,0.09351348131895065,Others,0.23082627632369193,-0.34765353090762346,2
APT1,0.0826810896396637,-0.14958533644676208,0.20560701191425323,0.313042014837265,0.39033910632133484,-0.158387690782547,-0.00117544736713171,0.2862299680709839,0.06696971505880356,0.24625222384929657,0.10488533228635788,-0.46976637840270996,-0.20579220354557037,0.2863614559173584,0.10098982602357864,0.0465974397957325,0.2899678349494934,-0.4262678027153015,-0.08615850657224655,-0.025068044662475586,0.031935106962919235,0.18806563317775726,-0.05330191180109978,-0.1429736316204071,-0.07842506468296051,0.27993395924568176,-0.061894964426755905,-0.3162437081336975,-0.01673988439142704,-0.24443480372428894,-0.03963582217693329,-0.6094641089439392,-0.22790375351905823,0.02015155740082264,0.06376197934150696,0.19016645848751068,0.3298185467720032,-0.061969682574272156,-0.07992490381002426,0.13579121232032776,0.47732168436050415,0.20039792358875275,0.18519417941570282,-0.09238942712545395,-0.026629222556948662,-0.07375364750623703,0.036630779504776,0.07593753933906555,0.0016049802070483565,0.23480765521526337,0.18991619348526,0.18960295617580414,0.18630805611610413,-0.04457857459783554,0.1550876498222351,0.21426303684711456,-0.16988147795200348,-0.6194419860839844,-0.20986157655715942,-0.2073700726032257,0.33796605467796326,-0.20075851678848267,-0.08385355025529861,0.3437662422657013,China,-0.03296604972383186,0.0327362477140307,4
Daggerfly,0.08102520555257797,-0.17065663635730743,0.5929768681526184,0.19957421720027924,0.037128519266843796,0.20634198188781738,0.04415320232510567,-0.2145967036485672,0.2224612683057785,-0.06888673454523087,0.3500955402851105,-0.4254160523414612,-0.3401075303554535,0.14851000905036926,-0.04671325534582138,0.35352185368537903,0.14504820108413696,0.2174643576145172,-0.07686667144298553,0.28359875082969666,-0.07884780317544937,0.054678212851285934,-0.4115682542324066,-0.2533841133117676,-0.3311789333820343,0.0786999985575676,0.492968887090683,0.0006352993659675121,0.2739661931991577,-0.0785936638712883,-0.03485877811908722,-0.004201800562441349,0.08611423522233963,-0.2121274173259735,0.1720241755247116,-0.33548033237457275,0.04367372393608093,-0.1616329848766327,0.46752193570137024,-0.4209212064743042,-0.1180189922451973,0.1278887838125229,-0.11360497027635574,-0.19548733532428741,0.17510826885700226,0.3890952169895172,-0.08685361593961716,-0.06815928220748901,-0.08380598574876785,-0.18731689453125,0.2721767723560333,-0.23141303658485413,0.15162108838558197,0.23920440673828125,-0.09510835260152817,-0.1505783498287201,-0.18227586150169373,-0.12377311289310455,-0.025843560695648193,0.5008158087730408,-0.09021180123090744,0.22534751892089844,-0.1393919438123703,0.33130866289138794,Others,-0.060930054062041335,0.0187393523158217,4
Volatile Cedar,0.40998974442481995,-0.35115739703178406,0.4383438229560852,0.18493854999542236,-0.00041597583913244307,-0.28624436259269714,-0.26472535729408264,-0.14384934306144714,-0.1700960099697113,-0.3798862397670746,0.03851785138249397,0.024737661704421043,-0.166627898812294,-0.2409117966890335,-0.16128845512866974,-0.11333812773227692,0.4392608404159546,-0.12049361318349838,0.050877150148153305,0.5475541949272156,0.2939494252204895,0.16550347208976746,0.016491979360580444,-0.35398155450820923,-0.10579294711351395,-0.5077740550041199,0.6888248324394226,-0.20793956518173218,-0.2579289674758911,0.3350444734096527,0.48936524987220764,-0.5251709818840027,0.2369823157787323,0.15791280567646027,-0.4254257082939148,-0.13477729260921478,0.07500719279050827,0.12180589884519577,0.06875930726528168,0.12170719355344772,0.08830616623163223,0.25772011280059814,-0.14953073859214783,0.3248845934867859,0.394534170627594,-0.22341884672641754,-0.24893733859062195,-0.4024580419063568,0.6166774034500122,-0.05567388981580734,0.37208983302116394,0.2874657213687897,-0.3172285556793213,0.3355259895324707,0.2120194435119629,0.33519643545150757,-0.22507287561893463,-0.20339223742485046,-0.14538657665252686,0.37380707263946533,-0.44766148924827576,0.30145928263664246,-0.043125733733177185,0.1088809072971344,Others,-0.3373125252384266,0.03202108928577431,4
Elderwood,0.22816017270088196,-0.01677010953426361,-0.005457887426018715,0.0415739007294178,0.15676380693912506,-0.29774293303489685,-0.16695952415466309,-0.3042477071285248,-0.17067041993141174,0.25209319591522217,0.06567452847957611,-0.2821327745914459,0.06711769104003906,-0.12793447077274323,-0.032034099102020264,0.05398672819137573,-0.023624436929821968,-0.21771085262298584,0.38504019379615784,-0.04893434792757034,-0.03618713468313217,-0.40271061658859253,-0.45511743426322937,-0.2065589427947998,-0.22698938846588135,-0.24227620661258698,0.2850448787212372,0.0520772710442543,0.14692996442317963,0.10828878730535507,-0.10435689240694046,0.015473412349820137,-0.03275826945900917,0.010457903146743774,-0.06981378048658371,0.1730646789073944,-0.04419918730854988,-0.3676893413066864,0.024210738018155098,0.06892721354961395,0.010686401277780533,0.17211589217185974,-0.15456460416316986,0.15353311598300934,-0.07130145281553268,0.2361077517271042,0.03398546949028969,0.13531681895256042,-0.22137956321239471,-0.29183661937713623,0.3381442725658417,0.02354828082025051,-0.34033897519111633,0.039624836295843124,0.014807431027293205,-0.2398100048303604,-0.7158539295196533,0.04323117434978485,-0.10031848400831223,0.021677514538168907,0.1474767029285431,0.27476242184638977,-0.02546706795692444,0.16811251640319824,Others,0.9125866152418103,-0.3012191471197193,3
Dark Caracal,0.25142917037010193,0.13719262182712555,-0.13143034279346466,-0.22985903918743134,0.38735342025756836,-0.16664890944957733,-0.1273972988128662,0.18189655244350433,-0.4263787269592285,0.2790311276912689,0.2512930929660797,-0.24305644631385803,0.09700070321559906,-0.15450134873390198,-0.13883353769779205,0.15551352500915527,0.023454762995243073,-0.2641925513744354,0.037209950387477875,0.03603297844529152,0.21040010452270508,-0.15830715000629425,-0.3541226387023926,-0.2952762544155121,0.0030482462607324123,-0.43453261256217957,0.3314583897590637,0.27510595321655273,0.3745076358318329,0.24942326545715332,-0.08614102751016617,0.17822183668613434,0.19002874195575714,0.26979494094848633,-0.27312079071998596,-0.12096245586872101,0.015240653418004513,-0.04040494188666344,0.2564965784549713,-0.021422332152724266,0.4245312511920929,0.3545534610748291,0.26465168595314026,-0.10708006471395493,-0.06887057423591614,-0.05908655747771263,-0.0639435201883316,0.2861223518848419,-0.20608745515346527,0.09654268622398376,0.12233180552721024,-0.004382232204079628,-0.14760252833366394,-0.14549072086811066,0.23256152868270874,-0.17569684982299805,-0.7317144870758057,0.05274012312293053,0.17734356224536896,0.15520356595516205,-0.19526733458042145,0.1415587067604065,0.4078851342201233,0.10651227086782455,Others,0.30320777241419383,-0.44440731338006595,4
Nomadic Octopus,-0.09874170273542404,-0.34759870171546936,-0.15848015248775482,-0.09223689883947372,-0.14792583882808685,-0.3434489369392395,0.08166450262069702,0.17708702385425568,-0.19047334790229797,-0.37914690375328064,-0.051420897245407104,0.2606060206890106,-0.10398136079311371,0.14988145232200623,0.11877500265836716,-0.0630553588271141,0.359767347574234,-0.013215156272053719,0.13142269849777222,0.24762983620166779,0.3716887831687927,0.07479766756296158,0.04222267121076584,-0.49110695719718933,0.06752356141805649,0.16821223497390747,0.4560387134552002,0.34511417150497437,0.33584168553352356,-0.28158342838287354,-0.11379297822713852,0.0013453473802655935,-0.15573592483997345,0.42172005772590637,-0.06812446564435959,0.14028239250183105,0.14538456499576569,0.02965395152568817,0.2859633266925812,0.07040463387966156,0.027733707800507545,0.16737684607505798,-0.0696389228105545,0.09259942919015884,0.030810263007879257,0.198859304189682,-0.2724991738796234,-0.1246686577796936,-0.35846444964408875,0.03435257077217102,0.43338048458099365,0.18814919888973236,-0.3265519142150879,-0.17134961485862732,-0.06832633912563324,-0.023764055222272873,-0.2615111768245697,-0.08030032366514206,-0.03302038833498955,-0.5008375644683838,-0.014143208041787148,0.143385112285614,-0.27434971928596497,0.2846871614456177,Others,0.33589706890620935,-0.2593609254690212,3
MoustachedBouncer,0.10162389278411865,0.03251386806368828,-0.10281330347061157,-0.590237557888031,0.23774930834770203,-0.07972083985805511,-0.34827953577041626,0.028999974951148033,-0.71958988904953,-0.04225204885005951,0.17388197779655457,0.7835949659347534,-0.10201893746852875,-0.06834134459495544,0.07664595544338226,0.2367676943540573,0.03230045735836029,0.2835148274898529,-0.30012544989585876,-0.05556236207485199,-0.132306769490242,-0.22628669440746307,0.24983663856983185,-0.21406938135623932,-0.11861108988523483,0.0033679429907351732,0.30987730622291565,-0.2714519500732422,-0.09416739642620087,0.18650765717029572,0.0002980711287818849,0.17027370631694794,0.23597651720046997,0.06241823732852936,-0.39059823751449585,-0.2935880422592163,0.3604303002357483,-0.15362173318862915,-0.28889405727386475,-0.15515147149562836,0.6250035166740417,0.11668568104505539,0.29178544878959656,-0.2641676366329193,-0.10941961407661438,0.5602623820304871,0.02547774277627468,0.1962900459766388,-0.17774608731269836,0.015327177941799164,0.0026575210504233837,0.09046071022748947,-0.1322946846485138,0.29886066913604736,0.4247952997684479,-0.37193870544433594,-1.0024877786636353,-0.04495858773589134,-0.4035983979701996,-0.0012028466444462538,0.09750258922576904,0.6114030480384827,-0.06963373720645905,0.3208949565887451,Others,0.0021532504501499726,0.24666092774913273,4
SideCopy,-0.08373145759105682,-0.331571102142334,-0.03649408370256424,0.3706834614276886,0.23742766678333282,-0.1214095801115036,-0.03197702020406723,-0.3203648626804352,0.09530669450759888,-0.372211217880249,-0.28825658559799194,-0.22137762606143951,0.09547488391399384,0.20195446908473969,-0.3301118016242981,0.22177037596702576,0.25396546721458435,0.045736558735370636,-0.16927939653396606,-0.5276582837104797,0.351448655128479,0.1663587987422943,-0.38516661524772644,-0.15379838645458221,-0.4971272945404053,0.12457761913537979,0.018107013776898384,0.1329881250858307,-0.05335165560245514,-0.2267371565103531,0.197828009724617,0.1247170940041542,-0.3230241537094116,-0.0008962581632658839,-0.10246928036212921,0.02410905249416828,0.014682774432003498,0.09106523543596268,0.044236984103918076,-0.16354185342788696,-0.11916279047727585,0.17946584522724152,0.17886629700660706,0.07078715413808823,-0.09859227389097214,-0.024447806179523468,0.05807904154062271,-0.17174163460731506,0.09190970659255981,0.15606887638568878,-0.03810073807835579,-0.48298346996307373,-0.42207857966423035,0.08195207267999649,0.11008584499359131,0.12514109909534454,-0.48563647270202637,0.03724575787782669,-0.3950856626033783,-0.3496643304824829,-0.09960613399744034,-0.12768827378749847,-0.29953667521476746,-0.012003441341221333,Others,0.5373866143408007,-0.26798260821493386,3
Inception,-0.19283440709114075,-0.5894412398338318,0.25147706270217896,0.23049809038639069,0.1591789722442627,0.007679208647459745,0.17758801579475403,-0.011343237943947315,-0.28792694211006165,-0.2043890804052353,-0.20221008360385895,0.14470870792865753,0.24231888353824615,0.323682576417923,-0.33025258779525757,-0.42831549048423767,-0.1502034068107605,-0.2555861473083496,0.0976354107260704,-0.1857200711965561,0.23919622600078583,0.04849998652935028,-0.2600436806678772,-0.12781496345996857,-0.1593783050775528,0.04078745096921921,-0.06997746229171753,0.44371214509010315,0.17655786871910095,0.25994372367858887,0.30160295963287354,-0.14118340611457825,0.079879030585289,0.22704952955245972,0.031423673033714294,-0.06869963556528091,0.09030488133430481,-0.1190623864531517,-0.060870103538036346,0.06464887410402298,0.05952532961964607,0.26774442195892334,-0.06371317058801651,0.21387635171413422,-0.20317307114601135,-0.23178377747535706,-0.21958968043327332,0.25660741329193115,-0.5594953894615173,0.2058987319469452,-0.06523283571004868,-0.21996532380580902,0.05570638179779053,-0.12427005171775818,0.25657522678375244,-0.35824254155158997,-0.51905357837677,-0.2669053375720978,0.08720740675926208,-0.10126712173223495,-0.12228943407535553,-0.05285818129777908,-0.03498133271932602,-0.1978384554386139,Others,0.3210267501805603,-0.3964156957660627,3
Contagious Interview,0.3574065864086151,0.04676324129104614,0.21660728752613068,-0.1233745813369751,0.2961447834968567,-0.5081980228424072,-0.23705755174160004,-0.035590801388025284,-0.11706290394067764,-0.26392778754234314,-0.49282389879226685,-0.056265681982040405,0.007822892628610134,0.43963155150413513,0.4606969654560089,-0.39332011342048645,-0.018026717007160187,0.28611451387405396,-0.14958083629608154,-0.1746910810470581,0.4579508602619171,0.34062477946281433,0.1874954104423523,0.24940946698188782,0.14772729575634003,0.34145888686180115,0.164589062333107,0.10340641438961029,0.1412585824728012,0.08153416961431503,-0.12175250798463821,0.21872803568840027,0.2589094042778015,-0.015058215707540512,0.07774243503808975,-0.33166807889938354,0.28393638134002686,0.04529080167412758,-0.055861588567495346,0.05582715570926666,0.05127067118883133,0.24409496784210205,0.521864116191864,0.07818601280450821,-0.1272544264793396,-0.07035986334085464,-0.1053852066397667,0.03639247268438339,0.18095186352729797,-0.21567611396312714,0.22926518321037292,0.001509490655735135,-0.2277146726846695,-0.21089786291122437,-0.03223559632897377,-0.16069108247756958,-0.5374305248260498,0.21531763672828674,0.6224210858345032,-0.037872955203056335,0.0744907557964325,0.10360085219144821,-0.14333666861057281,0.22272656857967377,Others,0.17948532021264466,0.7476043207306786,2
FIN10,0.10827712714672089,-0.4040714204311371,-0.383920818567276,0.0936543196439743,0.09367740154266357,-0.06610046327114105,0.1826791614294052,0.2846471071243286,-0.279132604598999,-0.07947404682636261,0.17384175956249237,-0.13813170790672302,-0.017862707376480103,0.0256604366004467,-0.28818279504776,-0.06754814088344574,-0.07332056760787964,-0.12241636961698532,-0.12206275016069412,0.014092065393924713,-0.009747111238539219,0.006027907133102417,-0.07095198333263397,-0.21761739253997803,-0.2648674547672272,-0.053116071969270706,-0.006163824815303087,-0.10775139182806015,0.04903974011540413,0.006486368831247091,0.11531313508749008,-0.18151316046714783,-0.11743680387735367,-0.011903909966349602,-0.27758917212486267,-0.09545121341943741,-0.16981731355190277,-0.34809067845344543,0.44451335072517395,-0.04499385133385658,0.17922936379909515,-0.11904724687337875,0.36104437708854675,-0.08288402855396271,0.3961195945739746,0.48850882053375244,0.23637981712818146,0.07891643792390823,-0.11933024227619171,-0.4200926125049591,0.07352236658334732,0.7735142111778259,0.05052109435200691,-0.18333259224891663,-0.20546768605709076,-0.37387245893478394,0.008306514471769333,0.05858216434717178,0.5651086568832397,-0.2083342969417572,-0.0023326529189944267,0.07908476144075394,0.012215829454362392,0.3860800862312317,Others,-0.4759966772113209,-0.06831682808750478,1
Poseidon Group,-0.05374269187450409,-0.09119554609060287,0.23394234478473663,0.15138308703899384,0.34548866748809814,0.08837531507015228,-0.025427432730793953,0.24924641847610474,-0.11041334271430969,-0.026252251118421555,-0.014261824078857899,-0.45802605152130127,-0.22578008472919464,0.25026968121528625,0.03613914176821709,0.13317401707172394,0.02117655798792839,-0.16455672681331635,-0.20965129137039185,0.000614538905210793,-0.10971891134977341,0.5656605958938599,-0.09777984023094177,-0.3409213125705719,-0.20640477538108826,0.006105342414230108,-0.4099059998989105,-0.17333918809890747,0.07760191708803177,-0.17871442437171936,0.27311211824417114,-0.36286288499832153,-0.023302311077713966,0.2928599417209625,0.08899358659982681,0.023280588909983635,0.2596496641635895,-0.24791522324085236,-0.2238679975271225,-0.008083496242761612,0.11657243967056274,0.04348628595471382,0.16209185123443604,-0.6278107762336731,-0.5356373190879822,0.16020812094211578,-0.17640405893325806,0.14319849014282227,-0.30201372504234314,0.2947823405265808,0.578253448009491,0.11264120787382126,-0.27373597025871277,-0.046405185014009476,0.1369243562221527,0.14502713084220886,0.26604562997817993,-0.5539703965187073,-0.11131734400987625,0.09833194315433502,0.41055670380592346,0.3935197591781616,-0.3774222135543823,0.31717076897621155,Others,-0.4575625791026204,-0.3152044800679713,4
Storm-0501,0.24083198606967926,-0.09818494319915771,0.5571212768554688,0.44861239194869995,-0.030671266838908195,0.1589803695678711,-0.20603680610656738,0.18381406366825104,-0.5405075550079346,-0.2554105222225189,-0.06468775868415833,-0.03807922825217247,-0.06196802482008934,0.15134689211845398,-0.5163893103599548,-0.09830794483423233,-0.15327894687652588,0.493488073348999,0.1583992838859558,0.02661827579140663,0.28401878476142883,0.10402883589267731,0.07637806236743927,-0.04757631942629814,0.10702899843454361,-0.10357815027236938,-0.01623586192727089,-0.15324603021144867,-0.0834093689918518,0.4948246479034424,0.10055982321500778,-0.10384885966777802,-0.13773740828037262,0.32104986906051636,-0.43150362372398376,-0.09101934731006622,0.11291777342557907,-0.33399513363838196,0.3811335265636444,-0.2120015174150467,-0.004869382828474045,0.09864016622304916,-0.04047110676765442,-0.30253738164901733,-0.43199384212493896,0.38156503438949585,0.31024351716041565,0.41176313161849976,-0.14161789417266846,-0.2902141809463501,0.1503978818655014,-0.3701818287372589,-0.7684997916221619,-0.18354308605194092,0.1453452706336975,-0.14344966411590576,0.05138222873210907,-0.015228195115923882,-0.03251061215996742,0.06293202936649323,0.2973746657371521,0.27528318762779236,-0.32390451431274414,0.1777263879776001,Others,-0.30078957353534574,0.15279187386615814,1
Ferocious Kitten,-0.12112513929605484,0.09647072106599808,-0.14845246076583862,0.36594852805137634,0.608717143535614,-0.370323121547699,-0.19567441940307617,-0.10767275840044022,0.24746568500995636,0.06784109026193619,0.17595259845256805,-0.13374285399913788,-0.3134987950325012,0.020635638386011124,-0.05326155573129654,0.3076635003089905,0.17655600607395172,0.057179078459739685,0.10310190171003342,-0.18368275463581085,0.5900778770446777,0.07316414266824722,0.06243491172790527,-0.23536181449890137,-0.44575610756874084,0.0942029282450676,0.06834232062101364,0.4138112962245941,-0.046269845217466354,-0.4581163227558136,0.06294630467891693,-0.24729929864406586,-0.2758497893810272,0.3153304159641266,0.04124241694808006,0.41965457797050476,0.15971550345420837,-0.04462578520178795,-0.1859942525625229,0.06501276046037674,0.4314230680465698,0.23258522152900696,-0.22789140045642853,0.33992624282836914,-0.1673521250486374,-0.11485063284635544,0.049934931099414825,0.25853100419044495,-0.05670948699116707,0.22013559937477112,0.4708526134490967,-0.5209223628044128,-0.1512475609779358,0.20526890456676483,-0.07218395918607712,0.2619246542453766,-0.3790832459926605,-0.017808428034186363,-0.2343636453151703,-0.14782199263572693,-0.0996394231915474,-0.305582195520401,-0.1710229367017746,0.514585018157959,Others,0.9305473909563114,-0.3284013808757596,3
Rancor,-0.004100187215954065,-0.5163484811782837,0.08048470318317413,0.11151174455881119,0.2442299723625183,-0.15432757139205933,0.28150126338005066,-0.09280192106962204,-0.2678065299987793,-0.3315168619155884,-0.10038399696350098,-0.2598583996295929,-0.04618420451879501,0.05538972467184067,-0.4260294735431671,0.2450437992811203,-0.03921245411038399,-0.16853035986423492,0.29657018184661865,-0.23164056241512299,0.262756884098053,-0.15864825248718262,0.09430574625730515,-0.2006467580795288,0.32862013578414917,-0.0528494156897068,0.5363435745239258,0.16247135400772095,-0.08504574745893478,-0.22088705003261566,-0.19717003405094147,0.04520343616604805,-0.5028068423271179,-0.04727860167622566,-0.0890282467007637,-0.2626970112323761,-0.07070845365524292,-0.395263135433197,-0.15054914355278015,-0.07282530516386032,0.014388912357389927,0.14136990904808044,0.1876998096704483,0.018496332690119743,0.21851293742656708,-0.1903960108757019,-0.10915585607290268,0.0392032153904438,-0.08948394656181335,-0.06529047340154648,0.4364806115627289,0.16989581286907196,0.07818056643009186,0.07646005600690842,-0.010487327352166176,-0.48187482357025146,-0.13292913138866425,-0.2528363764286041,-0.09124745428562164,-0.19571799039840698,-0.12615612149238586,0.13936452567577362,-0.00875772349536419,0.2215791642665863,Others,0.39714081390438805,-0.2489735374903785,3
Windigo,0.012157461605966091,0.07469160109758377,0.02726690284907818,0.2054809331893921,0.7132437229156494,-0.029230434447526932,-0.2590935528278351,0.04923028126358986,-0.010179695673286915,-0.1042594164609909,-0.15192492306232452,-0.09317375719547272,0.2222214937210083,0.2119189351797104,-0.2519565522670746,0.10541020333766937,0.05089448019862175,-0.2739195227622986,-0.07383599877357483,0.06003369763493538,0.03345862030982971,0.40725046396255493,-0.03212907537817955,0.04074333235621452,-0.7855883240699768,-0.010153518989682198,0.021309437230229378,-0.12720662355422974,0.7340030670166016,0.3011215031147003,0.19730323553085327,0.19960688054561615,0.33393600583076477,-0.10914261639118195,-0.006993058603256941,-0.29666566848754883,0.42899832129478455,0.26051509380340576,0.20673327147960663,0.04434278979897499,-0.05121266096830368,-0.06165779009461403,0.10868661850690842,-0.21830803155899048,-0.13306227326393127,-0.09206682443618774,0.20785053074359894,0.2732877731323242,-0.3515583872795105,-0.06584015488624573,-0.30312415957450867,-0.14514416456222534,-0.03945368528366089,-0.37917178869247437,0.7342606782913208,-0.25769665837287903,-0.8413689732551575,-0.007333633955568075,-0.184859961271286,0.19387896358966827,-0.3858330249786377,0.32194364070892334,0.06324543803930283,-0.18431231379508972,Others,-0.15750951667042223,-0.23167275613687618,4
RTM,0.1347263604402542,0.05867498368024826,-0.03372438997030258,0.1173100620508194,0.18360477685928345,-0.28332576155662537,0.12246505916118622,-0.11046949028968811,0.031263113021850586,-0.15828901529312134,0.29962244629859924,-0.19436398148536682,0.19872449338436127,0.19508811831474304,0.16811640560626984,0.19466732442378998,0.5709068775177002,0.4840150475502014,0.4623401165008545,0.08092720806598663,0.17634974420070648,0.327692449092865,-0.583866536617279,-0.591042160987854,-0.14636316895484924,-0.1299169957637787,-0.10582433640956879,0.09315194189548492,0.0020553048234432936,0.06786809116601944,0.022690609097480774,0.09065200388431549,-0.41633936762809753,-0.059741102159023285,0.34107333421707153,0.0368085540831089,0.16795547306537628,-0.05522249639034271,0.04730018600821495,0.0011365312384441495,0.28595611453056335,0.0463440902531147,0.007386376149952412,0.0553857795894146,-0.09939385205507278,0.09441141039133072,0.2956485152244568,0.2172444462776184,-0.19980555772781372,-0.8164334893226624,0.3039654493331909,-0.18426218628883362,-0.3594903349876404,-0.4346570074558258,0.01315662544220686,-0.039138298481702805,-0.4916979968547821,0.41655367612838745,0.09208850562572479,0.23282460868358612,-0.3252542018890381,0.039484571665525436,-0.02055249735713005,0.1306537687778473,Others,0.7020589667856603,-0.49311076879054644,3
DarkVishnya,0.02117687091231346,-0.2487185299396515,0.44832876324653625,1.1558984518051147,-0.28020066022872925,-0.15185151994228363,0.31045669317245483,-0.27454873919487,-0.3729221522808075,-0.30837714672088623,-0.3009028136730194,-0.10301460325717926,0.03960030525922775,0.11119502782821655,0.34491175413131714,0.02463323250412941,0.19119036197662354,0.13477103412151337,-0.1192881315946579,-0.10752512514591217,0.17054632306098938,0.37579524517059326,-0.10943523794412613,-0.06752104312181473,-0.31397363543510437,-0.2977704107761383,-0.030301334336400032,-0.08294295519590378,-0.06570785492658615,0.15796761214733124,-0.20468886196613312,-0.02056625857949257,0.6173781752586365,0.37771669030189514,0.11780589818954468,-0.06370098143815994,0.4175357222557068,-0.3693986237049103,-0.2297316938638687,-0.2535766363143921,0.6324611902236938,0.16082198917865753,0.013609710149466991,0.06813200563192368,-0.1261168122291565,0.19294197857379913,-0.4046100676059723,0.2596572935581207,0.07003028690814972,-0.028713874518871307,-0.24507158994674683,0.35922908782958984,-0.14258453249931335,0.15323187410831451,-0.18017487227916718,-0.24140089750289917,0.5838102698326111,0.3728427588939667,-0.2944297194480896,-0.15272243320941925,-0.25585073232650757,-0.2793933153152466,0.12235207855701447,0.6095371842384338,Others,-0.6210802152592111,-0.20296126674712783,1
SilverTerrier,0.3162928819656372,-0.31123945116996765,0.450024276971817,0.4395431876182556,-0.19027437269687653,-0.06402810662984848,-0.249057337641716,-0.09011296927928925,-0.40297508239746094,0.03312813118100166,-0.3548119068145752,-0.032861802726984024,0.12109100073575974,0.722954511642456,0.5846286416053772,0.08170989900827408,0.10512242466211319,-0.27331942319869995,0.4192357063293457,0.04605657607316971,0.6798055171966553,0.29288724064826965,-0.003300207434222102,0.1395081728696823,0.23988576233386993,-0.05382661521434784,0.6034382581710815,0.02685878612101078,-0.3781932592391968,0.4164750874042511,0.0335075743496418,0.2205820083618164,-0.2125556617975235,0.30110856890678406,0.05145786330103874,-0.0028629680164158344,-0.15305565297603607,-0.08111123740673065,0.19593586027622223,-0.3451021909713745,0.010693131946027279,0.2481461465358734,0.46196219325065613,-0.36418548226356506,-0.12497580051422119,-0.03696208447217941,0.3050110638141632,0.5006688833236694,0.3591627776622772,0.07956796884536743,0.16939173638820648,-0.12053829431533813,0.7240810990333557,-0.4550168812274933,-0.27959319949150085,-0.3021831810474396,-0.6753876805305481,-0.24141749739646912,0.45679324865341187,0.2505219876766205,-0.29929807782173157,-0.0003147137467749417,-0.04329053312540054,0.09261870384216309,Others,-0.2536422419918336,0.211731881308813,1
The White Company,0.058555323630571365,-0.24859203398227692,-0.2897287905216217,0.2994821071624756,0.09536158293485641,-0.4892314672470093,-0.325320303440094,-0.31835293769836426,-0.37798139452934265,0.1453183889389038,0.3073464035987854,0.12536482512950897,0.04282481595873833,0.21313898265361786,0.04167161136865616,-0.12310844659805298,-0.10168643295764923,-0.25539252161979675,-0.05873112380504608,-0.1425515115261078,-0.06453052163124084,-0.5016706585884094,-0.6894660592079163,-0.35197192430496216,-0.23270104825496674,0.020983511582016945,-0.14183761179447174,-0.10607872158288956,-0.03831532597541809,0.33386409282684326,0.04455931857228279,0.12022405862808228,-0.2862742841243744,0.17834655940532684,-0.5157467722892761,-0.05378333106637001,-0.36931928992271423,-0.4021381437778473,0.05979877710342407,0.21657946705818176,0.24637822806835175,0.26634716987609863,0.17200104892253876,0.218208909034729,-0.5653606057167053,0.19279745221138,0.19045014679431915,-0.07248309999704361,-0.14852675795555115,-0.07967808097600937,0.07154174149036407,-0.12815247476100922,-0.286973774433136,0.11876187473535538,0.34373292326927185,0.1388292759656906,-0.296603262424469,0.2902704179286957,0.2041376382112503,0.045668601989746094,0.10287803411483765,9.292583854403347e-05,-0.10178651660680771,0.24161987006664276,Others,0.5593393011688702,-0.6947877005175043,3
TA577,0.21912027895450592,0.04543760418891907,0.39506039023399353,-0.4060889482498169,0.2333139330148697,-0.02266370691359043,0.19750027358531952,0.3057165741920471,0.04685235023498535,0.29813188314437866,-0.00821828842163086,-0.5396867394447327,-0.02009386196732521,-0.07354676723480225,-0.047651004046201706,-0.20367978513240814,-0.09007441252470016,0.19851350784301758,0.024776635691523552,-0.43827834725379944,-0.32785937190055847,-0.19704703986644745,-0.06571545451879501,0.2840995490550995,0.3766303062438965,0.29504328966140747,0.2202998250722885,-0.2129906415939331,-0.03215859457850456,-0.22245872020721436,0.03763902187347412,-0.28031158447265625,-0.0306637492030859,0.14667953550815582,-0.0259084589779377,0.07279526442289352,0.23836533725261688,-0.47368812561035156,-0.14752505719661713,-0.1510118544101715,0.11136956512928009,0.010798361152410507,0.18194067478179932,-0.10577105730772018,0.2942103147506714,0.17576102912425995,0.06987248361110687,-0.4607740044593811,0.056257862597703934,-0.2621699869632721,0.4567328691482544,0.21732494235038757,-0.14902108907699585,0.581133246421814,-0.03290814533829689,0.11291659623384476,-0.7875403761863708,-0.0033852809574455023,0.19037562608718872,-0.35660454630851746,0.30293694138526917,0.18554925918579102,-0.03760460391640663,0.5253836512565613,Others,0.5771074043380833,0.8358462935440748,2
Threat Group-1314,0.09725208580493927,-0.2923058271408081,0.17889286577701569,-0.18062101304531097,0.5851246118545532,-0.13553641736507416,-0.18761023879051208,0.34067150950431824,-0.3864651024341583,0.4733979403972626,-0.33053550124168396,0.19457034766674042,-0.21354790031909943,0.18287236988544464,-0.23921643197536469,0.06717705726623535,0.005980633664876223,-0.1759139597415924,-0.16269859671592712,0.06540308892726898,0.32907602190971375,0.42525139451026917,-0.14506591856479645,-0.13757279515266418,0.38385826349258423,0.25093966722488403,0.27270251512527466,-0.23370864987373352,-0.07005162537097931,-0.2680686414241791,-0.03925466910004616,0.38716909289360046,0.1781037449836731,0.7181268334388733,-0.05486076697707176,0.011117332614958286,0.06519700586795807,-0.48620927333831787,0.6128915548324585,-0.35180243849754333,-0.373775452375412,-0.2001369446516037,0.16235452890396118,-0.12202504277229309,0.38759303092956543,0.03519875928759575,-0.10356932878494263,-0.2404891550540924,0.08384860306978226,0.16049115359783173,-0.002368831541389227,0.8681924343109131,-0.408101886510849,0.37091782689094543,0.3043323755264282,0.3585660457611084,-0.14563286304473877,0.012484871782362461,0.04686273634433746,-0.2597644329071045,-0.480923593044281,-0.08886125683784485,-0.2956555187702179,0.0239554550498724,Others,-0.7822398395666312,0.14101938507607106,1
Star Blizzard,0.02107686921954155,0.03257063403725624,0.2458828240633011,0.32862433791160583,0.4338911175727844,-0.3591713011264801,-0.14471669495105743,0.1274903416633606,0.3621366024017334,0.22505810856819153,-0.055813707411289215,0.11820583045482635,0.028177998960018158,0.5447598695755005,0.1748809665441513,0.10923551023006439,0.21332375705242157,0.447851300239563,0.0694238469004631,-0.34283044934272766,-0.06943733990192413,0.20147939026355743,0.13991881906986237,0.32720181345939636,0.04178103804588318,0.13359373807907104,0.38092780113220215,0.17503176629543304,0.18932591378688812,-0.2524303197860718,0.13945378363132477,-0.2446044683456421,-0.18538519740104675,-0.11949191242456436,-0.15541812777519226,0.3954771161079407,0.2793979048728943,-0.13304592669010162,-0.3674558401107788,0.12420469522476196,0.04519164562225342,0.1485491693019867,0.23159335553646088,0.028509538620710373,0.2653447091579437,0.2638288736343384,-0.03150748834013939,0.1136399507522583,0.4061165153980255,-0.5016221404075623,0.14460256695747375,0.05615801736712456,-0.38917142152786255,0.04586484283208847,-0.021225567907094955,0.12236850708723068,-0.6645257472991943,-0.20699840784072876,0.19836586713790894,-0.6955118775367737,0.2684982120990753,-0.10850393027067184,0.04697101563215256,0.26133018732070923,Russia,0.7041206017637289,0.844891708147155,2
APT18,0.016079649329185486,-0.2501758933067322,0.08714757114648819,-0.06537629663944244,0.4244256615638733,-0.12020643800497055,0.25520777702331543,0.4081248641014099,-0.37784311175346375,-0.3437432646751404,-0.07429667562246323,-0.15583539009094238,-0.16999207437038422,-0.034410081803798676,0.02884426712989807,0.31883004307746887,-0.15502503514289856,-0.2264842540025711,-0.23812545835971832,0.024425387382507324,0.17056703567504883,0.022235477343201637,-0.09394317120313644,0.005003898870199919,-0.5646147727966309,-0.14611846208572388,0.47626224160194397,0.2717222571372986,0.46659961342811584,0.3739830553531647,-0.07371645420789719,-0.07117453217506409,-0.03849783539772034,0.22578634321689606,-0.164770245552063,0.3060944676399231,-0.18473447859287262,-0.2696385979652405,0.12159854173660278,0.04869614914059639,-0.22749876976013184,0.1839139610528946,0.6140642762184143,-0.06028293818235397,0.3500438630580902,0.03899483382701874,0.06748539209365845,0.3793160021305084,0.009886232204735279,-0.02480526827275753,-0.06536522507667542,0.1202029138803482,-0.09550510346889496,-0.07830283790826797,-0.1525277942419052,-0.1032399907708168,-0.31013694405555725,0.10412049293518066,0.6018869876861572,0.15440157055854797,-0.19595538079738617,-0.012237335555255413,0.10858871042728424,0.10153213888406754,China,-0.3183943427338606,-0.27709207982931694,4
Strider,-0.752355694770813,0.10386128723621368,0.13221651315689087,0.8971723318099976,-0.0045758578926324844,0.06149007007479668,0.3690151274204254,-0.7471626400947571,-0.9280090928077698,0.03975091874599457,0.03575766831636429,-0.36999401450157166,0.24563762545585632,0.11817961931228638,0.11880076676607132,0.21388667821884155,0.34670260548591614,0.05083079636096954,0.20157383382320404,0.6786488890647888,-0.10666200518608093,-0.05736179277300835,0.14576569199562073,-0.03038153424859047,0.012026497162878513,-0.1542762964963913,-0.0006892764358781278,-0.04172612726688385,-0.22410070896148682,-0.22325044870376587,0.44312646985054016,-0.18479879200458527,0.4238697290420532,0.20770522952079773,0.23353944718837738,-0.05241778865456581,-0.040208473801612854,-0.2230408787727356,0.06809378415346146,0.008260052651166916,0.41360709071159363,-0.4558500051498413,0.9175633192062378,-0.33617547154426575,0.38355350494384766,0.22029395401477814,0.23804302513599396,0.3919164836406708,0.014917519874870777,0.6181198358535767,0.3951883018016815,-0.3585478365421295,-0.07894112169742584,0.21417534351348877,-0.024439560249447823,0.001961780246347189,-0.9404099583625793,-0.14910100400447845,0.4730357229709625,-0.3209514021873474,-0.32371339201927185,0.37868937849998474,0.10388558357954025,-0.18795503675937653,Others,-0.4739453524821421,-0.817649851599076,0
Lotus Blossom,-0.06284693628549576,0.17089232802391052,0.37888115644454956,0.7880188822746277,0.14612019062042236,0.10144685208797455,0.15186944603919983,0.012314394116401672,-0.3171882629394531,0.10551299899816513,0.3330874443054199,-0.22095638513565063,0.12334300577640533,0.25363457202911377,-0.11092279851436615,-0.07911485433578491,0.15063069760799408,-0.2468784749507904,-0.1703163981437683,0.23330600559711456,-0.35112711787223816,0.40690502524375916,0.18170467019081116,-0.19455310702323914,-0.25772717595100403,0.4396097660064697,-0.1726253628730774,0.4740859270095825,-0.14344926178455353,0.26985716819763184,0.4307355284690857,-0.15111973881721497,-0.1642431765794754,-0.09110451489686966,-0.1715102195739746,-0.09725833684206009,0.4949013888835907,-0.2821788787841797,-0.089158795773983,-0.06863957643508911,0.4690651595592499,-0.30095571279525757,0.30330100655555725,-0.37416699528694153,0.051486749202013016,0.37767744064331055,-0.35732775926589966,-0.08157967031002045,-0.04762424901127815,0.029224785044789314,-0.3212239742279053,-0.16712185740470886,-0.05411771312355995,-0.08456750214099884,-0.4151667654514313,0.07532363384962082,-0.09640971571207047,-0.2631686329841614,-0.14925642311573029,-0.13148105144500732,0.03102668933570385,0.2822059690952301,-0.1261899322271347,-0.22287219762802124,Others,-0.686571258392047,-0.12351102260998095,4
APT12,-0.18347668647766113,-0.32183656096458435,-0.14146356284618378,0.4558004140853882,0.048726968467235565,-0.8777936697006226,-0.3496069610118866,-0.32631993293762207,-0.25178784132003784,0.11478075385093689,0.02178066223859787,0.3842104375362396,0.2060522586107254,0.2683953046798706,0.08669859170913696,0.25338369607925415,0.03725311532616615,-0.34459590911865234,0.7118632197380066,-0.08618472516536713,0.1295262575149536,-0.42166951298713684,-0.3504859209060669,0.06663447618484497,-0.2751808762550354,-0.05699029937386513,0.30971476435661316,0.2579457759857178,0.007782646920531988,-0.28929415345191956,0.05997413396835327,-0.09342499822378159,0.14618854224681854,-0.21025075018405914,-0.10497894138097763,0.44183528423309326,0.17496193945407867,-0.41833585500717163,-0.08224360644817352,0.4159758687019348,0.14154957234859467,-0.37613773345947266,-0.31414324045181274,-0.19870086014270782,-0.5631623268127441,-0.007365185767412186,0.26647040247917175,-0.09010341018438339,-0.34236636757850647,-0.17458811402320862,0.14966395497322083,-0.06828644871711731,0.10343991219997406,0.09165681898593903,0.30965936183929443,-0.3312501013278961,-0.23465296626091003,0.23111918568611145,0.24568483233451843,-0.4165724813938141,0.18134459853172302,0.02177453227341175,-0.25972118973731995,0.4918115735054016,Others,0.9361725009928527,-0.35025153963741396,3
RedEcho,-0.1989986002445221,-0.3805120885372162,0.1387796550989151,0.07736986130475998,-0.18777996301651,-0.22018079459667206,-0.07036303728818893,-0.2292817384004593,0.036125343292951584,-0.1918189525604248,-0.2877081632614136,-0.39468467235565186,-0.5830209255218506,0.11516772210597992,-0.1607811450958252,-0.023346493020653725,0.01754174381494522,-0.07198970019817352,-0.021952087059617043,-0.4993076026439667,0.40885409712791443,-0.06534600257873535,0.06759066134691238,0.1947244256734848,-0.2829764485359192,-0.28182554244995117,0.1731814742088318,0.5608287453651428,-0.24280284345149994,-0.08881043642759323,-0.09168892353773117,0.04172944277524948,0.3277125954627991,-0.05413583293557167,0.3452598750591278,-0.12252548336982727,0.06412725150585175,-0.32338011264801025,-0.031031426042318344,-0.12475691735744476,0.7510988712310791,0.5572472810745239,0.4672505259513855,0.037035029381513596,-0.1134134829044342,-0.34950390458106995,-0.12319737672805786,0.43304261565208435,0.4419652819633484,-0.23344512283802032,-0.4108356833457947,0.11713120341300964,0.1192011833190918,0.1334938257932663,-0.6136540770530701,0.27151480317115784,-0.30388346314430237,-0.22664962708950043,-0.2686108648777008,-0.17923526465892792,0.11119386553764343,0.08597308397293091,0.45444822311401367,0.27624738216400146,Others,0.3489474319525647,0.24662897574696435,2
Deep Panda,-0.3753535747528076,-0.4172162115573883,0.10783997178077698,0.10832128673791885,-0.031471576541662216,0.18121691048145294,0.4037030041217804,0.08746257424354553,-0.13479727506637573,-0.3987497091293335,-0.020407600328326225,0.015166535042226315,-0.0407952144742012,0.37786003947257996,-0.18831805884838104,-0.38231632113456726,0.0836043655872345,-0.0642443597316742,-0.022263651713728905,0.33433055877685547,0.031462661921978,0.42879027128219604,-0.3238799273967743,-0.23861193656921387,0.0026978859677910805,-0.056512121111154556,0.1006147488951683,-0.16480793058872223,-0.4359942376613617,-0.22840218245983124,0.17751529812812805,-0.0018132877303287387,0.49165698885917664,0.2607244849205017,-0.4480985105037689,-0.3804727792739868,0.39302849769592285,-0.5285780429840088,0.5481932163238525,-0.038831114768981934,-0.11257956176996231,0.4215376079082489,-0.40289145708084106,-0.24053548276424408,-0.31980273127555847,0.1954754889011383,-0.2025068700313568,0.09188378602266312,-0.2085447907447815,0.045021284371614456,-0.07614768296480179,0.5447004437446594,-0.21710512042045593,-0.042082369327545166,-0.05241725593805313,0.19607867300510406,-0.017670951783657074,-0.427345871925354,0.05715720355510712,-0.30968958139419556,-0.19395093619823456,0.44180434942245483,-0.2869504392147064,-0.35683780908584595,Others,-0.746369491620309,-0.11506966508618101,1
Moafee,-0.21916623413562775,-0.013965718448162079,0.4496094286441803,-0.044750042259693146,0.39463117718696594,-0.14665432274341583,-0.10572003573179245,0.17099404335021973,-0.4074537754058838,0.06939315050840378,0.4807445704936981,0.08878514170646667,0.4152355194091797,0.5788143277168274,0.08002130687236786,-0.6541986465454102,0.0473049096763134,-0.1004047617316246,-0.39438721537590027,0.014305704273283482,-0.05307717248797417,-0.14817583560943604,-0.09815056622028351,-0.39624667167663574,-0.12951703369617462,-0.30732113122940063,0.3734755218029022,0.3561302423477173,-0.11323568969964981,-0.38745927810668945,-0.4174247086048126,-0.5058231949806213,-0.7149466276168823,0.05042475089430809,-0.22368523478507996,-0.04408563673496246,-0.30864471197128296,-0.1977376639842987,-0.2676311433315277,-0.12279744446277618,0.20925579965114594,0.5232028961181641,0.0990256518125534,-0.14194147288799286,-0.14432160556316376,0.06093788892030716,0.5892895460128784,0.7613208293914795,-0.25404804944992065,0.1327635496854782,-0.24054569005966187,0.12082503736019135,0.03391549736261368,0.12888802587985992,-0.7898992300033569,-0.21641483902931213,-0.16179798543453217,0.22785861790180206,0.4390208125114441,0.14778035879135132,-0.7224473357200623,-0.21434424817562103,-0.800183892250061,0.2494310438632965,Others,0.13609334844028073,0.1929871829648995,4
GCMAN,-0.2455568164587021,-0.24599944055080414,-0.39420318603515625,0.19149595499038696,0.4491767883300781,0.07372377067804337,0.026920152828097343,-0.19372262060642242,-0.8676524758338928,-0.30044519901275635,-0.11327158659696579,-0.4557400941848755,-0.6852443814277649,-0.7270091772079468,0.3811603784561157,-0.24290752410888672,-0.42378535866737366,0.4262743592262268,-0.2678700387477875,-0.09538090974092484,-0.08780283480882645,-0.20908105373382568,0.14612340927124023,-0.031280502676963806,-0.23492930829524994,0.15248674154281616,0.17364294826984406,0.24095219373703003,0.40410083532333374,-0.3874758780002594,0.5453765392303467,-0.8112542033195496,0.06750431656837463,0.15182016789913177,0.27891504764556885,-0.35085394978523254,0.5289000868797302,-0.2176073044538498,0.4571571946144104,0.33818966150283813,-0.1179606169462204,-0.01935333013534546,-0.7160289287567139,-0.1057206466794014,-0.39578425884246826,-0.09465444087982178,0.1655421406030655,0.23362946510314941,0.05217903479933739,0.24528920650482178,-0.18282893300056458,-0.24547411501407623,-0.1403779238462448,0.3692585527896881,-0.11304523050785065,0.4722389578819275,-0.18503065407276154,-0.02278854139149189,0.19734838604927063,-0.09562733769416809,-0.3944794237613678,-0.08568505942821503,-0.18399177491664886,0.503277063369751,Others,-0.18196530608907602,-0.07165643094127562,4
TA459,-0.11003261804580688,-0.25522756576538086,-0.050180308520793915,0.22666971385478973,-0.045267391949892044,-0.35746094584465027,-0.058986738324165344,-0.23686346411705017,-0.19886501133441925,-0.11499396711587906,0.06899240612983704,0.29515397548675537,-0.059164777398109436,0.4185923933982849,-0.0413970910012722,0.09782756865024567,0.12564797699451447,-0.07012853771448135,0.20845559239387512,-0.18519935011863708,0.2632036805152893,-0.16884317994117737,-0.4952692985534668,-0.16180425882339478,-0.04230518266558647,0.02638792060315609,-0.04126574844121933,0.1276078075170517,0.08567634224891663,-0.3068467080593109,-0.0044352165423333645,-0.20815148949623108,-0.009454048238694668,0.15800143778324127,0.10944707691669464,-0.09112292528152466,0.005776250269263983,-0.4449624717235565,-0.2218768298625946,0.1861465573310852,0.10335931181907654,0.3277074098587036,-0.11034029722213745,0.23043188452720642,-0.19733722507953644,0.0668228343129158,0.17096875607967377,0.05372103676199913,-0.3077261745929718,0.05381374433636665,0.2919374704360962,-0.023948360234498978,-0.13393260538578033,0.013748722150921822,0.045594196766614914,-0.43121662735939026,-0.31381356716156006,0.04689294099807739,-0.03709910064935684,-0.33521735668182373,0.17005829513072968,0.26477205753326416,-0.05887102335691452,0.22283463180065155,Others,0.797074222404406,-0.26746200247477064,3
APT30,-0.03108617104589939,-0.1981314867734909,-0.12486442178487778,0.2810104489326477,0.06227483972907066,-0.46069273352622986,0.1774516999721527,-0.42985209822654724,0.09021566808223724,0.06630820780992508,0.20340514183044434,0.24584615230560303,0.1488133817911148,0.2256273776292801,-0.1627843976020813,0.322106271982193,0.36386963725090027,-0.01720588654279709,0.38817310333251953,-0.11109162867069244,0.4956536293029785,-0.19397437572479248,-0.3852921426296234,-0.31767967343330383,-0.011272852309048176,-0.0682678073644638,0.09003837406635284,0.2635595500469208,0.18387573957443237,-0.10114403814077377,0.13830117881298065,-0.13390737771987915,-0.31282129883766174,0.06080374866724014,0.14083397388458252,0.10211635380983353,0.011576374992728233,-0.31191486120224,-0.17533528804779053,0.25148361921310425,0.16788950562477112,-0.1602812260389328,-0.32777658104896545,0.2491127848625183,-0.17891430854797363,0.14222058653831482,0.06989993900060654,0.03989130258560181,-0.16332456469535828,-0.1742212325334549,0.3658604323863983,-0.18479470908641815,-0.20562893152236938,-0.04858246073126793,0.17060968279838562,-0.06895626336336136,-0.4439694881439209,-0.07723047584295273,0.03284922614693642,-0.4888187348842621,0.23831337690353394,-0.1368435174226761,-0.04130556806921959,0.5141981244087219,China,1.1369723778056555,-0.5179822550266022,3
Water Galura,0.5876206159591675,-0.18449972569942474,0.32784831523895264,0.5128602981567383,0.0906008705496788,-0.04646805301308632,-0.6517096161842346,0.1598074585199356,-0.2507253885269165,-0.05027665197849274,-0.1947566121816635,-0.3121471703052521,0.14748118817806244,0.7359422445297241,0.827679455280304,-0.32441529631614685,-0.16473348438739777,0.00824062805622816,0.14989228546619415,0.05580856651067734,0.826080858707428,-0.007051798515021801,0.1254710555076599,0.21276400983333588,0.33375445008277893,-0.34264013171195984,0.33858340978622437,0.18054825067520142,-0.1587032675743103,-0.05604953318834305,0.2088785171508789,-0.05566773936152458,-0.3786909878253937,0.25526684522628784,-0.7047522664070129,-0.13940700888633728,0.30126890540122986,-0.17180243134498596,-0.006936035584658384,-0.5524970889091492,-0.07210345566272736,-0.12768156826496124,-0.04805700480937958,-0.257003515958786,-0.1862795650959015,0.02319050207734108,0.5618472695350647,0.11736967414617538,0.15800058841705322,-0.25712358951568604,-0.042487576603889465,0.19278599321842194,-0.4429928958415985,0.19268003106117249,-0.19996197521686554,-0.14272035658359528,-0.33414289355278015,-0.15634915232658386,0.057912904769182205,-0.21502254903316498,-0.07770060002803802,-0.3774760067462921,0.25199615955352783,-0.0187232568860054,Others,-0.15477612720136638,1.0254252267602468,1
FIN5,-0.15576806664466858,-0.3665514588356018,0.06787512451410294,0.8232136368751526,0.2807820439338684,0.4262324273586273,-0.013270818628370762,0.3865617513656616,-0.23353281617164612,-0.14480790495872498,0.09511033445596695,0.08858391642570496,0.10092815011739731,0.07658500224351883,0.3183412551879883,0.24779736995697021,0.25603386759757996,-0.08874588459730148,-0.2281881868839264,0.044582121074199677,-0.04428894817829132,0.230861097574234,0.13281512260437012,-0.009923839941620827,-0.5304313898086548,-0.1703079491853714,0.18732601404190063,-0.6413292288780212,0.409519225358963,0.3504538834095001,-0.2541501224040985,-0.11095202714204788,0.1420391947031021,0.07730413228273392,0.025276126340031624,-0.015306003391742706,-0.004867782350629568,-0.28551071882247925,0.16675855219364166,0.6633269786834717,0.11644116044044495,0.1927858144044876,0.09602715075016022,-0.09190349280834198,0.3494526147842407,0.4506724178791046,0.06811624765396118,0.4562526047229767,0.13976949453353882,-0.3229726254940033,-0.6083165407180786,0.3454314172267914,0.18760235607624054,0.3991209864616394,0.04735040292143822,0.0558168925344944,-0.36016955971717834,0.3575587272644043,0.06409037858247757,-0.2801332473754883,0.0619419626891613,-0.14297668635845184,-0.3092447519302368,0.04150037094950676,Others,-0.7333182948200615,0.056075973274460025,4
Scarlet Mimic,-0.11574970185756683,0.19084003567695618,-0.114478200674057,0.365531861782074,0.9183899164199829,-0.31778737902641296,0.013853070326149464,0.07624498754739761,0.49565207958221436,0.14683277904987335,0.3498120903968811,-0.07314276695251465,-0.27685266733169556,-0.18449534475803375,0.13271719217300415,0.08477848768234253,-0.021243270486593246,0.2124893218278885,0.018158646300435066,-0.3129569888114929,0.5206446647644043,0.23309433460235596,0.273502916097641,-0.3184873163700104,-0.4086373448371887,0.2971537411212921,-0.14443905651569366,0.2804716229438782,0.06373992562294006,-0.19752268493175507,0.28913822770118713,-0.5093185305595398,-0.17496883869171143,0.8732925057411194,0.054229483008384705,0.6566312909126282,0.11174269020557404,-0.6606512069702148,0.21739044785499573,-0.06411135196685791,0.4366818070411682,-0.014414610341191292,-0.2525199055671692,0.5054829716682434,-0.32712969183921814,0.020627014338970184,0.11100900918245316,0.4140886068344116,-0.14234372973442078,0.34420016407966614,0.534920334815979,-0.7663648724555969,0.21877896785736084,0.32848674058914185,0.2881549596786499,0.40586230158805847,-0.3183562755584717,0.29885831475257874,-0.10564643889665604,0.1293080449104309,-0.8588760495185852,-0.1794341504573822,-0.36025020480155945,0.5936817526817322,Others,0.541135552424153,-0.6891976007974213,3
IndigoZebra,0.38246187567710876,-0.15090824663639069,0.14409223198890686,0.1187557578086853,0.05339492857456207,-0.19105638563632965,-0.019930370151996613,-0.15524785220623016,0.08588524907827377,-0.17656853795051575,-0.08578649908304214,-0.028104795143008232,0.005334474146366119,0.07584823668003082,-0.05495254695415497,0.023166032508015633,0.20195943117141724,-0.17100483179092407,-0.08783673495054245,-0.1137833520770073,0.3378550708293915,-0.039153803139925,0.12147437036037445,-0.07887359708547592,-0.14716379344463348,0.008145002648234367,0.5845206379890442,0.31789734959602356,-0.16836413741111755,-0.29490774869918823,0.04779874533414841,-0.26951709389686584,-0.09862113744020462,-0.09899968653917313,0.09472721815109253,0.1499224603176117,0.30281323194503784,0.1817058026790619,-0.14117774367332458,0.20533329248428345,0.11165014654397964,0.38207685947418213,-0.07535454630851746,0.1937478929758072,-0.010848773643374443,-0.2825675904750824,0.04961809143424034,-0.19748273491859436,0.01706509292125702,-0.4362020492553711,0.45172038674354553,-0.019671626389026642,-0.11223582923412323,0.26125600934028625,-0.057865291833877563,0.36884164810180664,-0.5213678479194641,0.04477351903915405,-0.01926533319056034,-0.5510992407798767,0.37783536314964294,-0.1789417266845703,-0.14551997184753418,0.5255573987960815,Others,0.9329769438697331,0.5480616978900416,2
Winnti Group,0.018331268802285194,-0.16050750017166138,0.05378395691514015,0.32846367359161377,0.42673489451408386,-0.2767426073551178,0.10619446635246277,-0.02045556530356407,0.15220142900943756,-0.678878664970398,0.18245095014572144,-0.5050539970397949,-0.20420297980308533,-0.17403103411197662,0.1094384640455246,-0.22569288313388824,0.11134449392557144,-0.4883010983467102,0.04104930907487869,0.1284773051738739,-0.29714059829711914,0.5122509598731995,0.23614482581615448,-0.22627685964107513,-0.02191668003797531,-0.24691841006278992,0.711351215839386,0.29220086336135864,0.23613739013671875,0.17860542237758636,0.08494190126657486,0.09444844722747803,0.1396832913160324,0.2806128263473511,0.3097432255744934,-0.054714370518922806,-0.06190947815775871,0.45152416825294495,0.07362458854913712,-0.1017627865076065,0.22268792986869812,0.6945809125900269,0.23212634027004242,-0.2391609251499176,-0.1267668902873993,-0.0742739886045456,-0.09982718527317047,0.19909806549549103,-0.14409318566322327,0.04218730330467224,0.19348305463790894,-0.13377852737903595,-0.4329506456851959,0.27298545837402344,0.20736250281333923,0.17747387290000916,-0.27247101068496704,-0.2187025099992752,-0.11600050330162048,0.29278117418289185,0.4857017993927002,-0.2909444570541382,-0.16525030136108398,0.19208700954914093,China,0.06814474557773019,-0.23194205263527704,4
Gallmaker,-0.4355257451534271,-0.13896444439888,-0.12967495620250702,-0.007352519780397415,-0.33415988087654114,-0.4226757287979126,-0.002168076578527689,0.08026901632547379,-0.059371042996644974,-0.4947270154953003,0.14231690764427185,-0.26965439319610596,-0.2683769464492798,0.5528427362442017,0.19164146482944489,-0.04334554448723793,0.6383370161056519,-0.14322498440742493,-0.11166487634181976,-0.07930402457714081,0.29521453380584717,-0.15665312111377716,0.14516781270503998,-0.3915536105632782,0.0702144056558609,-0.2962712347507477,-0.1452702134847641,-0.1200355663895607,0.1978318691253662,-0.053779855370521545,0.0994081124663353,-0.10265655070543289,-0.13686583936214447,0.08542509377002716,0.017612645402550697,0.019836317747831345,0.14401212334632874,-0.5006253719329834,-0.4300626516342163,0.03561250865459442,0.010393774136900902,0.14681674540042877,-0.34553858637809753,-0.031224576756358147,0.14478270709514618,0.07166770845651627,0.4603986442089081,0.06898659467697144,-0.30681294202804565,-0.2334301471710205,0.08494339138269424,-0.1379212588071823,0.1413906365633011,0.23135553300380707,0.2536645829677582,-0.0782376304268837,-0.2539111375808716,-0.2417415827512741,-0.03651657700538635,-0.10044467449188232,0.3120449185371399,-0.006080422084778547,-0.5028159618377686,0.43011632561683655,Others,0.3847814991542918,-0.273680780162643,3
Thrip,0.3427198529243469,-0.34259703755378723,0.06914954632520676,0.049929775297641754,-0.2971625328063965,0.10736919194459915,-0.21804054081439972,0.43254557251930237,-0.4826645851135254,-0.490589439868927,0.014861710369586945,0.16291667520999908,0.003223715117201209,0.32274970412254333,0.35334494709968567,-0.07714413851499557,0.13082163035869598,0.557679295539856,0.12145611643791199,0.1017569974064827,0.32075878977775574,0.6059937477111816,-0.35134759545326233,-0.6286464929580688,0.3335382640361786,0.31897491216659546,-0.27954140305519104,-0.21844913065433502,0.10542260855436325,0.16800521314144135,-0.15553145110607147,0.07606610655784607,-0.055293936282396317,-0.42445334792137146,0.7853711247444153,-0.29496264457702637,0.2771226167678833,-0.25846990942955017,0.186638742685318,-0.0631164088845253,0.16562126576900482,0.23180122673511505,0.0647197812795639,-0.3737977147102356,-0.25169169902801514,0.172423854470253,-0.13107186555862427,0.2967025339603424,-0.4260476529598236,-0.3277199864387512,0.35372641682624817,0.07886999100446701,-0.47397658228874207,0.29778581857681274,-0.42673051357269287,-0.19753111898899078,-0.4577183425426483,0.31043341755867004,-0.002943234983831644,-0.02981610596179962,0.10514265298843384,0.022595833986997604,0.14581848680973053,0.4509711265563965,Others,0.014960423000145296,0.249851409915564,4
Cleaver,0.33005988597869873,0.15681889653205872,0.3199644982814789,0.24898383021354675,0.6044488549232483,-0.579818844795227,-0.6673093438148499,0.27132394909858704,0.34992122650146484,-0.23861297965049744,0.22638960182666779,-0.3221859633922577,-0.06879415363073349,0.26374486088752747,0.7680351734161377,-0.42616021633148193,-0.20590168237686157,-0.04184935986995697,-0.03167290240526199,-0.0907125473022461,0.12559059262275696,0.16774126887321472,-0.04097782447934151,0.3456413149833679,0.40835779905319214,0.15316356718540192,0.5125492215156555,0.20216308534145355,-0.20485369861125946,-0.2615109980106354,0.5935922861099243,0.24570046365261078,0.0248438511043787,0.256510466337204,-0.5245692729949951,-0.4186868667602539,0.24782794713974,-0.5352028608322144,0.013959385454654694,0.3441742956638336,0.15059681236743927,-0.6875243782997131,-0.2314862459897995,0.2682245671749115,0.22629746794700623,0.04308439418673515,0.5375016927719116,0.43367668986320496,-0.01586766727268696,-0.32811999320983887,-0.061110176146030426,0.19479389488697052,-0.10463070124387741,0.2019135057926178,-0.06223459169268608,0.2531532347202301,-0.5316582918167114,-0.6787087917327881,-0.23479819297790527,0.15262167155742645,-0.11721542477607727,-0.19222110509872437,0.46021613478660583,-0.2517426609992981,Others,0.07961606648874987,0.7400498793354723,2
APT17,0.6739319562911987,0.38199833035469055,0.4534241557121277,0.13330744206905365,-0.3723411560058594,0.2175324410200119,-0.0801457092165947,-0.19840650260448456,-0.29887112975120544,0.10325681418180466,-0.09193038940429688,0.03178207948803902,-0.190933495759964,-0.10102806240320206,0.38485315442085266,-0.7072556614875793,0.18175405263900757,-0.36984217166900635,-0.4210224747657776,-0.25746211409568787,0.5711779594421387,0.2152947634458542,-0.008587013930082321,0.03332123905420303,-0.37813952565193176,0.356927752494812,0.6309940218925476,-0.018007678911089897,0.35794004797935486,-0.2459523230791092,0.14408867061138153,-0.3110201358795166,0.7146669030189514,-0.2925134003162384,0.13323818147182465,-0.8241219520568848,0.2403455376625061,-0.16470620036125183,0.1494806557893753,0.27846434712409973,0.05819794908165932,-0.03305456042289734,0.12506581842899323,-0.08227409422397614,-0.22127999365329742,-0.5564943552017212,0.3885684013366699,-0.23144128918647766,0.16624026000499725,-0.4508371651172638,0.2769133746623993,-0.036498233675956726,-0.2074906975030899,-0.4236406683921814,-0.1935884952545166,0.44995662569999695,-0.3902397155761719,0.2001749873161316,0.2309897243976593,-0.25785765051841736,0.13388869166374207,0.33596667647361755,-0.5451825857162476,0.31046611070632935,China,0.11158152728580534,1.1591377112289936,2
Equation,-1.1216762065887451,0.02835528366267681,0.2404482662677765,0.6056144833564758,-0.22449623048305511,-0.045463111251592636,0.03025970235466957,-0.5706883668899536,-0.9777280688285828,-0.07754110544919968,-0.1649579107761383,-0.6409012675285339,0.12882600724697113,0.2212052196264267,0.16654135286808014,0.16618378460407257,0.2509346902370453,-0.1805240660905838,0.15699869394302368,0.7337054014205933,-0.027346206828951836,-0.17036758363246918,0.2971400320529938,0.039819248020648956,0.09938904643058777,-0.5985019207000732,0.5186509490013123,-0.31118106842041016,-0.20931555330753326,0.018567530438303947,0.8286365270614624,-0.10971598327159882,0.17742322385311127,0.012333221733570099,0.379812091588974,0.1130896657705307,0.21081289649009705,-0.18770752847194672,0.10354447364807129,0.11083783209323883,0.37212640047073364,-0.11784319579601288,0.9521178603172302,-0.17700056731700897,-0.002972574671730399,0.44328007102012634,-0.05443010479211807,0.18812735378742218,0.026305681094527245,0.1853015422821045,0.5871089696884155,-0.4600394070148468,0.03834572061896324,0.009280028752982616,0.3335234522819519,0.4149433374404907,-0.7166891098022461,-0.17861229181289673,0.22400198876857758,-0.16554594039916992,-0.5750629901885986,0.10497034341096878,-0.17023855447769165,-0.08989610522985458,Others,-0.4490694153464477,-0.9114389059678913,0
Whitefly,0.13281072676181793,-0.14067095518112183,-0.07623744010925293,0.1685597002506256,0.3416326642036438,-0.16195277869701385,-0.1305277794599533,-0.25654134154319763,0.025543080642819405,-0.23122988641262054,-0.14693060517311096,0.002153642475605011,-0.0018435576930642128,-0.27010872960090637,0.20169875025749207,0.5343668460845947,0.39385169744491577,-0.003369614016264677,-0.2319164127111435,0.004226486664265394,-0.023069551214575768,-0.0337216854095459,0.32732951641082764,-0.10420935600996017,-0.4581945240497589,-0.14683866500854492,0.02598297782242298,0.014296675100922585,0.021151935681700706,0.14098134636878967,-0.21625442802906036,0.3630085587501526,0.012638491578400135,0.17058677971363068,0.04331847280263901,-0.06030779704451561,0.23798884451389313,-0.5202547311782837,0.1673957109451294,0.3100068271160126,0.0595291368663311,-0.2668328881263733,-0.07135118544101715,0.2803742587566376,0.0958670824766159,0.07159142196178436,0.3884660303592682,0.5587097406387329,-0.252924382686615,-0.14087750017642975,0.19313907623291016,0.2160775512456894,-0.29671788215637207,0.18636447191238403,-0.04345474764704704,0.09048449248075485,-0.6286322474479675,-0.23417113721370697,-0.27842628955841064,-0.14389321208000183,-0.2865436375141144,-0.03960705175995827,0.015191123820841312,0.2789481580257416,Others,0.2060952346296339,-0.5067453953349373,4
Ajax Security Team,0.24322202801704407,-0.33318284153938293,-0.08618675172328949,0.14117899537086487,0.3282441794872284,-0.3657798767089844,-0.08052799850702286,-0.17570550739765167,0.21249859035015106,0.08164548128843307,0.17714577913284302,-0.07452192902565002,-0.04053685441613197,0.07824148237705231,-0.19249236583709717,0.1552935689687729,0.2649174928665161,-0.0595991276204586,0.14113660156726837,0.038147974759340286,0.16626906394958496,-0.18170198798179626,-0.011373384855687618,-0.56303471326828,0.1753503829240799,-0.6161184906959534,0.26159489154815674,0.21968871355056763,0.36027970910072327,0.05036277696490288,0.12491688132286072,0.14451582729816437,-0.13579675555229187,-0.026789670810103416,-0.15740010142326355,-0.052858736366033554,0.41966426372528076,-0.4349672198295593,0.134201318025589,-0.03501218929886818,0.0808209478855133,0.2146884799003601,-0.13591548800468445,0.0065084099769592285,-0.022470301017165184,-0.3219924569129944,-0.5763280987739563,-0.3024342656135559,-0.5026267766952515,0.050225138664245605,0.17932339012622833,-0.29352352023124695,-0.12490367889404297,0.15804056823253632,0.14854076504707336,-0.05044953525066376,-0.498004287481308,0.07771926373243332,0.4376562237739563,-0.2537899315357208,0.14887186884880066,-0.45396655797958374,0.18120719492435455,-0.004268493037670851,Others,0.7112944145324139,-0.4969929874330835,3
PittyTiger,-0.12076427042484283,-0.15957583487033844,0.15267102420330048,0.555137038230896,0.7388078570365906,-0.10385516285896301,-0.0840064138174057,0.404502272605896,-0.21349871158599854,-0.19173301756381989,0.13394847512245178,0.25366103649139404,-0.3185539245605469,-0.216493159532547,-0.14207689464092255,0.28701362013816833,-0.6087244749069214,-0.4262429177761078,0.24341382086277008,0.17823466658592224,0.06900300085544586,0.0952901765704155,0.20409931242465973,0.10716570168733597,-0.6346465945243835,-0.18169043958187103,0.35467585921287537,-0.153240367770195,0.4486149549484253,-0.3091485798358917,-0.046451061964035034,-0.2567217946052551,-0.0779733806848526,0.022617239505052567,-0.044892407953739166,0.2679068148136139,-0.06212937831878662,-0.5073400735855103,0.07238863408565521,-0.12539279460906982,0.15991368889808655,0.02196488529443741,0.23576238751411438,-0.1945655792951584,0.3254190683364868,0.5241862535476685,0.2618139982223511,-0.050411153584718704,0.014232740737497807,-0.5400177836418152,-0.29789480566978455,0.3800523281097412,0.12204569578170776,0.36650270223617554,-0.3627004325389862,-0.21751543879508972,-0.1968996226787567,0.2921912968158722,0.7096283435821533,-0.4709967076778412,0.2034255713224411,-0.211321160197258,-0.2193966507911682,0.21082401275634766,Others,-0.42105885788188224,0.45638332684728966,4
Putter Panda,0.31979867815971375,-0.02076885849237442,-0.09665442258119583,0.0026026247069239616,0.5032897591590881,-0.06765738874673843,0.15896488726139069,-0.3530499339103699,-0.5971196293830872,0.3077518045902252,-0.11831491440534592,-0.5279789566993713,0.45042502880096436,0.005505891516804695,0.14226719737052917,-0.15862630307674408,0.4671224355697632,-0.07189282029867172,-0.2314077913761139,-0.27442365884780884,0.6124892234802246,-0.4825468063354492,0.22964264452457428,-0.17419427633285522,-0.021882183849811554,-0.03106108494102955,-0.1590736359357834,0.5585682988166809,-0.06836338341236115,0.4408462941646576,0.3990272283554077,0.32342636585235596,0.3710263669490814,0.3058862090110779,0.09700704365968704,-0.06301265954971313,-0.14817532896995544,-0.2661532163619995,-0.20200395584106445,0.21828347444534302,-0.4980227053165436,0.19433778524398804,0.20728695392608643,0.1343848705291748,0.20344790816307068,0.2565765976905823,0.3011058270931244,0.272109717130661,0.0696297138929367,-0.4074368178844452,-0.2156418412923813,0.07114066928625107,-0.3365631699562073,-0.17674392461776733,-0.2108953595161438,-0.17217165231704712,-0.20069505274295807,-0.010689500719308853,0.5199008584022522,0.2667378783226013,-0.10793649405241013,-0.2229629009962082,-0.12663723528385162,0.29817554354667664,Others,0.03562637399768193,-0.2727794300884278,2
APT16,0.31474819779396057,-0.2887449562549591,0.7429764866828918,0.4801131784915924,0.32398587465286255,0.22076112031936646,-0.14253215491771698,0.14143593609333038,-0.2692103981971741,0.03779466450214386,0.27096858620643616,-0.21169643104076385,-0.184313103556633,0.3309761881828308,0.015309859998524189,-0.4004760980606079,0.3441033363342285,0.22195672988891602,-0.5884402990341187,0.4477126896381378,0.31776750087738037,-0.07337769865989685,-0.40144166350364685,0.24013057351112366,-0.26641160249710083,-0.36462169885635376,-0.18347150087356567,-0.06283498555421829,0.6422606110572815,-0.5733399987220764,0.4207187592983246,0.48091813921928406,0.19238610565662384,-0.3866434097290039,-0.060119979083538055,0.28052428364753723,-0.0941513329744339,0.1234145238995552,-0.15780282020568848,-0.3487524390220642,-0.12414493411779404,-0.07781201601028442,-0.12799440324306488,-0.01969197392463684,-0.1783508062362671,0.0918789729475975,-0.14645422995090485,-0.019687462598085403,0.07790476083755493,-0.6146048307418823,0.2564045786857605,-0.011028643697500229,0.10750111192464828,0.7053895592689514,-0.284688800573349,0.16185390949249268,-0.5605188012123108,-0.20369231700897217,-0.3416823744773865,0.4616735577583313,-0.23038966953754425,0.6576671004295349,-0.4297100603580475,0.1298362910747528,Others,-0.04834708690370075,0.7473697596787158,2
